│
▲  No story files found for the specified pattern:
│  stories/**/*.story.@(js|jsx|mjs|ts|tsx)
│
▲  No story files found for the specified pattern: src/**/*.mdx
│
▲  No story files found for the specified pattern:
│  src/**/*.story.@(js|jsx|mjs|ts|tsx)
│
▲  No story files found for the specified pattern:
│  src/**/*.stories.@(js|jsx|mjs|ts|tsx)
│ ┌────────────────────────────────────────────────────────────────────────────┐
│ │  Info: Found a setup file with "setProjectAnnotations".                    │
│ │  Skipping automatic provisioning of preview annotations to avoid           │
│ │  conflicts. Since Storybook 10.3, "@storybook/addon-vitest" applies these  │
│ │   automatically.                                                           │
│ │  You can safely remove the "setProjectAnnotations" call from your setup    │
│ │  file, or remove the file entirely if you don't have custom code there.    │
│ └────────────────────────────────────────────────────────────────────────────┘

 RUN  v3.2.6 /Users/Vincent/Workspace/albatrion/packages/canard/schema-form

stdout | src/core/__tests__/AbstractNode.derivedValue.circularReference.test.ts > AbstractNode - 순환 참조 derived 테스트 > 순환 참조 수렴 테스트 > 수렴하는 순환 참조 (A = B * 0.5, B = A + 10)에서 업데이트 횟수가 제한적이어야 함
총 업데이트 횟수: 54 (A: 27, B: 27)

stdout | src/core/__tests__/AbstractNode.derivedValue.circularReference.test.ts > AbstractNode - 순환 참조 derived 테스트 > 순환 참조 수렴 테스트 > 3노드 수렴하는 순환 참조 (A → B → C → A)에서 안정화되어야 함
3노드 순환 총 업데이트 횟수: 45

stdout | src/core/__tests__/AbstractNode.derivedValue.circularReference.test.ts > AbstractNode - 순환 참조 derived 테스트 > 동시 다발적 derived 업데이트 이벤트 순서 > 단일 소스 변경 시 여러 derived의 이벤트 순서가 일관되어야 함
UpdateValue 이벤트 수: 3
UpdateComputedProperties 이벤트 수: 3

stdout | src/core/__tests__/AbstractNode.derivedValue.circularReference.test.ts > AbstractNode - 순환 참조 derived 테스트 > 동시 다발적 derived 업데이트 이벤트 순서 > 체이닝된 derived (A → B → C)에서 이벤트 순서가 의존성 순서를 따라야 함
업데이트 순서: [ 'step1', 'step2', 'step3' ]

stdout | src/core/__tests__/AbstractNode.derivedValue.circularReference.test.ts > AbstractNode - 순환 참조 derived 테스트 > 동시 다발적 derived 업데이트 이벤트 순서 > 병렬 derived + 체이닝된 derived가 혼합된 경우 올바르게 동작해야 함
이벤트 카운트: { parallel1: 1, parallel2: 1, combined: 1 }

stdout | src/core/__tests__/AbstractNode.derivedValue.circularReference.test.ts > AbstractNode - 순환 참조 derived 테스트 > 동시 다발적 derived 업데이트 이벤트 순서 > 마이크로태스크 기준으로 이벤트 발생 시점을 추적해야 함
이벤트 로그: [
  { node: 'dependent1', type: 4, microtask: 1 },
  { node: 'dependent1', type: 256, microtask: 1 },
  { node: 'dependent2', type: 4, microtask: 1 },
  { node: 'dependent2', type: 256, microtask: 1 },
  { node: 'dependent1', type: 8192, microtask: 2 },
  { node: 'dependent2', type: 8192, microtask: 2 }
]
✅ UpdateComputedProperties가 첫 번째 마이크로태스크에서 발생

stdout | src/core/__tests__/AbstractNode.derivedValue.circularReference.test.ts > AbstractNode - 순환 참조 derived 테스트 > 동시 다발적 derived 업데이트 이벤트 순서 > 동시에 여러 소스가 변경될 때 이벤트가 올바르게 병합되어야 함
combined 업데이트 횟수: 1

 ✓ |unit| src/core/__tests__/ObjectNode.branch.nullable.interface.test.ts (23 tests) 651ms
 ✓ |unit| src/core/__tests__/AbstractNode.pristine.test.ts (17 tests) 698ms
 ✓ |unit| src/core/__tests__/ObjectNode.branch.nullable.automaticWrite.test.ts (21 tests) 696ms
stdout | src/core/__tests__/AbstractNode.derivedValue.circularReference.test.ts > AbstractNode - 순환 참조 derived 테스트 > 무한 루프 보호 메커니즘 검증 > 수렴하는 순환 참조가 안정화 후 더 이상 업데이트되지 않아야 함
안정화 후 업데이트 횟수: 0

 ✓ |unit| src/core/__tests__/ArrayNode.nullable.consistency.test.ts (28 tests) 786ms
stdout | src/core/__tests__/AbstractNode.derivedValue.circularReference.test.ts > AbstractNode - 순환 참조 derived 테스트 > rootNode.setValue() + oneOf/if-then-else + derived 수렴 테스트 > if-then-else + derived: rootNode.setValue()로 여러 필드 동시 주입 시 값이 수렴해야 함
if-then-else + derived: totalPrice 업데이트 횟수: 2

stdout | src/core/__tests__/AbstractNode.derivedValue.circularReference.test.ts > AbstractNode - 순환 참조 derived 테스트 > rootNode.setValue() + oneOf/if-then-else + derived 수렴 테스트 > oneOf + derived: rootNode.setValue()로 조건부 필드와 derived 동시 주입 시 수렴해야 함
oneOf + derived: discountedPrice 업데이트 횟수: 3

stdout | src/core/__tests__/AbstractNode.derivedValue.circularReference.test.ts > AbstractNode - 순환 참조 derived 테스트 > rootNode.setValue() + oneOf/if-then-else + derived 수렴 테스트 > 복합 시나리오: if-then-else + 여러 derived 필드 동시 업데이트
복합 시나리오 업데이트 횟수: { taxAmount: 2, totalAmount: 2, displayLabel: 2 }

 ✓ |unit| src/core/__tests__/ObjectNode.branch.nullable.blankState.test.ts (17 tests) 940ms
stdout | src/core/__tests__/AbstractNode.derivedValue.circularReference.test.ts > AbstractNode - 순환 참조 derived 테스트 > rootNode.setValue() + oneOf/if-then-else + derived 수렴 테스트 > 체이닝된 derived + 조건부 스키마: 연쇄 계산이 올바르게 수렴
체이닝된 derived step3 업데이트 횟수: 3

stdout | src/core/__tests__/AbstractNode.derivedValue.circularReference.test.ts > AbstractNode - 순환 참조 derived 테스트 > 발산하는 순환 참조 무한 루프 감지 > 발산하는 순환 참조 (A = B + 1, B = A + 1)에서 JSONSchemaError가 발생해야 함
발산 순환 참조 감지: /a

stderr | src/core/__tests__/ObjectNode.branch.nullable.composition.test.ts > ObjectNode branch nullable — null survives oneOf/anyOf recomposition > oneOf를 가진 nullable 객체의 초기 null이 분기 확정 후에도 보존되어야 함


 ⚠️ [@canard/schema-form] SCHEMA_FORM_WARNING.NULLABLE_ONE_OF_NULL_UNREACHABLE ⚠️ 

  This object is nullable, but no validator accepts null under its 'oneOf':
  2 branches accept null, so null matches more than one.
  
    ╭──────────────────────────────────────────────────
    │  Path:                    /target
    │  Branches accepting null: 2 (exactly 1 is required)
    ╰──────────────────────────────────────────────────
  
  A branch that declares no 'type' accepts null, because 'properties' and
  'required' only apply to objects. The form keeps a null value as it is, so
  validation of that value fails.
  
  How to fix:
    1. Add one null branch and declare the type of the object branches:
         oneOf: [
           { type: 'null' },
           { type: 'object', properties: { ... } },
         ]
    2. Or use 'anyOf', which a null branch alone satisfies
 { path: '/target', admitting: 2 }

stdout | src/core/__tests__/AbstractNode.derivedValue.circularReference.test.ts > AbstractNode - 순환 참조 derived 테스트 > 발산하는 순환 참조 무한 루프 감지 > 3노드 발산하는 순환 참조 (A → B → C → A, 모두 +1)에서 에러가 발생해야 함
3노드 발산 순환 참조 감지: /a

 ✓ |unit| src/core/__tests__/AbstractNode.injectTo.test.ts (52 tests) 1280ms
 ✓ |unit| src/core/__tests__/AbstractNode.derivedValue.circularReference.test.ts (21 tests) 1409ms
stderr | src/core/__tests__/ObjectNode.branch.nullable.promotion.test.ts > ObjectNode branch nullable — a promoted null equals a fresh object with the same write > oneOf 분기 자식의 default도 활성 분기 것만 포함되어야 함


 ⚠️ [@canard/schema-form] SCHEMA_FORM_WARNING.NULLABLE_ONE_OF_NULL_UNREACHABLE ⚠️ 

  This object is nullable, but no validator accepts null under its 'oneOf':
  2 branches accept null, so null matches more than one.
  
    ╭──────────────────────────────────────────────────
    │  Path:                    /target
    │  Branches accepting null: 2 (exactly 1 is required)
    ╰──────────────────────────────────────────────────
  
  A branch that declares no 'type' accepts null, because 'properties' and
  'required' only apply to objects. The form keeps a null value as it is, so
  validation of that value fails.
  
  How to fix:
    1. Add one null branch and declare the type of the object branches:
         oneOf: [
           { type: 'null' },
           { type: 'object', properties: { ... } },
         ]
    2. Or use 'anyOf', which a null branch alone satisfies
 { path: '/target', admitting: 2 }

 ✓ |unit| src/core/__tests__/AbstractNode.globalState.test.ts (23 tests) 350ms
 ✓ |unit| src/core/__tests__/ObjectNode.branch.nullable.composition.test.ts (12 tests) 373ms
 ✓ |unit| src/core/__tests__/ObjectNode.branch.nullable.promotion.test.ts (4 tests) 321ms
 ✓ |unit| src/core/__tests__/ObjectNode.branch.pendingRead.test.ts (15 tests) 464ms
 ✓ |unit| src/core/__tests__/AbstractNode.derivedValue.test.ts (47 tests) 1615ms
 ✓ |unit| src/core/__tests__/ArrayNode.nullable.blankReset.test.ts (7 tests) 307ms
 ✓ |unit| src/core/__tests__/AbstractNode.subtreeState.test.ts (20 tests) 311ms
stderr | src/core/__tests__/ObjectNode.branch.defaultAfterNull.test.ts > ObjectNode branch — the initial value after the object was null > [default-after-null] keeps the restores blank while nothing was reset


 ⚠️ [@canard/schema-form] SCHEMA_FORM_WARNING.NULLABLE_ONE_OF_NULL_UNREACHABLE ⚠️ 

  This object is nullable, but no validator accepts null under its 'oneOf':
  2 branches accept null, so null matches more than one.
  
    ╭──────────────────────────────────────────────────
    │  Path:                    /target
    │  Branches accepting null: 2 (exactly 1 is required)
    ╰──────────────────────────────────────────────────
  
  A branch that declares no 'type' accepts null, because 'properties' and
  'required' only apply to objects. The form keeps a null value as it is, so
  validation of that value fails.
  
  How to fix:
    1. Add one null branch and declare the type of the object branches:
         oneOf: [
           { type: 'null' },
           { type: 'object', properties: { ... } },
         ]
    2. Or use 'anyOf', which a null branch alone satisfies
 { path: '/target', admitting: 2 }

 ✓ |unit| src/core/__tests__/NullNode.test.ts (6 tests) 138ms
 ✓ |unit| src/core/__tests__/AbstractNode.errorDistribution.oneOf.test.ts (10 tests) 305ms
 ✓ |unit| src/core/__tests__/ObjectNode.branch.nullable.computed.test.ts (5 tests) 138ms
 ✓ |unit| src/core/__tests__/AbstractNode.test.ts (14 tests) 253ms
 ✓ |unit| src/core/__tests__/ArrayNode.setValueUndefined.test.ts (6 tests) 205ms
 ✓ |unit| src/core/__tests__/ObjectNode.branch.defaultAfterNull.test.ts (2 tests) 237ms
 ✓ |unit| src/core/__tests__/ObjectNode.branch.pendingReadCache.test.ts (7 tests) 301ms
stderr | src/core/__tests__/ArrayNode.prefixItems.test.ts > ArrayNode prefixItems > Validation > should validate array level constraints with prefixItems
strict mode: "prefixItems" is 3-tuple, but minItems or maxItems/items are not specified or different at path "#/properties/tuple"

stderr | src/core/__tests__/ArrayNode.prefixItems.test.ts > ArrayNode prefixItems > Validation > should validate open tuple with items schema
strict mode: "prefixItems" is 2-tuple, but minItems or maxItems/items are not specified or different at path "#/properties/openTuple"

 ✓ |unit| src/core/__tests__/ArrayNode.prefixItems.test.ts (30 tests) 221ms
 ✓ |unit| src/core/__tests__/StringNode.test.ts (7 tests) 58ms
 ✓ |unit| src/core/__tests__/ConditionalSchema.deepNestedOneOf.test.ts (17 tests) 91ms
 ✓ |unit| src/core/__tests__/BooleanNode.nullable.test.ts (10 tests) 78ms
stdout | src/core/__tests__/AbstractNode.enhancedValidation.test.ts > AbstractNode Enhanced Validation > individual node validation errors > should handle complex nested validation errors with virtual fields
Array child nodes not created yet - this is acceptable

 ✓ |unit| src/core/__tests__/RefreshAndDefaultValue.test.ts (44 tests) 134ms
 ✓ |unit| src/core/__tests__/ContextNode.test.ts (53 tests) 149ms
 ✓ |unit| src/core/__tests__/ObjectNode.test.ts (22 tests) 112ms
 ✓ |unit| src/core/__tests__/ArrayNode.test.ts (18 tests) 113ms
stdout | src/core/__tests__/AbstractNode.enhancedValidation.test.ts > AbstractNode Enhanced Validation > individual node validation errors > should validate enhancedValue vs actual value differences in error reporting
Enhanced value: undefined
Current value: { userType: 'student', studentId: 'INVALID123', gpa: -0.5 }

 ✓ |unit| src/core/__tests__/ArrayNode.branch.nullable.test.ts (11 tests) 83ms
 ✓ |unit| src/core/__tests__/NumberNode.nullable.test.ts (9 tests) 71ms
 ✓ |unit| src/core/__tests__/ArrayNode.maxItems.unlimited.test.ts (25 tests) 79ms
 ✓ |unit| src/core/__tests__/ArrayNode.branch.test.ts (7 tests) 36ms
 ✓ |unit| src/core/__tests__/ConditionalSchema.checkDefinedValue.test.ts (31 tests) 90ms
 ✓ |unit| src/core/__tests__/ObjectNode.anyOf.test.ts (11 tests) 98ms
 ✓ |unit| src/core/__tests__/BranchStrategy.composition.setValue.test.ts (28 tests) 95ms
 ✓ |unit| src/core/__tests__/ObjectNode.terminal.nullable.test.ts (17 tests) 104ms
stdout | src/core/__tests__/AbstractNode.enhancedValidation.test.ts > AbstractNode Enhanced Validation > conditional field validation with &if and computed.if > should validate individual nodes in &if conditional expressions
Conditional fields not found - may not be created yet

 ✓ |unit| src/core/__tests__/ObjectNode.terminal.test.ts (13 tests) 82ms
 ✓ |unit| src/core/__tests__/ArrayNode.clear.test.ts (2 tests) 77ms
 ✓ |unit| src/core/__tests__/AllOfSchema.test.ts (11 tests) 82ms
 ✓ |unit| src/core/__tests__/ArrayNode.terminal.test.ts (13 tests) 89ms
 ✓ |unit| src/core/__tests__/AbstractNode.findAll.test.ts (40 tests) 83ms
 ✓ |unit| src/core/__tests__/ArrayNode.terminal.nullable.test.ts (11 tests) 72ms
 ✓ |unit| src/core/__tests__/ObjectNode.oneOf.test.ts (10 tests) 71ms
 ✓ |unit| src/core/__tests__/NumberNode.test.ts (6 tests) 56ms
stdout | src/core/__tests__/AbstractNode.enhancedValidation.test.ts > AbstractNode Enhanced Validation > conditional field validation with &if and computed.if > should validate conditional field switches between userTypes
Student ID node not found - conditional field may not be created yet

 ✓ |unit| src/core/nodes/AbstractNode/utils/__tests__/afterMicrotask.test.ts (6 tests) 66ms
 ✓ |unit| src/core/__tests__/StringNode.nullable.test.ts (9 tests) 67ms
 ✓ |unit| src/core/__tests__/ObjectNode.composition.propertylessBranch.test.ts (3 tests) 53ms
 ✓ |unit| src/core/__tests__/ArrayNode.defaultValue.test.ts (34 tests) 56ms
 ✓ |unit| src/core/__tests__/ObjectNode.propagate.batch.test.ts (11 tests) 62ms
 ✓ |unit| src/core/__tests__/ConditionalSchema.complexNestedOneOf.test.ts (15 tests) 70ms
 ✓ |unit| src/core/__tests__/ConditionalSchema.setValue.test.ts (11 tests) 78ms
 ✓ |unit| src/core/__tests__/ObjectNode.branch.nullable.test.ts (9 tests) 61ms
stdout | src/core/__tests__/AbstractNode.enhancedValidation.test.ts > AbstractNode Enhanced Validation > conditional field validation with &if and computed.if > should validate computed.if expressions with complex conditions
Premium features node not found - conditional field may not be created yet

 ✓ |unit| src/core/__tests__/AbstractNode.enhancedValidation.test.ts (17 tests) 5590ms
   ✓ AbstractNode Enhanced Validation > enhancedValue validation with oneOf schemas > should validate oneOf schema with conditional fields using enhancedValue  593ms
   ✓ AbstractNode Enhanced Validation > enhancedValue validation with oneOf schemas > should use enhancedValue to include virtual fields in validation  527ms
   ✓ AbstractNode Enhanced Validation > enhancedValue validation with oneOf schemas > should handle mixed const/enum and computed.if expressions in oneOf  373ms
   ✓ AbstractNode Enhanced Validation > individual node validation errors > should capture specific validation errors on child nodes  417ms
   ✓ AbstractNode Enhanced Validation > individual node validation errors > should validate enhancedValue vs actual value differences in error reporting  317ms
   ✓ AbstractNode Enhanced Validation > conditional field validation with &if and computed.if > should validate individual nodes in &if conditional expressions  669ms
   ✓ AbstractNode Enhanced Validation > conditional field validation with &if and computed.if > should validate conditional field switches between userTypes  672ms
   ✓ AbstractNode Enhanced Validation > conditional field validation with &if and computed.if > should validate computed.if expressions with complex conditions  721ms
 ✓ |unit| src/core/__tests__/ObjectNode.branch.nullable.initialNull.test.ts (7 tests) 22ms
 ✓ |unit| src/core/__tests__/ArrayNode.omitTrailing.test.ts (14 tests) 57ms
 ✓ |unit| src/core/__tests__/BranchStrategy.composition.merge.test.ts (8 tests) 40ms
stdout | src/core/__tests__/ObjectNode.propagate.batch.detailed.test.ts > ObjectNode Propagate Batch Detailed Analysis > exact call count analysis > should report exact emitChange call count for parent setValue

=== Parent setValue Call Analysis ===
Total events: 1
UpdateValue: 1
RequestEmitChange: 0
UpdateComputedProperties: 1

stdout | src/core/__tests__/ObjectNode.propagate.batch.detailed.test.ts > ObjectNode Propagate Batch Detailed Analysis > exact call count analysis > should report exact call count for child setValue

=== Child setValue Call Analysis ===
Parent total events: 2
Child total events: 2

stdout | src/core/__tests__/ObjectNode.propagate.batch.detailed.test.ts > ObjectNode Propagate Batch Detailed Analysis > exact call count analysis > should compare parent vs child setValue call patterns

=== Parent vs Child Call Comparison ===
Parent setValue: 1 events
Child setValue: 2 events
Difference: 1 events

stdout | src/core/__tests__/ObjectNode.propagate.batch.detailed.test.ts > ObjectNode Propagate Batch Detailed Analysis > handleChange callback frequency > should count handleChange callback invocations

=== onChange Callback Analysis ===
onChange called: 1 times

stdout | src/core/__tests__/ObjectNode.propagate.batch.detailed.test.ts > ObjectNode Propagate Batch Detailed Analysis > handleChange callback frequency > should analyze handleChange frequency with multiple child changes

=== Multiple Child Changes Analysis ===
onChange called: 1 times
Expected: Batched into fewer calls

 ✓ |unit| src/core/__tests__/ArrayNode.childToParent.test.ts (12 tests) 60ms
stdout | src/core/__tests__/ObjectNode.propagate.batch.detailed.test.ts > ObjectNode Propagate Batch Detailed Analysis > timing analysis > should measure propagation timing

=== Timing Analysis (10 iterations) ===
Average: 2.31ms
Max: 6.22ms
All timings: 1.38, 1.33, 1.37, 1.59, 6.22, 1.46, 3.78, 3.03, 1.88, 1.06ms

stdout | src/core/__tests__/ObjectNode.propagate.batch.detailed.test.ts > ObjectNode Propagate Batch Detailed Analysis > stress test scenarios > should handle rapid successive setValue calls

=== Rapid setValue Stress Test ===
Iterations: 50
Total events: 1
Events per iteration: 0.02

stdout | src/core/__tests__/ObjectNode.propagate.batch.detailed.test.ts > ObjectNode Propagate Batch Detailed Analysis > stress test scenarios > should handle rapid child setValue calls

=== Rapid Child setValue Stress Test ===
Iterations: 50
Parent total events: 2
Events per iteration: 0.04

stdout | src/core/__tests__/ObjectNode.propagate.batch.detailed.test.ts > ObjectNode Propagate Batch Detailed Analysis > batched flag behavior > should verify __batched__ flag prevents duplicate RequestEmitChange

=== __batched__ Flag Behavior ===
RequestEmitChange events: 1
Expected: Should be limited by __batched__ flag

 ✓ |unit| src/core/__tests__/ObjectNode.propagate.batch.detailed.test.ts (9 tests) 79ms
 ✓ |unit| src/core/__tests__/ValidationManager.compileFailure.test.ts (4 tests) 59ms
stdout | src/core/__tests__/ConditionalSchema.eventStability.test.ts > Conditional Schema Event Stability > if-then-else with computed properties > should fire UpdateComputedProperties in first microtask when child changes
✅ Computed properties updated in first microtask

stdout | src/core/__tests__/ConditionalSchema.eventStability.test.ts > Conditional Schema Event Stability > if-then-else with computed properties > should not cause event loops when conditions change rapidly
✅ No event loops detected

stdout | src/core/__tests__/ConditionalSchema.eventStability.test.ts > Conditional Schema Event Stability > oneOf schema event consistency > should maintain event order when oneOf condition changes
✅ Event order maintained

stdout | src/core/__tests__/ConditionalSchema.eventStability.test.ts > Conditional Schema Event Stability > oneOf schema event consistency > should batch events correctly across oneOf branches
✅ Events batched correctly across oneOf branches

 ✓ |unit| src/core/__tests__/AbstractNode.pathStructure.test.ts (25 tests) 60ms
stdout | src/core/__tests__/ConditionalSchema.eventStability.test.ts > Conditional Schema Event Stability > anyOf schema event consistency > should handle multiple conditions being true simultaneously
✅ anyOf handles multiple active conditions correctly

stdout | src/core/__tests__/ConditionalSchema.eventStability.test.ts > Conditional Schema Event Stability > allOf with if-then-else mixed > should maintain stability with complex schema composition
✅ Complex schema composition remains stable

stdout | src/core/__tests__/ConditionalSchema.eventStability.test.ts > Conditional Schema Event Stability > nested conditional schemas > should propagate events correctly through nested conditions
✅ Nested conditional events propagate correctly

stdout | src/core/__tests__/ConditionalSchema.eventStability.test.ts > Conditional Schema Event Stability > performance and stability guarantees > should complete all updates within reasonable time
✅ Updates completed in 2.64ms (< 50ms)

stdout | src/core/__tests__/ConditionalSchema.eventStability.test.ts > Conditional Schema Event Stability > performance and stability guarantees > should not leak memory through event listeners
✅ No memory leaks detected

 ✓ |unit| src/core/__tests__/ConditionalSchema.eventStability.test.ts (9 tests) 72ms
 ✓ |unit| src/core/__tests__/AbstractNode.subscribe.test.ts (10 tests) 53ms
 ✓ |unit| src/core/__tests__/ObjectNode.childToParent.test.ts (9 tests) 37ms
 ✓ |unit| src/core/__tests__/AbstractNode.find.test.ts (7 tests) 32ms
 ✓ |unit| src/core/__tests__/ObjectNode.composition.nullBranch.test.ts (5 tests) 33ms
 ✓ |unit| src/core/__tests__/VirtualNode.test.ts (10 tests) 24ms
 ✓ |unit| src/core/__tests__/AbstractNode.jsonPointerEscape.test.ts (16 tests) 32ms
 ✓ |unit| src/core/__tests__/ArrayNode.itemShift-updatePath.test.ts (8 tests) 32ms
 ✓ |unit| src/core/__tests__/BranchStrategy.anyOf.initialDefault.test.ts (5 tests) 33ms
 ✓ |unit| src/core/__tests__/AbstractNode.setName-updatePath.test.ts (14 tests) 24ms
 ✓ |unit| src/core/__tests__/BooleanNode.test.ts (6 tests) 24ms
 ✓ |unit| src/core/__tests__/ArrayNode.schemaValidation.test.ts (28 tests) 23ms
 ✓ |unit| src/core/__tests__/BranchStrategy.composition.defaultValue.test.ts (8 tests) 20ms
 ✓ |unit| src/core/__tests__/ObjectNode.allOf.test.ts (9 tests) 21ms
 ✓ |unit| src/helpers/error/__tests__/transformErrors.test.ts (15 tests) 23ms
 ✓ |unit| src/core/__tests__/SchemaNodeFactory.nullable.test.ts (29 tests) 11ms
 ✓ |unit| src/core/__tests__/BranchStrategy.oneOf.initialDefault.test.ts (4 tests) 18ms
stderr | src/core/__tests__/ObjectNode.composition.typeCompatibility.test.ts > ObjectNode composition — oneOf 분기의 type 호환 > 좁히기 이전부터 만들어지던 조합은 계속 만들어져야 함: ['object','null'] × (type 생략)


 ⚠️ [@canard/schema-form] SCHEMA_FORM_WARNING.NULLABLE_ONE_OF_NULL_UNREACHABLE ⚠️ 

  This object is nullable, but no validator accepts null under its 'oneOf':
  2 branches accept null, so null matches more than one.
  
    ╭──────────────────────────────────────────────────
    │  Path:                    /target
    │  Branches accepting null: 2 (exactly 1 is required)
    ╰──────────────────────────────────────────────────
  
  A branch that declares no 'type' accepts null, because 'properties' and
  'required' only apply to objects. The form keeps a null value as it is, so
  validation of that value fails.
  
  How to fix:
    1. Add one null branch and declare the type of the object branches:
         oneOf: [
           { type: 'null' },
           { type: 'object', properties: { ... } },
         ]
    2. Or use 'anyOf', which a null branch alone satisfies
 { path: '/target', admitting: 2 }

stderr | src/core/__tests__/ObjectNode.composition.typeNarrowing.test.ts > ObjectNode composition — oneOf 분기의 type 좁히기 > nullable 부모의 type을 좁힌 분기는 만들어져야 함: ['object','null'] × 'null'


 ⚠️ [@canard/schema-form] SCHEMA_FORM_WARNING.NULLABLE_ONE_OF_NULL_UNREACHABLE ⚠️ 

  This object is nullable, but no validator accepts null under its 'oneOf':
  2 branches accept null, so null matches more than one.
  
    ╭──────────────────────────────────────────────────
    │  Path:                    /target
    │  Branches accepting null: 2 (exactly 1 is required)
    ╰──────────────────────────────────────────────────
  
  A branch that declares no 'type' accepts null, because 'properties' and
  'required' only apply to objects. The form keeps a null value as it is, so
  validation of that value fails.
  
  How to fix:
    1. Add one null branch and declare the type of the object branches:
         oneOf: [
           { type: 'null' },
           { type: 'object', properties: { ... } },
         ]
    2. Or use 'anyOf', which a null branch alone satisfies
 { path: '/target', admitting: 2 }

 ✓ |unit| src/core/__tests__/ObjectNode.composition.typeCompatibility.test.ts (20 tests) 11ms
 ✓ |unit| src/core/__tests__/ObjectNode.composition.typeNarrowing.test.ts (32 tests) 18ms
stdout | src/core/__tests__/BranchStrategy.oneOf.initialRace.test.ts > BranchStrategy oneOf - initial-render race > SYNC immediately after construction: oneOf children are already wired in
[SYNC] children: [ 'employmentType', 'commonField', 'salary', 'bonus' ] oneOfIndex: 0

stdout | src/core/__tests__/BranchStrategy.oneOf.initialRace.test.ts > BranchStrategy oneOf - initial-render race > AFTER microtask drain: BranchStrategy resolves children correctly
[SETTLED] children: [ 'employmentType', 'commonField', 'salary', 'bonus' ] oneOfIndex: 0

stdout | src/core/__tests__/BranchStrategy.oneOf.initialRace.test.ts > BranchStrategy oneOf - initial-render race > SIMULATED REACT MOUNT: subscriber attached after the cascading UpdateChildren
initial: [ 'employmentType', 'commonField', 'salary', 'bonus' ]
observed UpdateChildren: true
children after event: [ 'employmentType', 'commonField', 'salary', 'bonus' ]

stdout | src/core/__tests__/BranchStrategy.oneOf.initialRace.test.ts > BranchStrategy oneOf - initial-render race > NESTED oneOf (product-catalog shape): preserves nested branch defaults
[SYNC] product.children: [ 'name', 'shipping' ]

stdout | src/core/__tests__/BranchStrategy.oneOf.initialRace.test.ts > BranchStrategy oneOf - initial-render race > NESTED oneOf (product-catalog shape): preserves nested branch defaults
[SETTLED] product.children: [ 'name', 'shipping' ]
[SETTLED] shipping.children: [ 'method', 'cost', 'days' ]

 ✓ |unit| src/core/__tests__/BranchStrategy.oneOf.initialRace.test.ts (4 tests) 30ms
 ✓ |unit| src/core/nodes/AbstractNode/utils/__tests__/shallowPatch.test.ts (33 tests) 4ms
stdout | src/core/__tests__/oneOfSchemaPath.test.ts > oneOf schemaPath assignment > Array root type with oneOf > should handle array schema with oneOf items
Array root node schemaPath: #
item0: true
item0 schemaPath: #/items
item1: true
item1 schemaPath: #/items
typeNode0 schemaPath: #/items/properties/type
nameNode0 schemaPath: #/items/oneOf/0/properties/name
emailNode0 schemaPath: #/items/oneOf/0/properties/email
typeNode1 schemaPath: #/items/properties/type
nameNode1 schemaPath: #/items/oneOf/1/properties/name
permissionsNode1 schemaPath: #/items/oneOf/1/properties/permissions

stdout | src/core/__tests__/oneOfSchemaPath.test.ts > oneOf schemaPath assignment > Array root type with oneOf > should handle complex array with nested oneOf objects
Array item idNode schemaPath: #/items/properties/id
Array item dataNode schemaPath: #/items/properties/data
categoryNode schemaPath: #/items/properties/data/properties/category
detailsNode schemaPath: #/items/properties/data/oneOf/0/properties/details
nameNode in details schemaPath: #/items/properties/data/oneOf/0/properties/details/properties/name
priceNode in details schemaPath: #/items/properties/data/oneOf/0/properties/details/properties/price

stdout | src/core/__tests__/oneOfSchemaPath.test.ts > oneOf schemaPath assignment > Array root type with oneOf > should handle array with oneOf at items level with different types
Array with oneOf items schemaPath: #
item0 type: object
item0 schemaPath: #/items
item1 type: object
item1 schemaPath: #/items
typeNode0 schemaPath: #/items/properties/type
contentNode schemaPath: #/items/oneOf/0/properties/content
typeNode1 schemaPath: #/items/properties/type
valueNode schemaPath: #/items/oneOf/1/properties/value

 ✓ |unit| src/core/__tests__/oneOfSchemaPath.test.ts (14 tests) 25ms
 ✓ |unit| src/helpers/error/__tests__/formatErrorMessage.test.ts (58 tests) 9ms
 ✓ |unit| src/core/nodes/ObjectNode/strategies/BranchStrategy/utils/__tests__/getOneOfKeyInfo.test.ts (6 tests) 3ms
stdout | src/core/nodes/AbstractNode/utils/getComputedPropertiesManager/ComputedPropertiesManager/utils/__tests__/errorHandling.test.ts > Error Handling in Dynamic Function Creation > getObservedValuesFactory > should throw SchemaNodeError when Function constructor fails
Failed to create observed values function for 'watch'.

  ╭──────────────────────────────────────────────────
  │  Field:  watch
  │  Watch:  ["/test"]
  ├──────────────────────────────────────────────────
  │  Watch Path Mappings:
  │    [0] /test → index 0
  ├──────────────────────────────────────────────────
  │  Error: Simulated Function constructor error
  ╰──────────────────────────────────────────────────

The watch configuration could not be compiled into a valid function.
This monitors dependencies defined in 'computed.watch' or '&watch'.

How to fix:
  1. Verify that all watch paths are valid JSONPointer paths
  2. Check that watched fields exist in the schema
  3. Ensure watch values are strings or an array of strings
  4. Look for syntax errors in path expressions {
  fieldName: 'watch',
  watch: [ '/test' ],
  watchValueIndexes: [ 0 ],
  error: SyntaxError: Simulated Function constructor error
      at new globalThis.Function (/Users/Vincent/Workspace/albatrion/packages/canard/schema-form/src/core/nodes/AbstractNode/utils/getComputedPropertiesManager/ComputedPropertiesManager/utils/__tests__/errorHandling.test.ts:265:17)
      at /Users/Vincent/Workspace/albatrion/packages/canard/schema-form/src/core/nodes/AbstractNode/utils/getComputedPropertiesManager/ComputedPropertiesManager/utils/getObservedValuesFactory/getObservedValuesFactory.ts:49:14
      at /Users/Vincent/Workspace/albatrion/packages/canard/schema-form/src/core/nodes/AbstractNode/utils/getComputedPropertiesManager/ComputedPropertiesManager/utils/__tests__/errorHandling.test.ts:279:11
      at file:///Users/Vincent/Workspace/albatrion/node_modules/@vitest/runner/dist/chunk-hooks.js:155:11
      at file:///Users/Vincent/Workspace/albatrion/node_modules/@vitest/runner/dist/chunk-hooks.js:752:26
      at file:///Users/Vincent/Workspace/albatrion/node_modules/@vitest/runner/dist/chunk-hooks.js:1897:20
      at new Promise (<anonymous>)
      at runWithTimeout (file:///Users/Vincent/Workspace/albatrion/node_modules/@vitest/runner/dist/chunk-hooks.js:1863:10)
      at runTest (file:///Users/Vincent/Workspace/albatrion/node_modules/@vitest/runner/dist/chunk-hooks.js:1574:12)
      at processTicksAndRejections (node:internal/process/task_queues:104:5)
}

stdout | src/core/nodes/AbstractNode/utils/getComputedPropertiesManager/ComputedPropertiesManager/utils/__tests__/errorHandling.test.ts > Error Handling in Dynamic Function Creation > Error Output Verification > should demonstrate actual error output for debugging

=== Error Output Sample ===
Code: JSON_SCHEMA_ERROR.CREATE_DYNAMIC_FUNCTION
Message: Failed to create dynamic function for computed property.

  ╭──────────────────────────────────────────────────
  │  Field:       active
  │  Expression:  'dependencies[0] === "test" { invalid syntax'
  ├──────────────────────────────────────────────────
  │  Generated Function Body:
  │    return !!(dependencies[0] === "test" { invalid syntax)
  ├──────────────────────────────────────────────────
  │  Error: Unexpected token '{'
  ╰──────────────────────────────────────────────────

The expression could not be compiled into a valid JavaScript function.
This usually indicates a syntax error in the computed property expression.

How to fix:
  1. Check the expression syntax for typos or invalid JavaScript
  2. Ensure all JSONPointer paths (e.g., '../fieldName') are valid
  3. Verify that the expression returns a valid value
  4. Check for unbalanced parentheses or brackets
Details: {
  "fieldName": "active",
  "expression": "dependencies[0] === \"test\" { invalid syntax",
  "functionBody": "return !!(dependencies[0] === \"test\" { invalid syntax)",
  "error": {}
}
========================


stdout | src/core/nodes/AbstractNode/utils/getComputedPropertiesManager/ComputedPropertiesManager/utils/__tests__/errorHandling.test.ts > Error Handling in Dynamic Function Creation > Error Output Verification > should demonstrate getConditionIndexFactory error output

=== Condition Index Error Output ===
Code: JSON_SCHEMA_ERROR.CONDITION_INDEX
Message: Failed to create condition index function for 'oneOf'.

  ╭──────────────────────────────────────────────────
  │  Field:  oneOf
  ├──────────────────────────────────────────────────
  │  Condition Expressions:
  │    [0] dependencies[0] === "a" &&
  │    [1] dependencies[1] === "b" }}}
  ├──────────────────────────────────────────────────
  │  Generated Code:
  │    if(dependencies[0] === "a" &&) return 0;
  │    if(dependencies[1] === "b" }}}) return 1;
  ├──────────────────────────────────────────────────
  │  Error: Unexpected token ')'
  ╰──────────────────────────────────────────────────

The condition expressions could not be compiled into a valid function.
This typically occurs when '&if' expressions contain invalid syntax.

How to fix:
  1. Check each '&if' expression for valid JavaScript syntax
  2. Ensure JSONPointer paths in conditions are correct
  3. Verify that comparison operators are properly used
  4. Look for missing quotes around string comparisons
Details fieldName: oneOf
Details expressions: [ 'dependencies[0] === "a" &&', 'dependencies[1] === "b" }}}' ]
================================


stdout | src/core/nodes/AbstractNode/utils/getComputedPropertiesManager/ComputedPropertiesManager/utils/__tests__/errorHandling.test.ts > Error Handling in Dynamic Function Creation > Error Output Verification > should demonstrate getObservedValuesFactory error output

=== Observed Values Error Output ===
Code: JSON_SCHEMA_ERROR.OBSERVED_VALUES
Message: Failed to create observed values function for 'watch'.

  ╭──────────────────────────────────────────────────
  │  Field:  watch
  │  Watch:  ["/user/name","/user/email"]
  ├──────────────────────────────────────────────────
  │  Watch Path Mappings:
  │    [0] /user/name → index 0
  │    [1] /user/email → index 1
  ├──────────────────────────────────────────────────
  │  Error: Simulated Function constructor error
  ╰──────────────────────────────────────────────────

The watch configuration could not be compiled into a valid function.
This monitors dependencies defined in 'computed.watch' or '&watch'.

How to fix:
  1. Verify that all watch paths are valid JSONPointer paths
  2. Check that watched fields exist in the schema
  3. Ensure watch values are strings or an array of strings
  4. Look for syntax errors in path expressions
Details fieldName: watch
Details watch: [ '/user/name', '/user/email' ]
===============================


 ✓ |unit| src/core/nodes/AbstractNode/utils/getComputedPropertiesManager/ComputedPropertiesManager/utils/__tests__/errorHandling.test.ts (16 tests) 12ms
 ✓ |unit| src/core/nodes/AbstractNode/utils/getComputedPropertiesManager/ComputedPropertiesManager/utils/__tests__/getConditionIndicesFactory.test.ts (29 tests) 8ms
 ✓ |unit| src/core/nodes/AbstractNode/utils/getComputedPropertiesManager/ComputedPropertiesManager/utils/__tests__/getDerivedValueFactory.test.ts (41 tests) 9ms
 ✓ |unit| src/core/nodes/AbstractNode/utils/__tests__/findNodes.test.ts (67 tests) 9ms
 ✓ |unit| src/core/__tests__/AbstractNode.depth.test.ts (10 tests) 15ms
 ✓ |unit| src/core/__tests__/BranchStrategy.oneOf.initialComputed.test.ts (4 tests) 15ms
 ✓ |unit| src/core/__tests__/ObjectNode.composition.nullUnreachableWarning.test.ts (14 tests) 10ms
 ✓ |unit| src/helpers/jsonSchema/__tests__/processAllOfSchema.test.ts (58 tests) 11ms
 ✓ |unit| src/core/nodes/AbstractNode/utils/getComputedPropertiesManager/ComputedPropertiesManager/utils/__tests__/regex.boundary.test.ts (39 tests) 8ms
 ✓ |unit| src/core/nodes/ArrayNode/utils/__tests__/resolveArrayValueFilter.test.ts (6 tests) 2ms
 ✓ |unit| src/core/__tests__/nestedComposition.warning.test.ts (3 tests) 9ms
 ✓ |unit| src/core/nodes/AbstractNode/utils/getComputedPropertiesManager/ComputedPropertiesManager/utils/__tests__/getConditionIndexFactory.test.ts (33 tests) 11ms
 ✓ |unit| src/core/nodes/AbstractNode/utils/getComputedPropertiesManager/ComputedPropertiesManager/utils/__tests__/regex.test.ts (53 tests) 31ms
 ✓ |unit| src/core/nodes/AbstractNode/utils/getComputedPropertiesManager/ComputedPropertiesManager/utils/__tests__/regex.context.test.ts (57 tests) 7ms
 ✓ |unit| src/core/nodes/AbstractNode/utils/getComputedPropertiesManager/ComputedPropertiesManager/utils/__tests__/createDynamicFunction.test.ts (59 tests) 7ms
 ✓ |unit| src/core/nodes/AbstractNode/utils/EventCascadeManager/__tests__/EventCascadeManager.test.ts (11 tests) 4ms
 ✓ |unit| src/helpers/jsonSchema/__tests__/stripSchemaExtensions.test.ts (33 tests) 7ms
 ✓ |unit| src/core/nodes/AbstractNode/utils/getComputedPropertiesManager/ComputedPropertiesManager/utils/__tests__/regex.extended.test.ts (11 tests) 5ms
 ✓ |unit| src/core/nodes/AbstractNode/utils/__tests__/ComputedPropertiesManager.test.ts (34 tests) 7ms
 ✓ |unit| src/helpers/formTypeInputDefinition/__tests__/formTypeInputDefinitions.test.ts (32 tests) 7ms
 ✓ |unit| src/core/nodes/AbstractNode/utils/__tests__/EventCascadeManager.test.ts (14 tests) 5ms
 ✓ |unit| src/helpers/formTypeInputDefinition/__tests__/formTypeInputMap.test.ts (31 tests) 15ms
 ✓ |unit| src/helpers/jsonSchema/processAllOfSchema/utils/__tests__/validateCompatibility.test.ts (43 tests) 3ms
 ✓ |unit| src/core/nodes/AbstractNode/utils/__tests__/depthFirstSearch.test.ts (21 tests) 5ms
 ✓ |unit| src/helpers/jsonSchema/__tests__/getResolveSchema.test.ts (14 tests) 5ms
 ✓ |unit| src/helpers/jsonSchema/preprocessSchema/utils/__tests__/processOneOfSchema.test.ts (24 tests) 6ms
 ✓ |unit| src/helpers/defaultValue/getObjectDefaultValue/__tests__/getObjectDefaultValue.test.ts (15 tests) 4ms
 ✓ |unit| src/core/nodes/AbstractNode/utils/getComputedPropertiesManager/ComputedPropertiesManager/utils/__tests__/regex.json-validity.test.ts (17 tests) 6ms
 ✓ |unit| src/core/nodes/AbstractNode/utils/getComputedPropertiesManager/ComputedPropertiesManager/utils/__tests__/checkComputedOptionFactory.test.ts (16 tests) 4ms
 ✓ |unit| src/core/nodes/AbstractNode/utils/getComputedPropertiesManager/ComputedPropertiesManager/utils/__tests__/regex.exotic-keys.test.ts (23 tests) 6ms
stderr | src/helpers/virtualization/__tests__/VirtualizationManager.selection.test.ts > VirtualizationManager selection API > create returns null when IntersectionObserver is unavailable


 ⚠️ [@canard/schema-form] SCHEMA_FORM_WARNING.VIRTUALIZATION_DISABLED_FOR_FORM ⚠️ 

  'virtualization' is enabled but IntersectionObserver is unavailable, so it is
  disabled. Render-level virtualization is client-side-rendering only.
  
    ╭──────────────────────────────────────────────────
    │  Requires:  IntersectionObserver (browser only)
    │  Status:    disabled (unavailable in this environment, e.g. SSR)
    ╰──────────────────────────────────────────────────
  
  Enabling it in an SSR/hydration app causes a hydration mismatch: the server
  renders every field while the client gates them behind placeholders.
  
  How to fix:
    1. Do not set 'virtualization' in SSR/hydration apps
    2. Or enable it only on the client, after mount (client-side rendering only)


 ✓ |unit| src/helpers/virtualization/__tests__/VirtualizationManager.selection.test.ts (7 tests) 6ms
 ✓ |unit| src/helpers/jsonSchema/processAllOfSchema/intersectSchema/__test__/intersectObjectSchema.test.ts (28 tests) 8ms
 ✓ |unit| src/helpers/jsonSchema/processAllOfSchema/intersectSchema/utils/__tests__/intersectBooleanOr.test.ts (7 tests) 3ms
 ✓ |unit| src/helpers/jsonSchema/processAllOfSchema/intersectSchema/utils/__tests__/distributeSubSchema.test.ts (17 tests) 3ms
 ✓ |unit| src/core/nodes/AbstractNode/utils/ValidationManager/__tests__/matchesSchemaPath.test.ts (39 tests) 5ms
 ✓ |unit| src/helpers/jsonPointer/utils/__tests__/getAbsolutePointer.test.ts (58 tests) 5ms
 ✓ |unit| src/core/nodes/AbstractNode/utils/__tests__/breadthFirstSearch.test.ts (11 tests) 7ms
 ✓ |unit| src/core/nodes/AbstractNode/utils/getComputedPropertiesManager/ComputedPropertiesManager/utils/createDynamicFunction/__tests__/wrapReturnStatements.test.ts (68 tests) 4ms
 ✓ |unit| src/helpers/jsonSchema/processAllOfSchema/intersectSchema/__test__/intersectArraySchema.test.ts (29 tests) 5ms
 ✓ |unit| src/helpers/error/formatValidationError/utils/__tests__/getErrorMessage.test.ts (17 tests) 15ms
 ✓ |unit| src/helpers/jsonSchema/__tests__/preprocessSchema.oneOf.test.ts (8 tests) 7ms
 ✓ |unit| src/helpers/jsonSchema/processAllOfSchema/intersectSchema/__test__/intersectBooleanSchema.test.ts (21 tests) 8ms
 ✓ |unit| src/helpers/jsonSchema/__tests__/preprocessSchema.virtaul.test.ts (10 tests) 4ms
 ✓ |unit| src/helpers/jsonSchema/processAllOfSchema/intersectSchema/__test__/intersectNumberSchema.test.ts (23 tests) 5ms
 ✓ |unit| src/helpers/formTypeInputDefinition/__tests__/regex.test.ts (14 tests) 3ms
 ✓ |unit| src/helpers/jsonSchema/processAllOfSchema/intersectSchema/__test__/intersectStringSchema.test.ts (32 tests) 4ms
 ✓ |unit| src/core/nodes/ArrayNode/utils/__tests__/omitTrailingArray.test.ts (11 tests) 3ms
 ✓ |unit| src/helpers/jsonSchema/__tests__/extractSchemaInfo.test.ts (44 tests) 6ms
 ✓ |unit| src/helpers/jsonSchema/processAllOfSchema/intersectSchema/utils/__tests__/intersectMultipleOf.test.ts (16 tests) 7ms
 ✓ |unit| src/core/nodes/ObjectNode/strategies/BranchStrategy/utils/__tests__/validateSchemaType.test.ts (30 tests) 4ms
 ✓ |unit| src/helpers/jsonSchema/processAllOfSchema/intersectSchema/utils/__tests__/validateRange.test.ts (12 tests) 4ms
 ✓ |unit| src/core/nodes/ObjectNode/strategies/BranchStrategy/utils/getFieldConditionMap/__tests__/flattenConditions.test.ts (21 tests) 5ms
 ✓ |unit| src/core/nodes/AbstractNode/utils/getComputedPropertiesManager/ComputedPropertiesManager/utils/createDynamicFunction/__tests__/getFunctionBody.test.ts (56 tests) 4ms
 ✓ |unit| src/helpers/jsonSchema/__tests__/processAllOfSchema.maxDepth.test.ts (8 tests) 4ms
 ✓ |unit| src/helpers/jsonSchema/processAllOfSchema/intersectSchema/utils/__tests__/processSchemaType.test.ts (33 tests) 4ms
 ✓ |unit| src/helpers/jsonSchema/processAllOfSchema/intersectSchema/__test__/intersectNullSchema.test.ts (21 tests) 4ms
 ✓ |unit| src/core/nodes/AbstractNode/utils/__tests__/getScopedSegment.test.ts (20 tests) 3ms
 ✓ |unit| src/helpers/jsonSchema/processAllOfSchema/intersectSchema/utils/__tests__/intersectEnum.test.ts (11 tests) 3ms
 ✓ |unit| src/helpers/jsonPointer/utils/__tests__/isAbsolutePath.test.ts (18 tests) 4ms
 ✓ |unit| src/core/nodes/ObjectNode/strategies/BranchStrategy/utils/__tests__/getFieldConditionMap.test.ts (6 tests) 3ms
 ✓ |unit| src/helpers/jsonSchema/processAllOfSchema/__tests__/processAllOfSchema.test.ts (3 tests) 3ms
 ✓ |unit| src/helpers/jsonSchema/preprocessSchema/utils/__tests__/processVirtualSchema.test.ts (15 tests) 3ms
 ✓ |unit| src/core/nodes/AbstractNode/utils/getComputedPropertiesManager/ComputedPropertiesManager/utils/__tests__/getObservedValuesFactory.test.ts (7 tests) 3ms
 ✓ |unit| src/helpers/error/formatValidationError/utils/__tests__/replacePattern.test.ts (14 tests) 2ms
 ✓ |unit| src/core/nodes/AbstractNode/utils/ValidationManager/__tests__/getFallbackValidator.test.ts (10 tests) 4ms
 ✓ |unit| src/helpers/jsonSchema/__tests__/preprocessSchema.nullBranch.test.ts (2 tests) 3ms
 ✓ |unit| src/types/__tests__/formTypeInput.nullable.test.ts (26 tests) 4ms
 ✓ |unit| src/core/nodes/ObjectNode/utils/__tests__/omitEmptyObject.test.ts (18 tests) 3ms
 ✓ |unit| src/app/plugin/__tests__/registerPlugin.test.ts (6 tests) 2ms
 ✓ |unit| src/core/parsers/__tests__/parseNumber.test.ts (24 tests) 3ms
 ✓ |unit| src/core/nodes/AbstractNode/utils/__tests__/sharedComputedSentinel.test.ts (9 tests) 3ms
 ✓ |unit| src/helpers/schemaIntersection/__tests__/intersectionValues.test.ts (9 tests) 3ms
 ✓ |unit| src/core/parsers/__tests__/parseObject.test.ts (9 tests) 2ms
 ✓ |unit| src/core/nodes/AbstractNode/utils/__tests__/findNode.test.ts (20 tests) 3ms
 ✓ |unit| src/helpers/warning/__tests__/warnDevelopmentIssue.test.ts (4 tests) 3ms
 ✓ |unit| src/core/nodes/AbstractNode/utils/__tests__/checkDefinedValue.test.ts (23 tests) 3ms
 ✓ |unit| src/helpers/jsonSchema/processAllOfSchema/intersectSchema/utils/__tests__/intersectConst.test.ts (9 tests) 4ms
 ✓ |unit| src/helpers/jsonSchema/processAllOfSchema/intersectSchema/utils/__tests__/processOverwriteFields.test.ts (4 tests) 2ms
 ✓ |unit| src/core/nodes/AbstractNode/utils/getComputedPropertiesManager/ComputedPropertiesManager/utils/__tests__/getExpressionFromSchema.test.ts (18 tests) 3ms
 ✓ |unit| src/core/nodes/ObjectNode/strategies/BranchStrategy/utils/__tests__/getConditionsMap.test.ts (5 tests) 3ms
 ✓ |unit| src/helpers/jsonSchema/processAllOfSchema/intersectSchema/utils/__tests__/processFirstWinFields.test.ts (4 tests) 2ms
 ✓ |unit| src/core/nodes/AbstractNode/utils/findNode/utils/__tests__/detectsCandidate.test.ts (17 tests) 4ms
 ✓ |unit| src/core/nodes/AbstractNode/utils/__tests__/getSafeEmptyValue.test.ts (14 tests) 3ms
 ✓ |unit| src/core/parsers/__tests__/parseString.test.ts (4 tests) 7ms
 ✓ |unit| src/core/nodes/AbstractNode/utils/__tests__/applyEnhancer.test.ts (6 tests) 2ms
 ✓ |unit| src/helpers/jsonSchema/processAllOfSchema/intersectSchema/utils/__tests__/unionRequired.test.ts (12 tests) 2ms
 ✓ |unit| src/helpers/jsonPointer/utils/__tests__/isRelativePath.test.ts (20 tests) 3ms
 ✓ |unit| src/core/__tests__/InferSchemaNode.type.test.ts (31 tests) 2ms
 ✓ |unit| src/core/parsers/__tests__/parseBoolean.test.ts (7 tests) 2ms
 ✓ |unit| src/helpers/jsonSchema/processAllOfSchema/intersectSchema/utils/__tests__/intersectPattern.test.ts (10 tests) 2ms
 ✓ |unit| src/core/nodes/AbstractNode/utils/ValidationManager/__tests__/isCircularReferenceError.test.ts (12 tests) 2ms
 ✓ |unit| src/helpers/jsonSchema/processAllOfSchema/intersectSchema/utils/__tests__/intersectMaximum.test.ts (10 tests) 2ms
 ✓ |unit| src/helpers/jsonSchema/processAllOfSchema/intersectSchema/utils/__tests__/intersectMinimum.test.ts (10 tests) 2ms
 ✓ |unit| src/helpers/jsonPointer/utils/__tests__/stripFragment.test.ts (18 tests) 2ms
 ✓ |unit| src/types/__tests__/InferJSONSchema.type.test.ts (13 tests) 4ms
 ✓ |unit| src/core/nodes/AbstractNode/utils/findNode/utils/__tests__/getSegments.test.ts (8 tests) 2ms
 ✓ |unit| src/core/parsers/__tests__/parseArray.test.ts (3 tests) 2ms
 ✓ |unit| src/helpers/dynamicExpression/convertExpression/__tests__/convertExpression.test.ts (2 tests) 2ms
 ✓ |unit| src/core/nodes/AbstractNode/utils/__tests__/getNodeGroup.test.ts (15 tests) 4ms
 ✓ |unit| src/helpers/defaultValue/getDefaultValue/__tests__/getDefaultValue.test.ts (4 tests) 2ms
stderr | src/__tests__/scenarios/nullable.object-blank-state.render.test.tsx > nullable.object-blank-state.render — the initial value after the object was null > [default-after-null] defaultValue is the same before, during and after null


 ⚠️ [@canard/schema-form] SCHEMA_FORM_WARNING.NULLABLE_ONE_OF_NULL_UNREACHABLE ⚠️ 

  This object is nullable, but no validator accepts null under its 'oneOf':
  2 branches accept null, so null matches more than one.
  
    ╭──────────────────────────────────────────────────
    │  Path:                    /target
    │  Branches accepting null: 2 (exactly 1 is required)
    ╰──────────────────────────────────────────────────
  
  A branch that declares no 'type' accepts null, because 'properties' and
  'required' only apply to objects. The form keeps a null value as it is, so
  validation of that value fails.
  
  How to fix:
    1. Add one null branch and declare the type of the object branches:
         oneOf: [
           { type: 'null' },
           { type: 'object', properties: { ... } },
         ]
    2. Or use 'anyOf', which a null branch alone satisfies
 { path: '/target', admitting: 2 }

 ✓ |render| src/__tests__/scenarios/nullable.object-pending-read.render.test.tsx (8 tests) 815ms
 ✓ |render| src/components/__tests__/SchemaNodeProxy.refresh.test.tsx (37 tests) 941ms
 ✓ |render| src/__tests__/scenarios/injectTo.render.test.tsx (13 tests) 1058ms
 ✓ |render| src/__tests__/scenarios/nullable.object-blank-state.render.test.tsx (8 tests) 1059ms
   ✓ nullable.object-blank-state.render — the initial value after the object was null > [default-after-null] a reset form round-trips like a form just rendered  311ms
 ✓ |render| src/__tests__/scenarios/state-management.render.test.tsx (14 tests) 1053ms
 ✓ |render| src/__tests__/scenarios/composition.oneOf.concurrentMount.render.test.tsx (4 tests) 1187ms
   ✓ composition.oneOf — concurrent mount (lazy retry / transition) > renders the default-selected branch after a React.lazy retry mount  488ms
   ✓ composition.oneOf — concurrent mount (lazy retry / transition) > keeps branch switching reactive after a lazy retry mount  398ms
 ✓ |render| src/core/__tests__/NullableFormScenarios.test.tsx (12 tests) 1240ms
   ✓ Nullable Form Scenarios - E2E Tests > Scenario 1: User Profile with Optional Fields > should handle optional email and phone fields correctly  553ms
   ✓ Nullable Form Scenarios - E2E Tests > Scenario 6: Nullable Array Itself > should handle nullable array type correctly  509ms
 ✓ |render| src/__tests__/scenarios/array.omit-trailing.conditional.render.test.tsx (9 tests) 1393ms
 ✓ |render| src/__tests__/scenarios/reset.pristine.render.test.tsx (14 tests) 1838ms
   ✓ reset restores flat field defaults (DOM + tree) > returns every edited input to its schema default in DOM and tree  339ms
stderr | src/__tests__/scenarios/composition.nested-branch.render.test.tsx > GAP-14 nested composition: object -> oneOf -> (object -> oneOf) > initial mount priming > primes the outer physical branch AND its inner standard branch on first render (two-phase)
An update to null inside a test was not wrapped in act(...).

When testing, code that causes React state updates should be wrapped into act(...):

act(() => {
  /* fire events that update state */
});
/* assert on the output */

This ensures that you're testing the behavior the user would see in the browser. Learn more at https://react.dev/link/wrap-tests-with-act
An update to SchemaNodeProxy inside a test was not wrapped in act(...).

When testing, code that causes React state updates should be wrapped into act(...):

act(() => {
  /* fire events that update state */
});
/* assert on the output */

This ensures that you're testing the behavior the user would see in the browser. Learn more at https://react.dev/link/wrap-tests-with-act
An update to SchemaNodeProxy inside a test was not wrapped in act(...).

When testing, code that causes React state updates should be wrapped into act(...):

act(() => {
  /* fire events that update state */
});
/* assert on the output */

This ensures that you're testing the behavior the user would see in the browser. Learn more at https://react.dev/link/wrap-tests-with-act
An update to SchemaNodeProxy inside a test was not wrapped in act(...).

When testing, code that causes React state updates should be wrapped into act(...):

act(() => {
  /* fire events that update state */
});
/* assert on the output */

This ensures that you're testing the behavior the user would see in the browser. Learn more at https://react.dev/link/wrap-tests-with-act
An update to SchemaNodeProxy inside a test was not wrapped in act(...).

When testing, code that causes React state updates should be wrapped into act(...):

act(() => {
  /* fire events that update state */
});
/* assert on the output */

This ensures that you're testing the behavior the user would see in the browser. Learn more at https://react.dev/link/wrap-tests-with-act
An update to null inside a test was not wrapped in act(...).

When testing, code that causes React state updates should be wrapped into act(...):

act(() => {
  /* fire events that update state */
});
/* assert on the output */

This ensures that you're testing the behavior the user would see in the browser. Learn more at https://react.dev/link/wrap-tests-with-act
An update to null inside a test was not wrapped in act(...).

When testing, code that causes React state updates should be wrapped into act(...):

act(() => {
  /* fire events that update state */
});
/* assert on the output */

This ensures that you're testing the behavior the user would see in the browser. Learn more at https://react.dev/link/wrap-tests-with-act
An update to SchemaNodeProxy inside a test was not wrapped in act(...).

When testing, code that causes React state updates should be wrapped into act(...):

act(() => {
  /* fire events that update state */
});
/* assert on the output */

This ensures that you're testing the behavior the user would see in the browser. Learn more at https://react.dev/link/wrap-tests-with-act
An update to SchemaNodeProxy inside a test was not wrapped in act(...).

When testing, code that causes React state updates should be wrapped into act(...):

act(() => {
  /* fire events that update state */
});
/* assert on the output */

This ensures that you're testing the behavior the user would see in the browser. Learn more at https://react.dev/link/wrap-tests-with-act
An update to SchemaNodeProxy inside a test was not wrapped in act(...).

When testing, code that causes React state updates should be wrapped into act(...):

act(() => {
  /* fire events that update state */
});
/* assert on the output */

This ensures that you're testing the behavior the user would see in the browser. Learn more at https://react.dev/link/wrap-tests-with-act
An update to SchemaNodeProxy inside a test was not wrapped in act(...).

When testing, code that causes React state updates should be wrapped into act(...):

act(() => {
  /* fire events that update state */
});
/* assert on the output */

This ensures that you're testing the behavior the user would see in the browser. Learn more at https://react.dev/link/wrap-tests-with-act
An update to SchemaNodeProxy inside a test was not wrapped in act(...).

When testing, code that causes React state updates should be wrapped into act(...):

act(() => {
  /* fire events that update state */
});
/* assert on the output */

This ensures that you're testing the behavior the user would see in the browser. Learn more at https://react.dev/link/wrap-tests-with-act
An update to null inside a test was not wrapped in act(...).

When testing, code that causes React state updates should be wrapped into act(...):

act(() => {
  /* fire events that update state */
});
/* assert on the output */

This ensures that you're testing the behavior the user would see in the browser. Learn more at https://react.dev/link/wrap-tests-with-act
An update to SchemaNodeProxy inside a test was not wrapped in act(...).

When testing, code that causes React state updates should be wrapped into act(...):

act(() => {
  /* fire events that update state */
});
/* assert on the output */

This ensures that you're testing the behavior the user would see in the browser. Learn more at https://react.dev/link/wrap-tests-with-act
An update to null inside a test was not wrapped in act(...).

When testing, code that causes React state updates should be wrapped into act(...):

act(() => {
  /* fire events that update state */
});
/* assert on the output */

This ensures that you're testing the behavior the user would see in the browser. Learn more at https://react.dev/link/wrap-tests-with-act
An update to null inside a test was not wrapped in act(...).

When testing, code that causes React state updates should be wrapped into act(...):

act(() => {
  /* fire events that update state */
});
/* assert on the output */

This ensures that you're testing the behavior the user would see in the browser. Learn more at https://react.dev/link/wrap-tests-with-act
An update to SchemaNodeProxy inside a test was not wrapped in act(...).

When testing, code that causes React state updates should be wrapped into act(...):

act(() => {
  /* fire events that update state */
});
/* assert on the output */

This ensures that you're testing the behavior the user would see in the browser. Learn more at https://react.dev/link/wrap-tests-with-act

stdout | src/core/__tests__/IfThenElse.onChange.realReact.test.tsx > If-Then-Else onChange Real React Bug > should update React state correctly when toggling adult <-> none
After none:
  type: none
  age: undefined
  preferences: undefined
  value: {"type":"none"}

stdout | src/core/__tests__/IfThenElse.onChange.realReact.test.tsx > If-Then-Else onChange Real React Bug > should update React state correctly when toggling adult <-> none
After adult:
  type: adult
  age: 18
  preferences: exists
  value: {"type":"adult","age":18,"gender":"male","preferences":{"theme":"light","notifications":{"email":true,"sms":false}}}
✅ React state updates correctly with adult <-> none toggle

stderr | src/__tests__/scenarios/schema-props-renderer.render.test.tsx > ReactNode helperText / description render without corruption > renders a styled-span description and a flex-icon helperText
Each child in a list should have a unique "key" prop.

Check the top-level render call using <span>. See https://react.dev/link/warning-keys for more information.

 ✓ |render| src/__tests__/scenarios/array.omit-trailing.composite.render.test.tsx (9 tests) 598ms
 ✓ |render| src/__tests__/scenarios/nullable.object-null-branch.render.test.tsx (14 tests) 670ms
 ✓ |render| src/__tests__/scenarios/renderProp.value.render.test.tsx (10 tests) 666ms
 ✓ |render| src/__tests__/scenarios/deferred-mount.render.test.tsx (15 tests) 541ms
 ✓ |render| src/__tests__/scenarios/schema-props-renderer.render.test.tsx (12 tests) 602ms
stdout | src/core/__tests__/IfThenElse.onChange.realReact.test.tsx > If-Then-Else onChange Real React Bug > should handle rapid toggles without state corruption
✅ Rapid toggles handled correctly

 ✓ |render| src/core/__tests__/IfThenElse.onChange.realReact.test.tsx (2 tests) 766ms
   ✓ If-Then-Else onChange Real React Bug > should handle rapid toggles without state corruption  501ms
 ✓ |render| src/__tests__/scenarios/nullable.object-pending-read-readers.render.test.tsx (6 tests) 830ms
 ✓ |render| src/__tests__/scenarios/composition.nested-branch.render.test.tsx (9 tests) 708ms
stderr | src/__tests__/scenarios/composition.oneOf.switch.render.test.tsx > oneOf default-branch priming (two-phase) > primes the node tree for a non-zero default-selected branch synchronously
An update to null inside a test was not wrapped in act(...).

When testing, code that causes React state updates should be wrapped into act(...):

act(() => {
  /* fire events that update state */
});
/* assert on the output */

This ensures that you're testing the behavior the user would see in the browser. Learn more at https://react.dev/link/wrap-tests-with-act
An update to SchemaNodeProxy inside a test was not wrapped in act(...).

When testing, code that causes React state updates should be wrapped into act(...):

act(() => {
  /* fire events that update state */
});
/* assert on the output */

This ensures that you're testing the behavior the user would see in the browser. Learn more at https://react.dev/link/wrap-tests-with-act
An update to SchemaNodeProxy inside a test was not wrapped in act(...).

When testing, code that causes React state updates should be wrapped into act(...):

act(() => {
  /* fire events that update state */
});
/* assert on the output */

This ensures that you're testing the behavior the user would see in the browser. Learn more at https://react.dev/link/wrap-tests-with-act
An update to SchemaNodeProxy inside a test was not wrapped in act(...).

When testing, code that causes React state updates should be wrapped into act(...):

act(() => {
  /* fire events that update state */
});
/* assert on the output */

This ensures that you're testing the behavior the user would see in the browser. Learn more at https://react.dev/link/wrap-tests-with-act
An update to null inside a test was not wrapped in act(...).

When testing, code that causes React state updates should be wrapped into act(...):

act(() => {
  /* fire events that update state */
});
/* assert on the output */

This ensures that you're testing the behavior the user would see in the browser. Learn more at https://react.dev/link/wrap-tests-with-act
An update to SchemaNodeProxy inside a test was not wrapped in act(...).

When testing, code that causes React state updates should be wrapped into act(...):

act(() => {
  /* fire events that update state */
});
/* assert on the output */

This ensures that you're testing the behavior the user would see in the browser. Learn more at https://react.dev/link/wrap-tests-with-act
An update to null inside a test was not wrapped in act(...).

When testing, code that causes React state updates should be wrapped into act(...):

act(() => {
  /* fire events that update state */
});
/* assert on the output */

This ensures that you're testing the behavior the user would see in the browser. Learn more at https://react.dev/link/wrap-tests-with-act
An update to SchemaNodeProxy inside a test was not wrapped in act(...).

When testing, code that causes React state updates should be wrapped into act(...):

act(() => {
  /* fire events that update state */
});
/* assert on the output */

This ensures that you're testing the behavior the user would see in the browser. Learn more at https://react.dev/link/wrap-tests-with-act
An update to SchemaNodeProxy inside a test was not wrapped in act(...).

When testing, code that causes React state updates should be wrapped into act(...):

act(() => {
  /* fire events that update state */
});
/* assert on the output */

This ensures that you're testing the behavior the user would see in the browser. Learn more at https://react.dev/link/wrap-tests-with-act
An update to null inside a test was not wrapped in act(...).

When testing, code that causes React state updates should be wrapped into act(...):

act(() => {
  /* fire events that update state */
});
/* assert on the output */

This ensures that you're testing the behavior the user would see in the browser. Learn more at https://react.dev/link/wrap-tests-with-act
An update to SchemaNodeProxy inside a test was not wrapped in act(...).

When testing, code that causes React state updates should be wrapped into act(...):

act(() => {
  /* fire events that update state */
});
/* assert on the output */

This ensures that you're testing the behavior the user would see in the browser. Learn more at https://react.dev/link/wrap-tests-with-act
An update to null inside a test was not wrapped in act(...).

When testing, code that causes React state updates should be wrapped into act(...):

act(() => {
  /* fire events that update state */
});
/* assert on the output */

This ensures that you're testing the behavior the user would see in the browser. Learn more at https://react.dev/link/wrap-tests-with-act
An update to null inside a test was not wrapped in act(...).

When testing, code that causes React state updates should be wrapped into act(...):

act(() => {
  /* fire events that update state */
});
/* assert on the output */

This ensures that you're testing the behavior the user would see in the browser. Learn more at https://react.dev/link/wrap-tests-with-act
An update to SchemaNodeProxy inside a test was not wrapped in act(...).

When testing, code that causes React state updates should be wrapped into act(...):

act(() => {
  /* fire events that update state */
});
/* assert on the output */

This ensures that you're testing the behavior the user would see in the browser. Learn more at https://react.dev/link/wrap-tests-with-act
An update to null inside a test was not wrapped in act(...).

When testing, code that causes React state updates should be wrapped into act(...):

act(() => {
  /* fire events that update state */
});
/* assert on the output */

This ensures that you're testing the behavior the user would see in the browser. Learn more at https://react.dev/link/wrap-tests-with-act
An update to SchemaNodeProxy inside a test was not wrapped in act(...).

When testing, code that causes React state updates should be wrapped into act(...):

act(() => {
  /* fire events that update state */
});
/* assert on the output */

This ensures that you're testing the behavior the user would see in the browser. Learn more at https://react.dev/link/wrap-tests-with-act

stderr | src/__tests__/scenarios/composition.oneOf.switch.render.test.tsx > oneOf default-branch priming (two-phase) > renders a default-selected non-zero oneOf branch field on first paint
An update to null inside a test was not wrapped in act(...).

When testing, code that causes React state updates should be wrapped into act(...):

act(() => {
  /* fire events that update state */
});
/* assert on the output */

This ensures that you're testing the behavior the user would see in the browser. Learn more at https://react.dev/link/wrap-tests-with-act
An update to SchemaNodeProxy inside a test was not wrapped in act(...).

When testing, code that causes React state updates should be wrapped into act(...):

act(() => {
  /* fire events that update state */
});
/* assert on the output */

This ensures that you're testing the behavior the user would see in the browser. Learn more at https://react.dev/link/wrap-tests-with-act
An update to SchemaNodeProxy inside a test was not wrapped in act(...).

When testing, code that causes React state updates should be wrapped into act(...):

act(() => {
  /* fire events that update state */
});
/* assert on the output */

This ensures that you're testing the behavior the user would see in the browser. Learn more at https://react.dev/link/wrap-tests-with-act
An update to SchemaNodeProxy inside a test was not wrapped in act(...).

When testing, code that causes React state updates should be wrapped into act(...):

act(() => {
  /* fire events that update state */
});
/* assert on the output */

This ensures that you're testing the behavior the user would see in the browser. Learn more at https://react.dev/link/wrap-tests-with-act
An update to null inside a test was not wrapped in act(...).

When testing, code that causes React state updates should be wrapped into act(...):

act(() => {
  /* fire events that update state */
});
/* assert on the output */

This ensures that you're testing the behavior the user would see in the browser. Learn more at https://react.dev/link/wrap-tests-with-act
An update to SchemaNodeProxy inside a test was not wrapped in act(...).

When testing, code that causes React state updates should be wrapped into act(...):

act(() => {
  /* fire events that update state */
});
/* assert on the output */

This ensures that you're testing the behavior the user would see in the browser. Learn more at https://react.dev/link/wrap-tests-with-act
An update to null inside a test was not wrapped in act(...).

When testing, code that causes React state updates should be wrapped into act(...):

act(() => {
  /* fire events that update state */
});
/* assert on the output */

This ensures that you're testing the behavior the user would see in the browser. Learn more at https://react.dev/link/wrap-tests-with-act
An update to SchemaNodeProxy inside a test was not wrapped in act(...).

When testing, code that causes React state updates should be wrapped into act(...):

act(() => {
  /* fire events that update state */
});
/* assert on the output */

This ensures that you're testing the behavior the user would see in the browser. Learn more at https://react.dev/link/wrap-tests-with-act
An update to SchemaNodeProxy inside a test was not wrapped in act(...).

When testing, code that causes React state updates should be wrapped into act(...):

act(() => {
  /* fire events that update state */
});
/* assert on the output */

This ensures that you're testing the behavior the user would see in the browser. Learn more at https://react.dev/link/wrap-tests-with-act
An update to null inside a test was not wrapped in act(...).

When testing, code that causes React state updates should be wrapped into act(...):

act(() => {
  /* fire events that update state */
});
/* assert on the output */

This ensures that you're testing the behavior the user would see in the browser. Learn more at https://react.dev/link/wrap-tests-with-act
An update to SchemaNodeProxy inside a test was not wrapped in act(...).

When testing, code that causes React state updates should be wrapped into act(...):

act(() => {
  /* fire events that update state */
});
/* assert on the output */

This ensures that you're testing the behavior the user would see in the browser. Learn more at https://react.dev/link/wrap-tests-with-act
An update to null inside a test was not wrapped in act(...).

When testing, code that causes React state updates should be wrapped into act(...):

act(() => {
  /* fire events that update state */
});
/* assert on the output */

This ensures that you're testing the behavior the user would see in the browser. Learn more at https://react.dev/link/wrap-tests-with-act
An update to null inside a test was not wrapped in act(...).

When testing, code that causes React state updates should be wrapped into act(...):

act(() => {
  /* fire events that update state */
});
/* assert on the output */

This ensures that you're testing the behavior the user would see in the browser. Learn more at https://react.dev/link/wrap-tests-with-act
An update to SchemaNodeProxy inside a test was not wrapped in act(...).

When testing, code that causes React state updates should be wrapped into act(...):

act(() => {
  /* fire events that update state */
});
/* assert on the output */

This ensures that you're testing the behavior the user would see in the browser. Learn more at https://react.dev/link/wrap-tests-with-act
An update to null inside a test was not wrapped in act(...).

When testing, code that causes React state updates should be wrapped into act(...):

act(() => {
  /* fire events that update state */
});
/* assert on the output */

This ensures that you're testing the behavior the user would see in the browser. Learn more at https://react.dev/link/wrap-tests-with-act
An update to SchemaNodeProxy inside a test was not wrapped in act(...).

When testing, code that causes React state updates should be wrapped into act(...):

act(() => {
  /* fire events that update state */
});
/* assert on the output */

This ensures that you're testing the behavior the user would see in the browser. Learn more at https://react.dev/link/wrap-tests-with-act
An update to null inside a test was not wrapped in act(...).

When testing, code that causes React state updates should be wrapped into act(...):

act(() => {
  /* fire events that update state */
});
/* assert on the output */

This ensures that you're testing the behavior the user would see in the browser. Learn more at https://react.dev/link/wrap-tests-with-act
An update to null inside a test was not wrapped in act(...).

When testing, code that causes React state updates should be wrapped into act(...):

act(() => {
  /* fire events that update state */
});
/* assert on the output */

This ensures that you're testing the behavior the user would see in the browser. Learn more at https://react.dev/link/wrap-tests-with-act

 ✓ |render| src/__tests__/scenarios/composition.oneOf.switch.render.test.tsx (12 tests) 644ms
stderr | src/__tests__/scenarios/composition.anyOf.render.test.tsx > composition/anyOf render — initial active branches on mount > primes a default-active anyOf branch into the DOM at first paint
An update to null inside a test was not wrapped in act(...).

When testing, code that causes React state updates should be wrapped into act(...):

act(() => {
  /* fire events that update state */
});
/* assert on the output */

This ensures that you're testing the behavior the user would see in the browser. Learn more at https://react.dev/link/wrap-tests-with-act
An update to SchemaNodeProxy inside a test was not wrapped in act(...).

When testing, code that causes React state updates should be wrapped into act(...):

act(() => {
  /* fire events that update state */
});
/* assert on the output */

This ensures that you're testing the behavior the user would see in the browser. Learn more at https://react.dev/link/wrap-tests-with-act
An update to null inside a test was not wrapped in act(...).

When testing, code that causes React state updates should be wrapped into act(...):

act(() => {
  /* fire events that update state */
});
/* assert on the output */

This ensures that you're testing the behavior the user would see in the browser. Learn more at https://react.dev/link/wrap-tests-with-act
An update to SchemaNodeProxy inside a test was not wrapped in act(...).

When testing, code that causes React state updates should be wrapped into act(...):

act(() => {
  /* fire events that update state */
});
/* assert on the output */

This ensures that you're testing the behavior the user would see in the browser. Learn more at https://react.dev/link/wrap-tests-with-act
An update to null inside a test was not wrapped in act(...).

When testing, code that causes React state updates should be wrapped into act(...):

act(() => {
  /* fire events that update state */
});
/* assert on the output */

This ensures that you're testing the behavior the user would see in the browser. Learn more at https://react.dev/link/wrap-tests-with-act
An update to SchemaNodeProxy inside a test was not wrapped in act(...).

When testing, code that causes React state updates should be wrapped into act(...):

act(() => {
  /* fire events that update state */
});
/* assert on the output */

This ensures that you're testing the behavior the user would see in the browser. Learn more at https://react.dev/link/wrap-tests-with-act
An update to SchemaNodeProxy inside a test was not wrapped in act(...).

When testing, code that causes React state updates should be wrapped into act(...):

act(() => {
  /* fire events that update state */
});
/* assert on the output */

This ensures that you're testing the behavior the user would see in the browser. Learn more at https://react.dev/link/wrap-tests-with-act
An update to SchemaNodeProxy inside a test was not wrapped in act(...).

When testing, code that causes React state updates should be wrapped into act(...):

act(() => {
  /* fire events that update state */
});
/* assert on the output */

This ensures that you're testing the behavior the user would see in the browser. Learn more at https://react.dev/link/wrap-tests-with-act
An update to null inside a test was not wrapped in act(...).

When testing, code that causes React state updates should be wrapped into act(...):

act(() => {
  /* fire events that update state */
});
/* assert on the output */

This ensures that you're testing the behavior the user would see in the browser. Learn more at https://react.dev/link/wrap-tests-with-act
An update to SchemaNodeProxy inside a test was not wrapped in act(...).

When testing, code that causes React state updates should be wrapped into act(...):

act(() => {
  /* fire events that update state */
});
/* assert on the output */

This ensures that you're testing the behavior the user would see in the browser. Learn more at https://react.dev/link/wrap-tests-with-act
An update to null inside a test was not wrapped in act(...).

When testing, code that causes React state updates should be wrapped into act(...):

act(() => {
  /* fire events that update state */
});
/* assert on the output */

This ensures that you're testing the behavior the user would see in the browser. Learn more at https://react.dev/link/wrap-tests-with-act
An update to SchemaNodeProxy inside a test was not wrapped in act(...).

When testing, code that causes React state updates should be wrapped into act(...):

act(() => {
  /* fire events that update state */
});
/* assert on the output */

This ensures that you're testing the behavior the user would see in the browser. Learn more at https://react.dev/link/wrap-tests-with-act
An update to null inside a test was not wrapped in act(...).

When testing, code that causes React state updates should be wrapped into act(...):

act(() => {
  /* fire events that update state */
});
/* assert on the output */

This ensures that you're testing the behavior the user would see in the browser. Learn more at https://react.dev/link/wrap-tests-with-act
An update to SchemaNodeProxy inside a test was not wrapped in act(...).

When testing, code that causes React state updates should be wrapped into act(...):

act(() => {
  /* fire events that update state */
});
/* assert on the output */

This ensures that you're testing the behavior the user would see in the browser. Learn more at https://react.dev/link/wrap-tests-with-act
An update to SchemaNodeProxy inside a test was not wrapped in act(...).

When testing, code that causes React state updates should be wrapped into act(...):

act(() => {
  /* fire events that update state */
});
/* assert on the output */

This ensures that you're testing the behavior the user would see in the browser. Learn more at https://react.dev/link/wrap-tests-with-act
An update to null inside a test was not wrapped in act(...).

When testing, code that causes React state updates should be wrapped into act(...):

act(() => {
  /* fire events that update state */
});
/* assert on the output */

This ensures that you're testing the behavior the user would see in the browser. Learn more at https://react.dev/link/wrap-tests-with-act
An update to SchemaNodeProxy inside a test was not wrapped in act(...).

When testing, code that causes React state updates should be wrapped into act(...):

act(() => {
  /* fire events that update state */
});
/* assert on the output */

This ensures that you're testing the behavior the user would see in the browser. Learn more at https://react.dev/link/wrap-tests-with-act
An update to null inside a test was not wrapped in act(...).

When testing, code that causes React state updates should be wrapped into act(...):

act(() => {
  /* fire events that update state */
});
/* assert on the output */

This ensures that you're testing the behavior the user would see in the browser. Learn more at https://react.dev/link/wrap-tests-with-act
An update to null inside a test was not wrapped in act(...).

When testing, code that causes React state updates should be wrapped into act(...):

act(() => {
  /* fire events that update state */
});
/* assert on the output */

This ensures that you're testing the behavior the user would see in the browser. Learn more at https://react.dev/link/wrap-tests-with-act
An update to SchemaNodeProxy inside a test was not wrapped in act(...).

When testing, code that causes React state updates should be wrapped into act(...):

act(() => {
  /* fire events that update state */
});
/* assert on the output */

This ensures that you're testing the behavior the user would see in the browser. Learn more at https://react.dev/link/wrap-tests-with-act
An update to null inside a test was not wrapped in act(...).

When testing, code that causes React state updates should be wrapped into act(...):

act(() => {
  /* fire events that update state */
});
/* assert on the output */

This ensures that you're testing the behavior the user would see in the browser. Learn more at https://react.dev/link/wrap-tests-with-act
An update to null inside a test was not wrapped in act(...).

When testing, code that causes React state updates should be wrapped into act(...):

act(() => {
  /* fire events that update state */
});
/* assert on the output */

This ensures that you're testing the behavior the user would see in the browser. Learn more at https://react.dev/link/wrap-tests-with-act

stderr | src/__tests__/scenarios/composition.anyOf.render.test.tsx > composition/anyOf render — initial active branches on mount > settles the single default-active branch into the DOM after the cascade
An update to null inside a test was not wrapped in act(...).

When testing, code that causes React state updates should be wrapped into act(...):

act(() => {
  /* fire events that update state */
});
/* assert on the output */

This ensures that you're testing the behavior the user would see in the browser. Learn more at https://react.dev/link/wrap-tests-with-act
An update to SchemaNodeProxy inside a test was not wrapped in act(...).

When testing, code that causes React state updates should be wrapped into act(...):

act(() => {
  /* fire events that update state */
});
/* assert on the output */

This ensures that you're testing the behavior the user would see in the browser. Learn more at https://react.dev/link/wrap-tests-with-act
An update to null inside a test was not wrapped in act(...).

When testing, code that causes React state updates should be wrapped into act(...):

act(() => {
  /* fire events that update state */
});
/* assert on the output */

This ensures that you're testing the behavior the user would see in the browser. Learn more at https://react.dev/link/wrap-tests-with-act
An update to SchemaNodeProxy inside a test was not wrapped in act(...).

When testing, code that causes React state updates should be wrapped into act(...):

act(() => {
  /* fire events that update state */
});
/* assert on the output */

This ensures that you're testing the behavior the user would see in the browser. Learn more at https://react.dev/link/wrap-tests-with-act
An update to null inside a test was not wrapped in act(...).

When testing, code that causes React state updates should be wrapped into act(...):

act(() => {
  /* fire events that update state */
});
/* assert on the output */

This ensures that you're testing the behavior the user would see in the browser. Learn more at https://react.dev/link/wrap-tests-with-act
An update to SchemaNodeProxy inside a test was not wrapped in act(...).

When testing, code that causes React state updates should be wrapped into act(...):

act(() => {
  /* fire events that update state */
});
/* assert on the output */

This ensures that you're testing the behavior the user would see in the browser. Learn more at https://react.dev/link/wrap-tests-with-act
An update to SchemaNodeProxy inside a test was not wrapped in act(...).

When testing, code that causes React state updates should be wrapped into act(...):

act(() => {
  /* fire events that update state */
});
/* assert on the output */

This ensures that you're testing the behavior the user would see in the browser. Learn more at https://react.dev/link/wrap-tests-with-act
An update to SchemaNodeProxy inside a test was not wrapped in act(...).

When testing, code that causes React state updates should be wrapped into act(...):

act(() => {
  /* fire events that update state */
});
/* assert on the output */

This ensures that you're testing the behavior the user would see in the browser. Learn more at https://react.dev/link/wrap-tests-with-act
An update to null inside a test was not wrapped in act(...).

When testing, code that causes React state updates should be wrapped into act(...):

act(() => {
  /* fire events that update state */
});
/* assert on the output */

This ensures that you're testing the behavior the user would see in the browser. Learn more at https://react.dev/link/wrap-tests-with-act
An update to SchemaNodeProxy inside a test was not wrapped in act(...).

When testing, code that causes React state updates should be wrapped into act(...):

act(() => {
  /* fire events that update state */
});
/* assert on the output */

This ensures that you're testing the behavior the user would see in the browser. Learn more at https://react.dev/link/wrap-tests-with-act
An update to null inside a test was not wrapped in act(...).

When testing, code that causes React state updates should be wrapped into act(...):

act(() => {
  /* fire events that update state */
});
/* assert on the output */

This ensures that you're testing the behavior the user would see in the browser. Learn more at https://react.dev/link/wrap-tests-with-act
An update to SchemaNodeProxy inside a test was not wrapped in act(...).

When testing, code that causes React state updates should be wrapped into act(...):

act(() => {
  /* fire events that update state */
});
/* assert on the output */

This ensures that you're testing the behavior the user would see in the browser. Learn more at https://react.dev/link/wrap-tests-with-act
An update to null inside a test was not wrapped in act(...).

When testing, code that causes React state updates should be wrapped into act(...):

act(() => {
  /* fire events that update state */
});
/* assert on the output */

This ensures that you're testing the behavior the user would see in the browser. Learn more at https://react.dev/link/wrap-tests-with-act
An update to SchemaNodeProxy inside a test was not wrapped in act(...).

When testing, code that causes React state updates should be wrapped into act(...):

act(() => {
  /* fire events that update state */
});
/* assert on the output */

This ensures that you're testing the behavior the user would see in the browser. Learn more at https://react.dev/link/wrap-tests-with-act
An update to SchemaNodeProxy inside a test was not wrapped in act(...).

When testing, code that causes React state updates should be wrapped into act(...):

act(() => {
  /* fire events that update state */
});
/* assert on the output */

This ensures that you're testing the behavior the user would see in the browser. Learn more at https://react.dev/link/wrap-tests-with-act
An update to null inside a test was not wrapped in act(...).

When testing, code that causes React state updates should be wrapped into act(...):

act(() => {
  /* fire events that update state */
});
/* assert on the output */

This ensures that you're testing the behavior the user would see in the browser. Learn more at https://react.dev/link/wrap-tests-with-act
An update to SchemaNodeProxy inside a test was not wrapped in act(...).

When testing, code that causes React state updates should be wrapped into act(...):

act(() => {
  /* fire events that update state */
});
/* assert on the output */

This ensures that you're testing the behavior the user would see in the browser. Learn more at https://react.dev/link/wrap-tests-with-act
An update to null inside a test was not wrapped in act(...).

When testing, code that causes React state updates should be wrapped into act(...):

act(() => {
  /* fire events that update state */
});
/* assert on the output */

This ensures that you're testing the behavior the user would see in the browser. Learn more at https://react.dev/link/wrap-tests-with-act
An update to null inside a test was not wrapped in act(...).

When testing, code that causes React state updates should be wrapped into act(...):

act(() => {
  /* fire events that update state */
});
/* assert on the output */

This ensures that you're testing the behavior the user would see in the browser. Learn more at https://react.dev/link/wrap-tests-with-act
An update to SchemaNodeProxy inside a test was not wrapped in act(...).

When testing, code that causes React state updates should be wrapped into act(...):

act(() => {
  /* fire events that update state */
});
/* assert on the output */

This ensures that you're testing the behavior the user would see in the browser. Learn more at https://react.dev/link/wrap-tests-with-act

stderr | src/__tests__/scenarios/composition.anyOf.render.test.tsx > composition/anyOf render — initial active branches on mount > settles two default-active branches together after the cascade
An update to null inside a test was not wrapped in act(...).

When testing, code that causes React state updates should be wrapped into act(...):

act(() => {
  /* fire events that update state */
});
/* assert on the output */

This ensures that you're testing the behavior the user would see in the browser. Learn more at https://react.dev/link/wrap-tests-with-act
An update to SchemaNodeProxy inside a test was not wrapped in act(...).

When testing, code that causes React state updates should be wrapped into act(...):

act(() => {
  /* fire events that update state */
});
/* assert on the output */

This ensures that you're testing the behavior the user would see in the browser. Learn more at https://react.dev/link/wrap-tests-with-act
An update to null inside a test was not wrapped in act(...).

When testing, code that causes React state updates should be wrapped into act(...):

act(() => {
  /* fire events that update state */
});
/* assert on the output */

This ensures that you're testing the behavior the user would see in the browser. Learn more at https://react.dev/link/wrap-tests-with-act
An update to SchemaNodeProxy inside a test was not wrapped in act(...).

When testing, code that causes React state updates should be wrapped into act(...):

act(() => {
  /* fire events that update state */
});
/* assert on the output */

This ensures that you're testing the behavior the user would see in the browser. Learn more at https://react.dev/link/wrap-tests-with-act
An update to null inside a test was not wrapped in act(...).

When testing, code that causes React state updates should be wrapped into act(...):

act(() => {
  /* fire events that update state */
});
/* assert on the output */

This ensures that you're testing the behavior the user would see in the browser. Learn more at https://react.dev/link/wrap-tests-with-act
An update to SchemaNodeProxy inside a test was not wrapped in act(...).

When testing, code that causes React state updates should be wrapped into act(...):

act(() => {
  /* fire events that update state */
});
/* assert on the output */

This ensures that you're testing the behavior the user would see in the browser. Learn more at https://react.dev/link/wrap-tests-with-act
An update to SchemaNodeProxy inside a test was not wrapped in act(...).

When testing, code that causes React state updates should be wrapped into act(...):

act(() => {
  /* fire events that update state */
});
/* assert on the output */

This ensures that you're testing the behavior the user would see in the browser. Learn more at https://react.dev/link/wrap-tests-with-act
An update to SchemaNodeProxy inside a test was not wrapped in act(...).

When testing, code that causes React state updates should be wrapped into act(...):

act(() => {
  /* fire events that update state */
});
/* assert on the output */

This ensures that you're testing the behavior the user would see in the browser. Learn more at https://react.dev/link/wrap-tests-with-act
An update to SchemaNodeProxy inside a test was not wrapped in act(...).

When testing, code that causes React state updates should be wrapped into act(...):

act(() => {
  /* fire events that update state */
});
/* assert on the output */

This ensures that you're testing the behavior the user would see in the browser. Learn more at https://react.dev/link/wrap-tests-with-act
An update to SchemaNodeProxy inside a test was not wrapped in act(...).

When testing, code that causes React state updates should be wrapped into act(...):

act(() => {
  /* fire events that update state */
});
/* assert on the output */

This ensures that you're testing the behavior the user would see in the browser. Learn more at https://react.dev/link/wrap-tests-with-act
An update to null inside a test was not wrapped in act(...).

When testing, code that causes React state updates should be wrapped into act(...):

act(() => {
  /* fire events that update state */
});
/* assert on the output */

This ensures that you're testing the behavior the user would see in the browser. Learn more at https://react.dev/link/wrap-tests-with-act
An update to SchemaNodeProxy inside a test was not wrapped in act(...).

When testing, code that causes React state updates should be wrapped into act(...):

act(() => {
  /* fire events that update state */
});
/* assert on the output */

This ensures that you're testing the behavior the user would see in the browser. Learn more at https://react.dev/link/wrap-tests-with-act
An update to null inside a test was not wrapped in act(...).

When testing, code that causes React state updates should be wrapped into act(...):

act(() => {
  /* fire events that update state */
});
/* assert on the output */

This ensures that you're testing the behavior the user would see in the browser. Learn more at https://react.dev/link/wrap-tests-with-act
An update to SchemaNodeProxy inside a test was not wrapped in act(...).

When testing, code that causes React state updates should be wrapped into act(...):

act(() => {
  /* fire events that update state */
});
/* assert on the output */

This ensures that you're testing the behavior the user would see in the browser. Learn more at https://react.dev/link/wrap-tests-with-act
An update to null inside a test was not wrapped in act(...).

When testing, code that causes React state updates should be wrapped into act(...):

act(() => {
  /* fire events that update state */
});
/* assert on the output */

This ensures that you're testing the behavior the user would see in the browser. Learn more at https://react.dev/link/wrap-tests-with-act
An update to SchemaNodeProxy inside a test was not wrapped in act(...).

When testing, code that causes React state updates should be wrapped into act(...):

act(() => {
  /* fire events that update state */
});
/* assert on the output */

This ensures that you're testing the behavior the user would see in the browser. Learn more at https://react.dev/link/wrap-tests-with-act
An update to SchemaNodeProxy inside a test was not wrapped in act(...).

When testing, code that causes React state updates should be wrapped into act(...):

act(() => {
  /* fire events that update state */
});
/* assert on the output */

This ensures that you're testing the behavior the user would see in the browser. Learn more at https://react.dev/link/wrap-tests-with-act
An update to SchemaNodeProxy inside a test was not wrapped in act(...).

When testing, code that causes React state updates should be wrapped into act(...):

act(() => {
  /* fire events that update state */
});
/* assert on the output */

This ensures that you're testing the behavior the user would see in the browser. Learn more at https://react.dev/link/wrap-tests-with-act
An update to null inside a test was not wrapped in act(...).

When testing, code that causes React state updates should be wrapped into act(...):

act(() => {
  /* fire events that update state */
});
/* assert on the output */

This ensures that you're testing the behavior the user would see in the browser. Learn more at https://react.dev/link/wrap-tests-with-act
An update to SchemaNodeProxy inside a test was not wrapped in act(...).

When testing, code that causes React state updates should be wrapped into act(...):

act(() => {
  /* fire events that update state */
});
/* assert on the output */

This ensures that you're testing the behavior the user would see in the browser. Learn more at https://react.dev/link/wrap-tests-with-act
An update to null inside a test was not wrapped in act(...).

When testing, code that causes React state updates should be wrapped into act(...):

act(() => {
  /* fire events that update state */
});
/* assert on the output */

This ensures that you're testing the behavior the user would see in the browser. Learn more at https://react.dev/link/wrap-tests-with-act
An update to null inside a test was not wrapped in act(...).

When testing, code that causes React state updates should be wrapped into act(...):

act(() => {
  /* fire events that update state */
});
/* assert on the output */

This ensures that you're testing the behavior the user would see in the browser. Learn more at https://react.dev/link/wrap-tests-with-act
An update to SchemaNodeProxy inside a test was not wrapped in act(...).

When testing, code that causes React state updates should be wrapped into act(...):

act(() => {
  /* fire events that update state */
});
/* assert on the output */

This ensures that you're testing the behavior the user would see in the browser. Learn more at https://react.dev/link/wrap-tests-with-act

stderr | src/__tests__/scenarios/composition.allOf-ifThenElse.render.test.tsx > allOf schema merge rendering > merges properties from every allOf branch into one object (DOM + tree)
An update to null inside a test was not wrapped in act(...).

When testing, code that causes React state updates should be wrapped into act(...):

act(() => {
  /* fire events that update state */
});
/* assert on the output */

This ensures that you're testing the behavior the user would see in the browser. Learn more at https://react.dev/link/wrap-tests-with-act
An update to null inside a test was not wrapped in act(...).

When testing, code that causes React state updates should be wrapped into act(...):

act(() => {
  /* fire events that update state */
});
/* assert on the output */

This ensures that you're testing the behavior the user would see in the browser. Learn more at https://react.dev/link/wrap-tests-with-act
An update to SchemaNodeProxy inside a test was not wrapped in act(...).

When testing, code that causes React state updates should be wrapped into act(...):

act(() => {
  /* fire events that update state */
});
/* assert on the output */

This ensures that you're testing the behavior the user would see in the browser. Learn more at https://react.dev/link/wrap-tests-with-act
An update to null inside a test was not wrapped in act(...).

When testing, code that causes React state updates should be wrapped into act(...):

act(() => {
  /* fire events that update state */
});
/* assert on the output */

This ensures that you're testing the behavior the user would see in the browser. Learn more at https://react.dev/link/wrap-tests-with-act
An update to SchemaNodeProxy inside a test was not wrapped in act(...).

When testing, code that causes React state updates should be wrapped into act(...):

act(() => {
  /* fire events that update state */
});
/* assert on the output */

This ensures that you're testing the behavior the user would see in the browser. Learn more at https://react.dev/link/wrap-tests-with-act
An update to null inside a test was not wrapped in act(...).

When testing, code that causes React state updates should be wrapped into act(...):

act(() => {
  /* fire events that update state */
});
/* assert on the output */

This ensures that you're testing the behavior the user would see in the browser. Learn more at https://react.dev/link/wrap-tests-with-act
An update to SchemaNodeProxy inside a test was not wrapped in act(...).

When testing, code that causes React state updates should be wrapped into act(...):

act(() => {
  /* fire events that update state */
});
/* assert on the output */

This ensures that you're testing the behavior the user would see in the browser. Learn more at https://react.dev/link/wrap-tests-with-act
An update to null inside a test was not wrapped in act(...).

When testing, code that causes React state updates should be wrapped into act(...):

act(() => {
  /* fire events that update state */
});
/* assert on the output */

This ensures that you're testing the behavior the user would see in the browser. Learn more at https://react.dev/link/wrap-tests-with-act
An update to SchemaNodeProxy inside a test was not wrapped in act(...).

When testing, code that causes React state updates should be wrapped into act(...):

act(() => {
  /* fire events that update state */
});
/* assert on the output */

This ensures that you're testing the behavior the user would see in the browser. Learn more at https://react.dev/link/wrap-tests-with-act

 ✓ |render| src/__tests__/scenarios/default-value.render.test.tsx (14 tests) 362ms
stderr | src/__tests__/scenarios/computed.visibility.render.test.tsx > GAP-10 initial-mount priming of a visibility-gated field (two-phase) > settles to the visible field present in the DOM after the cascade drains
An update to null inside a test was not wrapped in act(...).

When testing, code that causes React state updates should be wrapped into act(...):

act(() => {
  /* fire events that update state */
});
/* assert on the output */

This ensures that you're testing the behavior the user would see in the browser. Learn more at https://react.dev/link/wrap-tests-with-act
An update to SchemaNodeProxy inside a test was not wrapped in act(...).

When testing, code that causes React state updates should be wrapped into act(...):

act(() => {
  /* fire events that update state */
});
/* assert on the output */

This ensures that you're testing the behavior the user would see in the browser. Learn more at https://react.dev/link/wrap-tests-with-act
An update to null inside a test was not wrapped in act(...).

When testing, code that causes React state updates should be wrapped into act(...):

act(() => {
  /* fire events that update state */
});
/* assert on the output */

This ensures that you're testing the behavior the user would see in the browser. Learn more at https://react.dev/link/wrap-tests-with-act
An update to SchemaNodeProxy inside a test was not wrapped in act(...).

When testing, code that causes React state updates should be wrapped into act(...):

act(() => {
  /* fire events that update state */
});
/* assert on the output */

This ensures that you're testing the behavior the user would see in the browser. Learn more at https://react.dev/link/wrap-tests-with-act
An update to null inside a test was not wrapped in act(...).

When testing, code that causes React state updates should be wrapped into act(...):

act(() => {
  /* fire events that update state */
});
/* assert on the output */

This ensures that you're testing the behavior the user would see in the browser. Learn more at https://react.dev/link/wrap-tests-with-act
An update to null inside a test was not wrapped in act(...).

When testing, code that causes React state updates should be wrapped into act(...):

act(() => {
  /* fire events that update state */
});
/* assert on the output */

This ensures that you're testing the behavior the user would see in the browser. Learn more at https://react.dev/link/wrap-tests-with-act
An update to SchemaNodeProxy inside a test was not wrapped in act(...).

When testing, code that causes React state updates should be wrapped into act(...):

act(() => {
  /* fire events that update state */
});
/* assert on the output */

This ensures that you're testing the behavior the user would see in the browser. Learn more at https://react.dev/link/wrap-tests-with-act
An update to null inside a test was not wrapped in act(...).

When testing, code that causes React state updates should be wrapped into act(...):

act(() => {
  /* fire events that update state */
});
/* assert on the output */

This ensures that you're testing the behavior the user would see in the browser. Learn more at https://react.dev/link/wrap-tests-with-act
An update to SchemaNodeProxy inside a test was not wrapped in act(...).

When testing, code that causes React state updates should be wrapped into act(...):

act(() => {
  /* fire events that update state */
});
/* assert on the output */

This ensures that you're testing the behavior the user would see in the browser. Learn more at https://react.dev/link/wrap-tests-with-act

 ✓ |render| src/__tests__/scenarios/computed.visibility.render.test.tsx (12 tests) 466ms
stderr | src/__tests__/scenarios/composition.anyOf.render.test.tsx > composition/anyOf render — multi-active resolution & ordering > rejects anyOf branches that redeclare the same key, so overlap is never ambiguous
JSONSchemaError: Property exclusiveness violation in 'anyOf' schema.

  ╭──────────────────────────────────────────────────
  │  Path:         
  │  Composition:  anyOf
  │  Property:     'shared'
  ├──────────────────────────────────────────────────
  │  Conflict:  Property already defined in another anyOf branch
  ╰──────────────────────────────────────────────────

In 'anyOf' composition, each property can only be defined in one branch.
The property 'shared' appears in multiple anyOf branches, which
would create ambiguity about which schema definition to use.

How to fix:
  1. Ensure 'shared' is only defined in one anyOf branch:
     {
       "anyOf": [
         { "properties": { "shared": { ... } } },
         { "properties": { "otherProp": { ... } } }  // Different property
       ]
     }

  2. Or move the common property to the parent schema:
     {
       "properties": { "shared": { ... } },
       "anyOf": [
         { "properties": { "branch1Prop": { ... } } },
         { "properties": { "branch2Prop": { ... } } }
       ]
     }
    at getCompositionNodeMapList (/Users/Vincent/Workspace/albatrion/packages/canard/schema-form/src/core/nodes/ObjectNode/strategies/BranchStrategy/utils/getCompositionNodeMapList/getCompositionNodeMapList.ts:81:15)
    at new BranchStrategy (/Users/Vincent/Workspace/albatrion/packages/canard/schema-form/src/core/nodes/ObjectNode/strategies/BranchStrategy/BranchStrategy.ts:894:38)
    at new ObjectNode (/Users/Vincent/Workspace/albatrion/packages/canard/schema-form/src/core/nodes/ObjectNode/ObjectNode.ts:107:11)
    at /Users/Vincent/Workspace/albatrion/packages/canard/schema-form/src/core/nodes/schemaNodeFactory.ts:104:16
    at nodeFromJSONSchema (/Users/Vincent/Workspace/albatrion/packages/canard/schema-form/src/core/nodeFromJSONSchema.ts:47:10)
    at /Users/Vincent/Workspace/albatrion/packages/canard/schema-form/src/providers/RootNodeContext/RootNodeContextProvider.tsx:86:7
    at mountMemo (/Users/Vincent/Workspace/albatrion/node_modules/react-dom/cjs/react-dom-client.development.js:8777:23)
    at Object.useMemo (/Users/Vincent/Workspace/albatrion/node_modules/react-dom/cjs/react-dom-client.development.js:26216:18)
    at process.env.NODE_ENV.exports.useMemo (/Users/Vincent/Workspace/albatrion/node_modules/react/cjs/react.development.js:1251:34)
    at RootNodeContextProvider (/Users/Vincent/Workspace/albatrion/packages/canard/schema-form/src/providers/RootNodeContext/RootNodeContextProvider.tsx:84:20) {
  [stack]: [Getter/Setter],
  [message]: "Property exclusiveness violation in 'anyOf' schema.\n" +
    '\n' +
    '  ╭──────────────────────────────────────────────────\n' +
    '  │  Path:         \n' +
    '  │  Composition:  anyOf\n' +
    "  │  Property:     'shared'\n" +
    '  ├──────────────────────────────────────────────────\n' +
    '  │  Conflict:  Property already defined in another anyOf branch\n' +
    '  ╰──────────────────────────────────────────────────\n' +
    '\n' +
    "In 'anyOf' composition, each property can only be defined in one branch.\n" +
    "The property 'shared' appears in multiple anyOf branches, which\n" +
    'would create ambiguity about which schema definition to use.\n' +
    '\n' +
    'How to fix:\n' +
    "  1. Ensure 'shared' is only defined in one anyOf branch:\n" +
    '     {\n' +
    '       "anyOf": [\n' +
    '         { "properties": { "shared": { ... } } },\n' +
    '         { "properties": { "otherProp": { ... } } }  // Different property\n' +
    '       ]\n' +
    '     }\n' +
    '\n' +
    '  2. Or move the common property to the parent schema:\n' +
    '     {\n' +
    '       "properties": { "shared": { ... } },\n' +
    '       "anyOf": [\n' +
    '         { "properties": { "branch1Prop": { ... } } },\n' +
    '         { "properties": { "branch2Prop": { ... } } }\n' +
    '       ]\n' +
    '     }',
  group: 'JSON_SCHEMA_ERROR',
  specific: 'COMPOSITION_PROPERTY_EXCLUSIVENESS_REDEFINITION',
  code: 'JSON_SCHEMA_ERROR.COMPOSITION_PROPERTY_EXCLUSIVENESS_REDEFINITION',
  details: {
    jsonSchema: {
      type: 'object',
      properties: {
        p: { type: 'boolean', default: true },
        q: { type: 'boolean', default: false }
      },
      anyOf: [
        { computed: [Object], properties: [Object] },
        { computed: [Object], properties: [Object] },
        [length]: 2
      ]
    },
    compositionType: 'anyOf',
    path: '',
    property: 'shared'
  },
  name: 'JSONSchemaError'
}

The above error occurred in the <RootNodeContextProvider> component.

React will try to recreate this component tree from scratch using the error boundary you provided, ErrorBoundary.

ErrorBoundary caught an error: JSONSchemaError: Property exclusiveness violation in 'anyOf' schema.

  ╭──────────────────────────────────────────────────
  │  Path:         
  │  Composition:  anyOf
  │  Property:     'shared'
  ├──────────────────────────────────────────────────
  │  Conflict:  Property already defined in another anyOf branch
  ╰──────────────────────────────────────────────────

In 'anyOf' composition, each property can only be defined in one branch.
The property 'shared' appears in multiple anyOf branches, which
would create ambiguity about which schema definition to use.

How to fix:
  1. Ensure 'shared' is only defined in one anyOf branch:
     {
       "anyOf": [
         { "properties": { "shared": { ... } } },
         { "properties": { "otherProp": { ... } } }  // Different property
       ]
     }

  2. Or move the common property to the parent schema:
     {
       "properties": { "shared": { ... } },
       "anyOf": [
         { "properties": { "branch1Prop": { ... } } },
         { "properties": { "branch2Prop": { ... } } }
       ]
     }
    at getCompositionNodeMapList (/Users/Vincent/Workspace/albatrion/packages/canard/schema-form/src/core/nodes/ObjectNode/strategies/BranchStrategy/utils/getCompositionNodeMapList/getCompositionNodeMapList.ts:81:15)
    at new BranchStrategy (/Users/Vincent/Workspace/albatrion/packages/canard/schema-form/src/core/nodes/ObjectNode/strategies/BranchStrategy/BranchStrategy.ts:894:38)
    at new ObjectNode (/Users/Vincent/Workspace/albatrion/packages/canard/schema-form/src/core/nodes/ObjectNode/ObjectNode.ts:107:11)
    at /Users/Vincent/Workspace/albatrion/packages/canard/schema-form/src/core/nodes/schemaNodeFactory.ts:104:16
    at nodeFromJSONSchema (/Users/Vincent/Workspace/albatrion/packages/canard/schema-form/src/core/nodeFromJSONSchema.ts:47:10)
    at /Users/Vincent/Workspace/albatrion/packages/canard/schema-form/src/providers/RootNodeContext/RootNodeContextProvider.tsx:86:7
    at mountMemo (/Users/Vincent/Workspace/albatrion/node_modules/react-dom/cjs/react-dom-client.development.js:8777:23)
    at Object.useMemo (/Users/Vincent/Workspace/albatrion/node_modules/react-dom/cjs/react-dom-client.development.js:26216:18)
    at process.env.NODE_ENV.exports.useMemo (/Users/Vincent/Workspace/albatrion/node_modules/react/cjs/react.development.js:1251:34)
    at RootNodeContextProvider (/Users/Vincent/Workspace/albatrion/packages/canard/schema-form/src/providers/RootNodeContext/RootNodeContextProvider.tsx:84:20) {
  group: 'JSON_SCHEMA_ERROR',
  specific: 'COMPOSITION_PROPERTY_EXCLUSIVENESS_REDEFINITION',
  code: 'JSON_SCHEMA_ERROR.COMPOSITION_PROPERTY_EXCLUSIVENESS_REDEFINITION',
  details: {
    jsonSchema: { type: 'object', properties: [Object], anyOf: [Array] },
    compositionType: 'anyOf',
    path: '',
    property: 'shared'
  }
} {
  componentStack: '\n' +
    '    at RootNodeContextProvider (/Users/Vincent/Workspace/albatrion/packages/canard/schema-form/src/providers/RootNodeContext/RootNodeContextProvider.tsx:20:3)\n' +
    '    at VirtualizationContextProvider (/Users/Vincent/Workspace/albatrion/packages/canard/schema-form/src/providers/VirtualizationContext/VirtualizationContextProvider.tsx:13:3)\n' +
    '    at InputControlContextProvider (/Users/Vincent/Workspace/albatrion/packages/canard/schema-form/src/providers/InputControlContext/InputControlContextProvider.tsx:9:3)\n' +
    '    at FormTypeRendererContextProvider (/Users/Vincent/Workspace/albatrion/packages/canard/schema-form/src/providers/FormTypeRendererContext/FormTypeRendererProvider.tsx:22:3)\n' +
    '    at FormTypeInputsContextProvider (/Users/Vincent/Workspace/albatrion/packages/canard/schema-form/src/providers/FormTypeInputsContext/FormTypeInputsContextProvider.tsx:13:3)\n' +
    '    at WorkspaceContextProvider (/Users/Vincent/Workspace/albatrion/packages/canard/schema-form/src/providers/WorkspaceContext/WorkspaceContextProvider.tsx:13:3)\n' +
    '    at FormInner (/Users/Vincent/Workspace/albatrion/packages/canard/schema-form/src/components/Form/Form.tsx:29:15)\n' +
    '    at ErrorBoundary (/Users/Vincent/Workspace/albatrion/packages/winglet/react-utils/dist/hoc/withErrorBoundary/components/ErrorBoundary.mjs:13:3)'
}

 ✓ |render| src/__tests__/scenarios/composition.anyOf.render.test.tsx (11 tests) 566ms
stderr | src/__tests__/scenarios/virtual.render.test.tsx > virtual defaultValue priming > primes the aggregation and nested DOM from defaultValue (two-phase)
An update to null inside a test was not wrapped in act(...).

When testing, code that causes React state updates should be wrapped into act(...):

act(() => {
  /* fire events that update state */
});
/* assert on the output */

This ensures that you're testing the behavior the user would see in the browser. Learn more at https://react.dev/link/wrap-tests-with-act
An update to SchemaNodeProxy inside a test was not wrapped in act(...).

When testing, code that causes React state updates should be wrapped into act(...):

act(() => {
  /* fire events that update state */
});
/* assert on the output */

This ensures that you're testing the behavior the user would see in the browser. Learn more at https://react.dev/link/wrap-tests-with-act
An update to null inside a test was not wrapped in act(...).

When testing, code that causes React state updates should be wrapped into act(...):

act(() => {
  /* fire events that update state */
});
/* assert on the output */

This ensures that you're testing the behavior the user would see in the browser. Learn more at https://react.dev/link/wrap-tests-with-act
An update to SchemaNodeProxy inside a test was not wrapped in act(...).

When testing, code that causes React state updates should be wrapped into act(...):

act(() => {
  /* fire events that update state */
});
/* assert on the output */

This ensures that you're testing the behavior the user would see in the browser. Learn more at https://react.dev/link/wrap-tests-with-act
An update to null inside a test was not wrapped in act(...).

When testing, code that causes React state updates should be wrapped into act(...):

act(() => {
  /* fire events that update state */
});
/* assert on the output */

This ensures that you're testing the behavior the user would see in the browser. Learn more at https://react.dev/link/wrap-tests-with-act
An update to null inside a test was not wrapped in act(...).

When testing, code that causes React state updates should be wrapped into act(...):

act(() => {
  /* fire events that update state */
});
/* assert on the output */

This ensures that you're testing the behavior the user would see in the browser. Learn more at https://react.dev/link/wrap-tests-with-act
An update to SchemaNodeProxy inside a test was not wrapped in act(...).

When testing, code that causes React state updates should be wrapped into act(...):

act(() => {
  /* fire events that update state */
});
/* assert on the output */

This ensures that you're testing the behavior the user would see in the browser. Learn more at https://react.dev/link/wrap-tests-with-act
An update to null inside a test was not wrapped in act(...).

When testing, code that causes React state updates should be wrapped into act(...):

act(() => {
  /* fire events that update state */
});
/* assert on the output */

This ensures that you're testing the behavior the user would see in the browser. Learn more at https://react.dev/link/wrap-tests-with-act
An update to null inside a test was not wrapped in act(...).

When testing, code that causes React state updates should be wrapped into act(...):

act(() => {
  /* fire events that update state */
});
/* assert on the output */

This ensures that you're testing the behavior the user would see in the browser. Learn more at https://react.dev/link/wrap-tests-with-act
An update to SchemaNodeProxy inside a test was not wrapped in act(...).

When testing, code that causes React state updates should be wrapped into act(...):

act(() => {
  /* fire events that update state */
});
/* assert on the output */

This ensures that you're testing the behavior the user would see in the browser. Learn more at https://react.dev/link/wrap-tests-with-act

 ✓ |render| src/__tests__/scenarios/composition.allOf-ifThenElse.render.test.tsx (12 tests) 568ms
 ✓ |render| src/__tests__/scenarios/virtual.render.test.tsx (12 tests) 442ms
stderr | src/__tests__/scenarios/computed.derived.render.test.tsx > GAP-11 computed.derived — propagation timing (full drain) > reflects the derived value in the DOM only after the cascade fully drains (two-phase)
An update to null inside a test was not wrapped in act(...).

When testing, code that causes React state updates should be wrapped into act(...):

act(() => {
  /* fire events that update state */
});
/* assert on the output */

This ensures that you're testing the behavior the user would see in the browser. Learn more at https://react.dev/link/wrap-tests-with-act
An update to SchemaNodeProxy inside a test was not wrapped in act(...).

When testing, code that causes React state updates should be wrapped into act(...):

act(() => {
  /* fire events that update state */
});
/* assert on the output */

This ensures that you're testing the behavior the user would see in the browser. Learn more at https://react.dev/link/wrap-tests-with-act
An update to null inside a test was not wrapped in act(...).

When testing, code that causes React state updates should be wrapped into act(...):

act(() => {
  /* fire events that update state */
});
/* assert on the output */

This ensures that you're testing the behavior the user would see in the browser. Learn more at https://react.dev/link/wrap-tests-with-act
An update to SchemaNodeProxy inside a test was not wrapped in act(...).

When testing, code that causes React state updates should be wrapped into act(...):

act(() => {
  /* fire events that update state */
});
/* assert on the output */

This ensures that you're testing the behavior the user would see in the browser. Learn more at https://react.dev/link/wrap-tests-with-act
An update to null inside a test was not wrapped in act(...).

When testing, code that causes React state updates should be wrapped into act(...):

act(() => {
  /* fire events that update state */
});
/* assert on the output */

This ensures that you're testing the behavior the user would see in the browser. Learn more at https://react.dev/link/wrap-tests-with-act
An update to null inside a test was not wrapped in act(...).

When testing, code that causes React state updates should be wrapped into act(...):

act(() => {
  /* fire events that update state */
});
/* assert on the output */

This ensures that you're testing the behavior the user would see in the browser. Learn more at https://react.dev/link/wrap-tests-with-act
An update to SchemaNodeProxy inside a test was not wrapped in act(...).

When testing, code that causes React state updates should be wrapped into act(...):

act(() => {
  /* fire events that update state */
});
/* assert on the output */

This ensures that you're testing the behavior the user would see in the browser. Learn more at https://react.dev/link/wrap-tests-with-act
An update to null inside a test was not wrapped in act(...).

When testing, code that causes React state updates should be wrapped into act(...):

act(() => {
  /* fire events that update state */
});
/* assert on the output */

This ensures that you're testing the behavior the user would see in the browser. Learn more at https://react.dev/link/wrap-tests-with-act
An update to SchemaNodeProxy inside a test was not wrapped in act(...).

When testing, code that causes React state updates should be wrapped into act(...):

act(() => {
  /* fire events that update state */
});
/* assert on the output */

This ensures that you're testing the behavior the user would see in the browser. Learn more at https://react.dev/link/wrap-tests-with-act
An update to null inside a test was not wrapped in act(...).

When testing, code that causes React state updates should be wrapped into act(...):

act(() => {
  /* fire events that update state */
});
/* assert on the output */

This ensures that you're testing the behavior the user would see in the browser. Learn more at https://react.dev/link/wrap-tests-with-act
An update to SchemaNodeProxy inside a test was not wrapped in act(...).

When testing, code that causes React state updates should be wrapped into act(...):

act(() => {
  /* fire events that update state */
});
/* assert on the output */

This ensures that you're testing the behavior the user would see in the browser. Learn more at https://react.dev/link/wrap-tests-with-act

stderr | src/__tests__/scenarios/computed.derived.render.test.tsx > GAP-11 computed.derived — propagation timing (full drain) > propagates a typed dependency through a derived chain after the drain
Received NaN for the `defaultValue` attribute. If this is expected, cast the value to a string.

stderr | src/__tests__/scenarios/computed.derived.render.test.tsx > GAP-11 computed.derived — circular convergence guard > surfaces INFINITE_LOOP_DETECTED for a diverging circular pair without hanging
An update to null inside a test was not wrapped in act(...).

When testing, code that causes React state updates should be wrapped into act(...):

act(() => {
  /* fire events that update state */
});
/* assert on the output */

This ensures that you're testing the behavior the user would see in the browser. Learn more at https://react.dev/link/wrap-tests-with-act
An update to SchemaNodeProxy inside a test was not wrapped in act(...).

When testing, code that causes React state updates should be wrapped into act(...):

act(() => {
  /* fire events that update state */
});
/* assert on the output */

This ensures that you're testing the behavior the user would see in the browser. Learn more at https://react.dev/link/wrap-tests-with-act
An update to null inside a test was not wrapped in act(...).

When testing, code that causes React state updates should be wrapped into act(...):

act(() => {
  /* fire events that update state */
});
/* assert on the output */

This ensures that you're testing the behavior the user would see in the browser. Learn more at https://react.dev/link/wrap-tests-with-act
An update to SchemaNodeProxy inside a test was not wrapped in act(...).

When testing, code that causes React state updates should be wrapped into act(...):

act(() => {
  /* fire events that update state */
});
/* assert on the output */

This ensures that you're testing the behavior the user would see in the browser. Learn more at https://react.dev/link/wrap-tests-with-act
An update to null inside a test was not wrapped in act(...).

When testing, code that causes React state updates should be wrapped into act(...):

act(() => {
  /* fire events that update state */
});
/* assert on the output */

This ensures that you're testing the behavior the user would see in the browser. Learn more at https://react.dev/link/wrap-tests-with-act
An update to SchemaNodeProxy inside a test was not wrapped in act(...).

When testing, code that causes React state updates should be wrapped into act(...):

act(() => {
  /* fire events that update state */
});
/* assert on the output */

This ensures that you're testing the behavior the user would see in the browser. Learn more at https://react.dev/link/wrap-tests-with-act
An update to null inside a test was not wrapped in act(...).

When testing, code that causes React state updates should be wrapped into act(...):

act(() => {
  /* fire events that update state */
});
/* assert on the output */

This ensures that you're testing the behavior the user would see in the browser. Learn more at https://react.dev/link/wrap-tests-with-act
An update to SchemaNodeProxy inside a test was not wrapped in act(...).

When testing, code that causes React state updates should be wrapped into act(...):

act(() => {
  /* fire events that update state */
});
/* assert on the output */

This ensures that you're testing the behavior the user would see in the browser. Learn more at https://react.dev/link/wrap-tests-with-act
An update to null inside a test was not wrapped in act(...).

When testing, code that causes React state updates should be wrapped into act(...):

act(() => {
  /* fire events that update state */
});
/* assert on the output */

This ensures that you're testing the behavior the user would see in the browser. Learn more at https://react.dev/link/wrap-tests-with-act
An update to SchemaNodeProxy inside a test was not wrapped in act(...).

When testing, code that causes React state updates should be wrapped into act(...):

act(() => {
  /* fire events that update state */
});
/* assert on the output */

This ensures that you're testing the behavior the user would see in the browser. Learn more at https://react.dev/link/wrap-tests-with-act
An update to null inside a test was not wrapped in act(...).

When testing, code that causes React state updates should be wrapped into act(...):

act(() => {
  /* fire events that update state */
});
/* assert on the output */

This ensures that you're testing the behavior the user would see in the browser. Learn more at https://react.dev/link/wrap-tests-with-act
An update to null inside a test was not wrapped in act(...).

When testing, code that causes React state updates should be wrapped into act(...):

act(() => {
  /* fire events that update state */
});
/* assert on the output */

This ensures that you're testing the behavior the user would see in the browser. Learn more at https://react.dev/link/wrap-tests-with-act
An update to SchemaNodeProxy inside a test was not wrapped in act(...).

When testing, code that causes React state updates should be wrapped into act(...):

act(() => {
  /* fire events that update state */
});
/* assert on the output */

This ensures that you're testing the behavior the user would see in the browser. Learn more at https://react.dev/link/wrap-tests-with-act

 ✓ |render| src/__tests__/scenarios/validation.errors.render.test.tsx (14 tests) 683ms
 ✓ |render| src/__tests__/scenarios/computed.derived.render.test.tsx (14 tests) 693ms
 ✓ |render| src/__tests__/scenarios/controlled-interaction.render.test.tsx (13 tests) 866ms
 ✓ |render| src/__tests__/scenarios/validation.async-race.render.test.tsx (2 tests) 478ms
stderr | src/__tests__/harness.smoke.test.tsx > renderForm harness — smoke > supports two-phase (synchronous-then-flushed) assertions
An update to null inside a test was not wrapped in act(...).

When testing, code that causes React state updates should be wrapped into act(...):

act(() => {
  /* fire events that update state */
});
/* assert on the output */

This ensures that you're testing the behavior the user would see in the browser. Learn more at https://react.dev/link/wrap-tests-with-act
An update to SchemaNodeProxy inside a test was not wrapped in act(...).

When testing, code that causes React state updates should be wrapped into act(...):

act(() => {
  /* fire events that update state */
});
/* assert on the output */

This ensures that you're testing the behavior the user would see in the browser. Learn more at https://react.dev/link/wrap-tests-with-act
An update to null inside a test was not wrapped in act(...).

When testing, code that causes React state updates should be wrapped into act(...):

act(() => {
  /* fire events that update state */
});
/* assert on the output */

This ensures that you're testing the behavior the user would see in the browser. Learn more at https://react.dev/link/wrap-tests-with-act
An update to null inside a test was not wrapped in act(...).

When testing, code that causes React state updates should be wrapped into act(...):

act(() => {
  /* fire events that update state */
});
/* assert on the output */

This ensures that you're testing the behavior the user would see in the browser. Learn more at https://react.dev/link/wrap-tests-with-act
An update to SchemaNodeProxy inside a test was not wrapped in act(...).

When testing, code that causes React state updates should be wrapped into act(...):

act(() => {
  /* fire events that update state */
});
/* assert on the output */

This ensures that you're testing the behavior the user would see in the browser. Learn more at https://react.dev/link/wrap-tests-with-act

 ✓ |render| src/__tests__/harness.smoke.test.tsx (9 tests) 380ms
stderr | src/__tests__/scenarios/array.prefixItems-terminal.render.test.tsx > prefixItems priming (two-phase) > mounts the tuple slots synchronously, then settles their defaults
An update to null inside a test was not wrapped in act(...).

When testing, code that causes React state updates should be wrapped into act(...):

act(() => {
  /* fire events that update state */
});
/* assert on the output */

This ensures that you're testing the behavior the user would see in the browser. Learn more at https://react.dev/link/wrap-tests-with-act
An update to SchemaNodeProxy inside a test was not wrapped in act(...).

When testing, code that causes React state updates should be wrapped into act(...):

act(() => {
  /* fire events that update state */
});
/* assert on the output */

This ensures that you're testing the behavior the user would see in the browser. Learn more at https://react.dev/link/wrap-tests-with-act
An update to null inside a test was not wrapped in act(...).

When testing, code that causes React state updates should be wrapped into act(...):

act(() => {
  /* fire events that update state */
});
/* assert on the output */

This ensures that you're testing the behavior the user would see in the browser. Learn more at https://react.dev/link/wrap-tests-with-act
An update to SchemaNodeProxy inside a test was not wrapped in act(...).

When testing, code that causes React state updates should be wrapped into act(...):

act(() => {
  /* fire events that update state */
});
/* assert on the output */

This ensures that you're testing the behavior the user would see in the browser. Learn more at https://react.dev/link/wrap-tests-with-act
An update to null inside a test was not wrapped in act(...).

When testing, code that causes React state updates should be wrapped into act(...):

act(() => {
  /* fire events that update state */
});
/* assert on the output */

This ensures that you're testing the behavior the user would see in the browser. Learn more at https://react.dev/link/wrap-tests-with-act
An update to SchemaNodeProxy inside a test was not wrapped in act(...).

When testing, code that causes React state updates should be wrapped into act(...):

act(() => {
  /* fire events that update state */
});
/* assert on the output */

This ensures that you're testing the behavior the user would see in the browser. Learn more at https://react.dev/link/wrap-tests-with-act
An update to null inside a test was not wrapped in act(...).

When testing, code that causes React state updates should be wrapped into act(...):

act(() => {
  /* fire events that update state */
});
/* assert on the output */

This ensures that you're testing the behavior the user would see in the browser. Learn more at https://react.dev/link/wrap-tests-with-act
An update to null inside a test was not wrapped in act(...).

When testing, code that causes React state updates should be wrapped into act(...):

act(() => {
  /* fire events that update state */
});
/* assert on the output */

This ensures that you're testing the behavior the user would see in the browser. Learn more at https://react.dev/link/wrap-tests-with-act
An update to SchemaNodeProxy inside a test was not wrapped in act(...).

When testing, code that causes React state updates should be wrapped into act(...):

act(() => {
  /* fire events that update state */
});
/* assert on the output */

This ensures that you're testing the behavior the user would see in the browser. Learn more at https://react.dev/link/wrap-tests-with-act
An update to null inside a test was not wrapped in act(...).

When testing, code that causes React state updates should be wrapped into act(...):

act(() => {
  /* fire events that update state */
});
/* assert on the output */

This ensures that you're testing the behavior the user would see in the browser. Learn more at https://react.dev/link/wrap-tests-with-act
An update to null inside a test was not wrapped in act(...).

When testing, code that causes React state updates should be wrapped into act(...):

act(() => {
  /* fire events that update state */
});
/* assert on the output */

This ensures that you're testing the behavior the user would see in the browser. Learn more at https://react.dev/link/wrap-tests-with-act
An update to SchemaNodeProxy inside a test was not wrapped in act(...).

When testing, code that causes React state updates should be wrapped into act(...):

act(() => {
  /* fire events that update state */
});
/* assert on the output */

This ensures that you're testing the behavior the user would see in the browser. Learn more at https://react.dev/link/wrap-tests-with-act

 ✓ |render| src/__tests__/scenarios/array.prefixItems-terminal.render.test.tsx (14 tests) 425ms
 ✓ |render| src/__tests__/scenarios/refresh.uncontrolled-value.render.test.tsx (11 tests) 328ms
 ✓ |render| src/__tests__/scenarios/formType-resolution.render.test.tsx (13 tests) 431ms
 ✓ |render| src/__tests__/scenarios/array.omit-trailing.render.test.tsx (12 tests) 411ms
stderr | src/__tests__/scenarios/nullable.object-initial-null.render.test.tsx > nullable.object-initial-null.render — seeded null survives child construction > with oneOf branches whose children carry defaults > keeps the seeded null after the initial branch settles, with the active branch mounted


 ⚠️ [@canard/schema-form] SCHEMA_FORM_WARNING.NULLABLE_ONE_OF_NULL_UNREACHABLE ⚠️ 

  This object is nullable, but no validator accepts null under its 'oneOf':
  2 branches accept null, so null matches more than one.
  
    ╭──────────────────────────────────────────────────
    │  Path:                    /target
    │  Branches accepting null: 2 (exactly 1 is required)
    ╰──────────────────────────────────────────────────
  
  A branch that declares no 'type' accepts null, because 'properties' and
  'required' only apply to objects. The form keeps a null value as it is, so
  validation of that value fails.
  
  How to fix:
    1. Add one null branch and declare the type of the object branches:
         oneOf: [
           { type: 'null' },
           { type: 'object', properties: { ... } },
         ]
    2. Or use 'anyOf', which a null branch alone satisfies
 { path: '/target', admitting: 2 }

stderr | src/__tests__/scenarios/computed.readonly-disabled.render.test.tsx > GAP-10 initial-mount priming of computed readOnly/disabled (two-phase) > settles computed flags into the DOM after the cascade drains
An update to null inside a test was not wrapped in act(...).

When testing, code that causes React state updates should be wrapped into act(...):

act(() => {
  /* fire events that update state */
});
/* assert on the output */

This ensures that you're testing the behavior the user would see in the browser. Learn more at https://react.dev/link/wrap-tests-with-act
An update to SchemaNodeProxy inside a test was not wrapped in act(...).

When testing, code that causes React state updates should be wrapped into act(...):

act(() => {
  /* fire events that update state */
});
/* assert on the output */

This ensures that you're testing the behavior the user would see in the browser. Learn more at https://react.dev/link/wrap-tests-with-act
An update to null inside a test was not wrapped in act(...).

When testing, code that causes React state updates should be wrapped into act(...):

act(() => {
  /* fire events that update state */
});
/* assert on the output */

This ensures that you're testing the behavior the user would see in the browser. Learn more at https://react.dev/link/wrap-tests-with-act
An update to SchemaNodeProxy inside a test was not wrapped in act(...).

When testing, code that causes React state updates should be wrapped into act(...):

act(() => {
  /* fire events that update state */
});
/* assert on the output */

This ensures that you're testing the behavior the user would see in the browser. Learn more at https://react.dev/link/wrap-tests-with-act
An update to null inside a test was not wrapped in act(...).

When testing, code that causes React state updates should be wrapped into act(...):

act(() => {
  /* fire events that update state */
});
/* assert on the output */

This ensures that you're testing the behavior the user would see in the browser. Learn more at https://react.dev/link/wrap-tests-with-act
An update to SchemaNodeProxy inside a test was not wrapped in act(...).

When testing, code that causes React state updates should be wrapped into act(...):

act(() => {
  /* fire events that update state */
});
/* assert on the output */

This ensures that you're testing the behavior the user would see in the browser. Learn more at https://react.dev/link/wrap-tests-with-act
An update to null inside a test was not wrapped in act(...).

When testing, code that causes React state updates should be wrapped into act(...):

act(() => {
  /* fire events that update state */
});
/* assert on the output */

This ensures that you're testing the behavior the user would see in the browser. Learn more at https://react.dev/link/wrap-tests-with-act
An update to null inside a test was not wrapped in act(...).

When testing, code that causes React state updates should be wrapped into act(...):

act(() => {
  /* fire events that update state */
});
/* assert on the output */

This ensures that you're testing the behavior the user would see in the browser. Learn more at https://react.dev/link/wrap-tests-with-act
An update to SchemaNodeProxy inside a test was not wrapped in act(...).

When testing, code that causes React state updates should be wrapped into act(...):

act(() => {
  /* fire events that update state */
});
/* assert on the output */

This ensures that you're testing the behavior the user would see in the browser. Learn more at https://react.dev/link/wrap-tests-with-act
An update to null inside a test was not wrapped in act(...).

When testing, code that causes React state updates should be wrapped into act(...):

act(() => {
  /* fire events that update state */
});
/* assert on the output */

This ensures that you're testing the behavior the user would see in the browser. Learn more at https://react.dev/link/wrap-tests-with-act
An update to SchemaNodeProxy inside a test was not wrapped in act(...).

When testing, code that causes React state updates should be wrapped into act(...):

act(() => {
  /* fire events that update state */
});
/* assert on the output */

This ensures that you're testing the behavior the user would see in the browser. Learn more at https://react.dev/link/wrap-tests-with-act

 ✓ |render| src/__tests__/scenarios/computed.readonly-disabled.render.test.tsx (13 tests) 544ms
stderr | src/__tests__/scenarios/multi-render-split-brain.render.test.tsx > GAP-16: same node rendered in two locations stays consistent > initial mount: both string locations agree (two-phase: sync then flush)
An update to null inside a test was not wrapped in act(...).

When testing, code that causes React state updates should be wrapped into act(...):

act(() => {
  /* fire events that update state */
});
/* assert on the output */

This ensures that you're testing the behavior the user would see in the browser. Learn more at https://react.dev/link/wrap-tests-with-act
An update to SchemaNodeProxy inside a test was not wrapped in act(...).

When testing, code that causes React state updates should be wrapped into act(...):

act(() => {
  /* fire events that update state */
});
/* assert on the output */

This ensures that you're testing the behavior the user would see in the browser. Learn more at https://react.dev/link/wrap-tests-with-act
An update to null inside a test was not wrapped in act(...).

When testing, code that causes React state updates should be wrapped into act(...):

act(() => {
  /* fire events that update state */
});
/* assert on the output */

This ensures that you're testing the behavior the user would see in the browser. Learn more at https://react.dev/link/wrap-tests-with-act
An update to SchemaNodeProxy inside a test was not wrapped in act(...).

When testing, code that causes React state updates should be wrapped into act(...):

act(() => {
  /* fire events that update state */
});
/* assert on the output */

This ensures that you're testing the behavior the user would see in the browser. Learn more at https://react.dev/link/wrap-tests-with-act

 ✓ |render| src/__tests__/scenarios/refSchema-context-provider.render.test.tsx (13 tests) 429ms
 ✓ |render| src/__tests__/scenarios/nullable.object-initial-null.render.test.tsx (7 tests) 604ms
 ✓ |render| src/__tests__/scenarios/multi-render-split-brain.render.test.tsx (10 tests) 398ms
stderr | src/__tests__/scenarios/composition.oneOf.initial.render.test.tsx > composition.oneOf — initial branch priming > default-selected branch primed in tree and present at first paint (GAP-1 resolved) > first branch (index 0)
An update to null inside a test was not wrapped in act(...).

When testing, code that causes React state updates should be wrapped into act(...):

act(() => {
  /* fire events that update state */
});
/* assert on the output */

This ensures that you're testing the behavior the user would see in the browser. Learn more at https://react.dev/link/wrap-tests-with-act
An update to SchemaNodeProxy inside a test was not wrapped in act(...).

When testing, code that causes React state updates should be wrapped into act(...):

act(() => {
  /* fire events that update state */
});
/* assert on the output */

This ensures that you're testing the behavior the user would see in the browser. Learn more at https://react.dev/link/wrap-tests-with-act
An update to SchemaNodeProxy inside a test was not wrapped in act(...).

When testing, code that causes React state updates should be wrapped into act(...):

act(() => {
  /* fire events that update state */
});
/* assert on the output */

This ensures that you're testing the behavior the user would see in the browser. Learn more at https://react.dev/link/wrap-tests-with-act
An update to null inside a test was not wrapped in act(...).

When testing, code that causes React state updates should be wrapped into act(...):

act(() => {
  /* fire events that update state */
});
/* assert on the output */

This ensures that you're testing the behavior the user would see in the browser. Learn more at https://react.dev/link/wrap-tests-with-act
An update to SchemaNodeProxy inside a test was not wrapped in act(...).

When testing, code that causes React state updates should be wrapped into act(...):

act(() => {
  /* fire events that update state */
});
/* assert on the output */

This ensures that you're testing the behavior the user would see in the browser. Learn more at https://react.dev/link/wrap-tests-with-act
An update to SchemaNodeProxy inside a test was not wrapped in act(...).

When testing, code that causes React state updates should be wrapped into act(...):

act(() => {
  /* fire events that update state */
});
/* assert on the output */

This ensures that you're testing the behavior the user would see in the browser. Learn more at https://react.dev/link/wrap-tests-with-act
An update to null inside a test was not wrapped in act(...).

When testing, code that causes React state updates should be wrapped into act(...):

act(() => {
  /* fire events that update state */
});
/* assert on the output */

This ensures that you're testing the behavior the user would see in the browser. Learn more at https://react.dev/link/wrap-tests-with-act
An update to SchemaNodeProxy inside a test was not wrapped in act(...).

When testing, code that causes React state updates should be wrapped into act(...):

act(() => {
  /* fire events that update state */
});
/* assert on the output */

This ensures that you're testing the behavior the user would see in the browser. Learn more at https://react.dev/link/wrap-tests-with-act
An update to null inside a test was not wrapped in act(...).

When testing, code that causes React state updates should be wrapped into act(...):

act(() => {
  /* fire events that update state */
});
/* assert on the output */

This ensures that you're testing the behavior the user would see in the browser. Learn more at https://react.dev/link/wrap-tests-with-act
An update to null inside a test was not wrapped in act(...).

When testing, code that causes React state updates should be wrapped into act(...):

act(() => {
  /* fire events that update state */
});
/* assert on the output */

This ensures that you're testing the behavior the user would see in the browser. Learn more at https://react.dev/link/wrap-tests-with-act
An update to SchemaNodeProxy inside a test was not wrapped in act(...).

When testing, code that causes React state updates should be wrapped into act(...):

act(() => {
  /* fire events that update state */
});
/* assert on the output */

This ensures that you're testing the behavior the user would see in the browser. Learn more at https://react.dev/link/wrap-tests-with-act
An update to SchemaNodeProxy inside a test was not wrapped in act(...).

When testing, code that causes React state updates should be wrapped into act(...):

act(() => {
  /* fire events that update state */
});
/* assert on the output */

This ensures that you're testing the behavior the user would see in the browser. Learn more at https://react.dev/link/wrap-tests-with-act
An update to null inside a test was not wrapped in act(...).

When testing, code that causes React state updates should be wrapped into act(...):

act(() => {
  /* fire events that update state */
});
/* assert on the output */

This ensures that you're testing the behavior the user would see in the browser. Learn more at https://react.dev/link/wrap-tests-with-act

stderr | src/__tests__/scenarios/composition.oneOf.initial.render.test.tsx > composition.oneOf — initial branch priming > default-selected branch primed in tree and present at first paint (GAP-1 resolved) > non-first branch (index 2)
An update to null inside a test was not wrapped in act(...).

When testing, code that causes React state updates should be wrapped into act(...):

act(() => {
  /* fire events that update state */
});
/* assert on the output */

This ensures that you're testing the behavior the user would see in the browser. Learn more at https://react.dev/link/wrap-tests-with-act
An update to SchemaNodeProxy inside a test was not wrapped in act(...).

When testing, code that causes React state updates should be wrapped into act(...):

act(() => {
  /* fire events that update state */
});
/* assert on the output */

This ensures that you're testing the behavior the user would see in the browser. Learn more at https://react.dev/link/wrap-tests-with-act
An update to SchemaNodeProxy inside a test was not wrapped in act(...).

When testing, code that causes React state updates should be wrapped into act(...):

act(() => {
  /* fire events that update state */
});
/* assert on the output */

This ensures that you're testing the behavior the user would see in the browser. Learn more at https://react.dev/link/wrap-tests-with-act
An update to SchemaNodeProxy inside a test was not wrapped in act(...).

When testing, code that causes React state updates should be wrapped into act(...):

act(() => {
  /* fire events that update state */
});
/* assert on the output */

This ensures that you're testing the behavior the user would see in the browser. Learn more at https://react.dev/link/wrap-tests-with-act
An update to null inside a test was not wrapped in act(...).

When testing, code that causes React state updates should be wrapped into act(...):

act(() => {
  /* fire events that update state */
});
/* assert on the output */

This ensures that you're testing the behavior the user would see in the browser. Learn more at https://react.dev/link/wrap-tests-with-act
An update to SchemaNodeProxy inside a test was not wrapped in act(...).

When testing, code that causes React state updates should be wrapped into act(...):

act(() => {
  /* fire events that update state */
});
/* assert on the output */

This ensures that you're testing the behavior the user would see in the browser. Learn more at https://react.dev/link/wrap-tests-with-act
An update to SchemaNodeProxy inside a test was not wrapped in act(...).

When testing, code that causes React state updates should be wrapped into act(...):

act(() => {
  /* fire events that update state */
});
/* assert on the output */

This ensures that you're testing the behavior the user would see in the browser. Learn more at https://react.dev/link/wrap-tests-with-act
An update to null inside a test was not wrapped in act(...).

When testing, code that causes React state updates should be wrapped into act(...):

act(() => {
  /* fire events that update state */
});
/* assert on the output */

This ensures that you're testing the behavior the user would see in the browser. Learn more at https://react.dev/link/wrap-tests-with-act
An update to SchemaNodeProxy inside a test was not wrapped in act(...).

When testing, code that causes React state updates should be wrapped into act(...):

act(() => {
  /* fire events that update state */
});
/* assert on the output */

This ensures that you're testing the behavior the user would see in the browser. Learn more at https://react.dev/link/wrap-tests-with-act
An update to null inside a test was not wrapped in act(...).

When testing, code that causes React state updates should be wrapped into act(...):

act(() => {
  /* fire events that update state */
});
/* assert on the output */

This ensures that you're testing the behavior the user would see in the browser. Learn more at https://react.dev/link/wrap-tests-with-act
An update to null inside a test was not wrapped in act(...).

When testing, code that causes React state updates should be wrapped into act(...):

act(() => {
  /* fire events that update state */
});
/* assert on the output */

This ensures that you're testing the behavior the user would see in the browser. Learn more at https://react.dev/link/wrap-tests-with-act
An update to SchemaNodeProxy inside a test was not wrapped in act(...).

When testing, code that causes React state updates should be wrapped into act(...):

act(() => {
  /* fire events that update state */
});
/* assert on the output */

This ensures that you're testing the behavior the user would see in the browser. Learn more at https://react.dev/link/wrap-tests-with-act
An update to null inside a test was not wrapped in act(...).

When testing, code that causes React state updates should be wrapped into act(...):

act(() => {
  /* fire events that update state */
});
/* assert on the output */

This ensures that you're testing the behavior the user would see in the browser. Learn more at https://react.dev/link/wrap-tests-with-act
An update to null inside a test was not wrapped in act(...).

When testing, code that causes React state updates should be wrapped into act(...):

act(() => {
  /* fire events that update state */
});
/* assert on the output */

This ensures that you're testing the behavior the user would see in the browser. Learn more at https://react.dev/link/wrap-tests-with-act

stderr | src/__tests__/scenarios/composition.oneOf.initial.render.test.tsx > composition.oneOf — initial branch priming > default-selected branch primed in tree and present at first paint (GAP-1 resolved) > const-discriminated branch (index 2)
An update to null inside a test was not wrapped in act(...).

When testing, code that causes React state updates should be wrapped into act(...):

act(() => {
  /* fire events that update state */
});
/* assert on the output */

This ensures that you're testing the behavior the user would see in the browser. Learn more at https://react.dev/link/wrap-tests-with-act
An update to SchemaNodeProxy inside a test was not wrapped in act(...).

When testing, code that causes React state updates should be wrapped into act(...):

act(() => {
  /* fire events that update state */
});
/* assert on the output */

This ensures that you're testing the behavior the user would see in the browser. Learn more at https://react.dev/link/wrap-tests-with-act
An update to SchemaNodeProxy inside a test was not wrapped in act(...).

When testing, code that causes React state updates should be wrapped into act(...):

act(() => {
  /* fire events that update state */
});
/* assert on the output */

This ensures that you're testing the behavior the user would see in the browser. Learn more at https://react.dev/link/wrap-tests-with-act
An update to SchemaNodeProxy inside a test was not wrapped in act(...).

When testing, code that causes React state updates should be wrapped into act(...):

act(() => {
  /* fire events that update state */
});
/* assert on the output */

This ensures that you're testing the behavior the user would see in the browser. Learn more at https://react.dev/link/wrap-tests-with-act
An update to null inside a test was not wrapped in act(...).

When testing, code that causes React state updates should be wrapped into act(...):

act(() => {
  /* fire events that update state */
});
/* assert on the output */

This ensures that you're testing the behavior the user would see in the browser. Learn more at https://react.dev/link/wrap-tests-with-act
An update to SchemaNodeProxy inside a test was not wrapped in act(...).

When testing, code that causes React state updates should be wrapped into act(...):

act(() => {
  /* fire events that update state */
});
/* assert on the output */

This ensures that you're testing the behavior the user would see in the browser. Learn more at https://react.dev/link/wrap-tests-with-act
An update to SchemaNodeProxy inside a test was not wrapped in act(...).

When testing, code that causes React state updates should be wrapped into act(...):

act(() => {
  /* fire events that update state */
});
/* assert on the output */

This ensures that you're testing the behavior the user would see in the browser. Learn more at https://react.dev/link/wrap-tests-with-act
An update to null inside a test was not wrapped in act(...).

When testing, code that causes React state updates should be wrapped into act(...):

act(() => {
  /* fire events that update state */
});
/* assert on the output */

This ensures that you're testing the behavior the user would see in the browser. Learn more at https://react.dev/link/wrap-tests-with-act
An update to SchemaNodeProxy inside a test was not wrapped in act(...).

When testing, code that causes React state updates should be wrapped into act(...):

act(() => {
  /* fire events that update state */
});
/* assert on the output */

This ensures that you're testing the behavior the user would see in the browser. Learn more at https://react.dev/link/wrap-tests-with-act
An update to null inside a test was not wrapped in act(...).

When testing, code that causes React state updates should be wrapped into act(...):

act(() => {
  /* fire events that update state */
});
/* assert on the output */

This ensures that you're testing the behavior the user would see in the browser. Learn more at https://react.dev/link/wrap-tests-with-act
An update to null inside a test was not wrapped in act(...).

When testing, code that causes React state updates should be wrapped into act(...):

act(() => {
  /* fire events that update state */
});
/* assert on the output */

This ensures that you're testing the behavior the user would see in the browser. Learn more at https://react.dev/link/wrap-tests-with-act
An update to SchemaNodeProxy inside a test was not wrapped in act(...).

When testing, code that causes React state updates should be wrapped into act(...):

act(() => {
  /* fire events that update state */
});
/* assert on the output */

This ensures that you're testing the behavior the user would see in the browser. Learn more at https://react.dev/link/wrap-tests-with-act
An update to null inside a test was not wrapped in act(...).

When testing, code that causes React state updates should be wrapped into act(...):

act(() => {
  /* fire events that update state */
});
/* assert on the output */

This ensures that you're testing the behavior the user would see in the browser. Learn more at https://react.dev/link/wrap-tests-with-act
An update to null inside a test was not wrapped in act(...).

When testing, code that causes React state updates should be wrapped into act(...):

act(() => {
  /* fire events that update state */
});
/* assert on the output */

This ensures that you're testing the behavior the user would see in the browser. Learn more at https://react.dev/link/wrap-tests-with-act

stderr | src/__tests__/scenarios/composition.oneOf.initial.render.test.tsx > composition.oneOf — initial branch priming > default-selected branch primed in tree and present at first paint (GAP-1 resolved) > nested object oneOf branch
An update to null inside a test was not wrapped in act(...).

When testing, code that causes React state updates should be wrapped into act(...):

act(() => {
  /* fire events that update state */
});
/* assert on the output */

This ensures that you're testing the behavior the user would see in the browser. Learn more at https://react.dev/link/wrap-tests-with-act
An update to SchemaNodeProxy inside a test was not wrapped in act(...).

When testing, code that causes React state updates should be wrapped into act(...):

act(() => {
  /* fire events that update state */
});
/* assert on the output */

This ensures that you're testing the behavior the user would see in the browser. Learn more at https://react.dev/link/wrap-tests-with-act
An update to SchemaNodeProxy inside a test was not wrapped in act(...).

When testing, code that causes React state updates should be wrapped into act(...):

act(() => {
  /* fire events that update state */
});
/* assert on the output */

This ensures that you're testing the behavior the user would see in the browser. Learn more at https://react.dev/link/wrap-tests-with-act
An update to null inside a test was not wrapped in act(...).

When testing, code that causes React state updates should be wrapped into act(...):

act(() => {
  /* fire events that update state */
});
/* assert on the output */

This ensures that you're testing the behavior the user would see in the browser. Learn more at https://react.dev/link/wrap-tests-with-act
An update to null inside a test was not wrapped in act(...).

When testing, code that causes React state updates should be wrapped into act(...):

act(() => {
  /* fire events that update state */
});
/* assert on the output */

This ensures that you're testing the behavior the user would see in the browser. Learn more at https://react.dev/link/wrap-tests-with-act
An update to SchemaNodeProxy inside a test was not wrapped in act(...).

When testing, code that causes React state updates should be wrapped into act(...):

act(() => {
  /* fire events that update state */
});
/* assert on the output */

This ensures that you're testing the behavior the user would see in the browser. Learn more at https://react.dev/link/wrap-tests-with-act
An update to SchemaNodeProxy inside a test was not wrapped in act(...).

When testing, code that causes React state updates should be wrapped into act(...):

act(() => {
  /* fire events that update state */
});
/* assert on the output */

This ensures that you're testing the behavior the user would see in the browser. Learn more at https://react.dev/link/wrap-tests-with-act
An update to SchemaNodeProxy inside a test was not wrapped in act(...).

When testing, code that causes React state updates should be wrapped into act(...):

act(() => {
  /* fire events that update state */
});
/* assert on the output */

This ensures that you're testing the behavior the user would see in the browser. Learn more at https://react.dev/link/wrap-tests-with-act
An update to null inside a test was not wrapped in act(...).

When testing, code that causes React state updates should be wrapped into act(...):

act(() => {
  /* fire events that update state */
});
/* assert on the output */

This ensures that you're testing the behavior the user would see in the browser. Learn more at https://react.dev/link/wrap-tests-with-act
An update to SchemaNodeProxy inside a test was not wrapped in act(...).

When testing, code that causes React state updates should be wrapped into act(...):

act(() => {
  /* fire events that update state */
});
/* assert on the output */

This ensures that you're testing the behavior the user would see in the browser. Learn more at https://react.dev/link/wrap-tests-with-act
An update to null inside a test was not wrapped in act(...).

When testing, code that causes React state updates should be wrapped into act(...):

act(() => {
  /* fire events that update state */
});
/* assert on the output */

This ensures that you're testing the behavior the user would see in the browser. Learn more at https://react.dev/link/wrap-tests-with-act
An update to null inside a test was not wrapped in act(...).

When testing, code that causes React state updates should be wrapped into act(...):

act(() => {
  /* fire events that update state */
});
/* assert on the output */

This ensures that you're testing the behavior the user would see in the browser. Learn more at https://react.dev/link/wrap-tests-with-act
An update to SchemaNodeProxy inside a test was not wrapped in act(...).

When testing, code that causes React state updates should be wrapped into act(...):

act(() => {
  /* fire events that update state */
});
/* assert on the output */

This ensures that you're testing the behavior the user would see in the browser. Learn more at https://react.dev/link/wrap-tests-with-act
An update to null inside a test was not wrapped in act(...).

When testing, code that causes React state updates should be wrapped into act(...):

act(() => {
  /* fire events that update state */
});
/* assert on the output */

This ensures that you're testing the behavior the user would see in the browser. Learn more at https://react.dev/link/wrap-tests-with-act
An update to null inside a test was not wrapped in act(...).

When testing, code that causes React state updates should be wrapped into act(...):

act(() => {
  /* fire events that update state */
});
/* assert on the output */

This ensures that you're testing the behavior the user would see in the browser. Learn more at https://react.dev/link/wrap-tests-with-act
An update to null inside a test was not wrapped in act(...).

When testing, code that causes React state updates should be wrapped into act(...):

act(() => {
  /* fire events that update state */
});
/* assert on the output */

This ensures that you're testing the behavior the user would see in the browser. Learn more at https://react.dev/link/wrap-tests-with-act
An update to SchemaNodeProxy inside a test was not wrapped in act(...).

When testing, code that causes React state updates should be wrapped into act(...):

act(() => {
  /* fire events that update state */
});
/* assert on the output */

This ensures that you're testing the behavior the user would see in the browser. Learn more at https://react.dev/link/wrap-tests-with-act

stderr | src/__tests__/scenarios/composition.oneOf.initial.render.test.tsx > composition.oneOf — initial branch priming > branch defaults converge to DOM and survive the cascade (GAP-2) > keeps a single branch schema default through the cascade (no clobber)
An update to null inside a test was not wrapped in act(...).

When testing, code that causes React state updates should be wrapped into act(...):

act(() => {
  /* fire events that update state */
});
/* assert on the output */

This ensures that you're testing the behavior the user would see in the browser. Learn more at https://react.dev/link/wrap-tests-with-act
An update to SchemaNodeProxy inside a test was not wrapped in act(...).

When testing, code that causes React state updates should be wrapped into act(...):

act(() => {
  /* fire events that update state */
});
/* assert on the output */

This ensures that you're testing the behavior the user would see in the browser. Learn more at https://react.dev/link/wrap-tests-with-act
An update to SchemaNodeProxy inside a test was not wrapped in act(...).

When testing, code that causes React state updates should be wrapped into act(...):

act(() => {
  /* fire events that update state */
});
/* assert on the output */

This ensures that you're testing the behavior the user would see in the browser. Learn more at https://react.dev/link/wrap-tests-with-act
An update to SchemaNodeProxy inside a test was not wrapped in act(...).

When testing, code that causes React state updates should be wrapped into act(...):

act(() => {
  /* fire events that update state */
});
/* assert on the output */

This ensures that you're testing the behavior the user would see in the browser. Learn more at https://react.dev/link/wrap-tests-with-act
An update to null inside a test was not wrapped in act(...).

When testing, code that causes React state updates should be wrapped into act(...):

act(() => {
  /* fire events that update state */
});
/* assert on the output */

This ensures that you're testing the behavior the user would see in the browser. Learn more at https://react.dev/link/wrap-tests-with-act
An update to SchemaNodeProxy inside a test was not wrapped in act(...).

When testing, code that causes React state updates should be wrapped into act(...):

act(() => {
  /* fire events that update state */
});
/* assert on the output */

This ensures that you're testing the behavior the user would see in the browser. Learn more at https://react.dev/link/wrap-tests-with-act
An update to SchemaNodeProxy inside a test was not wrapped in act(...).

When testing, code that causes React state updates should be wrapped into act(...):

act(() => {
  /* fire events that update state */
});
/* assert on the output */

This ensures that you're testing the behavior the user would see in the browser. Learn more at https://react.dev/link/wrap-tests-with-act
An update to null inside a test was not wrapped in act(...).

When testing, code that causes React state updates should be wrapped into act(...):

act(() => {
  /* fire events that update state */
});
/* assert on the output */

This ensures that you're testing the behavior the user would see in the browser. Learn more at https://react.dev/link/wrap-tests-with-act
An update to SchemaNodeProxy inside a test was not wrapped in act(...).

When testing, code that causes React state updates should be wrapped into act(...):

act(() => {
  /* fire events that update state */
});
/* assert on the output */

This ensures that you're testing the behavior the user would see in the browser. Learn more at https://react.dev/link/wrap-tests-with-act
An update to null inside a test was not wrapped in act(...).

When testing, code that causes React state updates should be wrapped into act(...):

act(() => {
  /* fire events that update state */
});
/* assert on the output */

This ensures that you're testing the behavior the user would see in the browser. Learn more at https://react.dev/link/wrap-tests-with-act
An update to null inside a test was not wrapped in act(...).

When testing, code that causes React state updates should be wrapped into act(...):

act(() => {
  /* fire events that update state */
});
/* assert on the output */

This ensures that you're testing the behavior the user would see in the browser. Learn more at https://react.dev/link/wrap-tests-with-act
An update to SchemaNodeProxy inside a test was not wrapped in act(...).

When testing, code that causes React state updates should be wrapped into act(...):

act(() => {
  /* fire events that update state */
});
/* assert on the output */

This ensures that you're testing the behavior the user would see in the browser. Learn more at https://react.dev/link/wrap-tests-with-act

stderr | src/__tests__/scenarios/composition.oneOf.initial.render.test.tsx > composition.oneOf — initial branch priming > branch defaults converge to DOM and survive the cascade (GAP-2) > keeps multiple branch defaults (branch index 1) after flush
An update to null inside a test was not wrapped in act(...).

When testing, code that causes React state updates should be wrapped into act(...):

act(() => {
  /* fire events that update state */
});
/* assert on the output */

This ensures that you're testing the behavior the user would see in the browser. Learn more at https://react.dev/link/wrap-tests-with-act
An update to SchemaNodeProxy inside a test was not wrapped in act(...).

When testing, code that causes React state updates should be wrapped into act(...):

act(() => {
  /* fire events that update state */
});
/* assert on the output */

This ensures that you're testing the behavior the user would see in the browser. Learn more at https://react.dev/link/wrap-tests-with-act
An update to SchemaNodeProxy inside a test was not wrapped in act(...).

When testing, code that causes React state updates should be wrapped into act(...):

act(() => {
  /* fire events that update state */
});
/* assert on the output */

This ensures that you're testing the behavior the user would see in the browser. Learn more at https://react.dev/link/wrap-tests-with-act
An update to SchemaNodeProxy inside a test was not wrapped in act(...).

When testing, code that causes React state updates should be wrapped into act(...):

act(() => {
  /* fire events that update state */
});
/* assert on the output */

This ensures that you're testing the behavior the user would see in the browser. Learn more at https://react.dev/link/wrap-tests-with-act
An update to SchemaNodeProxy inside a test was not wrapped in act(...).

When testing, code that causes React state updates should be wrapped into act(...):

act(() => {
  /* fire events that update state */
});
/* assert on the output */

This ensures that you're testing the behavior the user would see in the browser. Learn more at https://react.dev/link/wrap-tests-with-act
An update to SchemaNodeProxy inside a test was not wrapped in act(...).

When testing, code that causes React state updates should be wrapped into act(...):

act(() => {
  /* fire events that update state */
});
/* assert on the output */

This ensures that you're testing the behavior the user would see in the browser. Learn more at https://react.dev/link/wrap-tests-with-act
An update to SchemaNodeProxy inside a test was not wrapped in act(...).

When testing, code that causes React state updates should be wrapped into act(...):

act(() => {
  /* fire events that update state */
});
/* assert on the output */

This ensures that you're testing the behavior the user would see in the browser. Learn more at https://react.dev/link/wrap-tests-with-act
An update to SchemaNodeProxy inside a test was not wrapped in act(...).

When testing, code that causes React state updates should be wrapped into act(...):

act(() => {
  /* fire events that update state */
});
/* assert on the output */

This ensures that you're testing the behavior the user would see in the browser. Learn more at https://react.dev/link/wrap-tests-with-act
An update to SchemaNodeProxy inside a test was not wrapped in act(...).

When testing, code that causes React state updates should be wrapped into act(...):

act(() => {
  /* fire events that update state */
});
/* assert on the output */

This ensures that you're testing the behavior the user would see in the browser. Learn more at https://react.dev/link/wrap-tests-with-act
An update to SchemaNodeProxy inside a test was not wrapped in act(...).

When testing, code that causes React state updates should be wrapped into act(...):

act(() => {
  /* fire events that update state */
});
/* assert on the output */

This ensures that you're testing the behavior the user would see in the browser. Learn more at https://react.dev/link/wrap-tests-with-act
An update to null inside a test was not wrapped in act(...).

When testing, code that causes React state updates should be wrapped into act(...):

act(() => {
  /* fire events that update state */
});
/* assert on the output */

This ensures that you're testing the behavior the user would see in the browser. Learn more at https://react.dev/link/wrap-tests-with-act
An update to SchemaNodeProxy inside a test was not wrapped in act(...).

When testing, code that causes React state updates should be wrapped into act(...):

act(() => {
  /* fire events that update state */
});
/* assert on the output */

This ensures that you're testing the behavior the user would see in the browser. Learn more at https://react.dev/link/wrap-tests-with-act
An update to SchemaNodeProxy inside a test was not wrapped in act(...).

When testing, code that causes React state updates should be wrapped into act(...):

act(() => {
  /* fire events that update state */
});
/* assert on the output */

This ensures that you're testing the behavior the user would see in the browser. Learn more at https://react.dev/link/wrap-tests-with-act
An update to SchemaNodeProxy inside a test was not wrapped in act(...).

When testing, code that causes React state updates should be wrapped into act(...):

act(() => {
  /* fire events that update state */
});
/* assert on the output */

This ensures that you're testing the behavior the user would see in the browser. Learn more at https://react.dev/link/wrap-tests-with-act
An update to SchemaNodeProxy inside a test was not wrapped in act(...).

When testing, code that causes React state updates should be wrapped into act(...):

act(() => {
  /* fire events that update state */
});
/* assert on the output */

This ensures that you're testing the behavior the user would see in the browser. Learn more at https://react.dev/link/wrap-tests-with-act
An update to SchemaNodeProxy inside a test was not wrapped in act(...).

When testing, code that causes React state updates should be wrapped into act(...):

act(() => {
  /* fire events that update state */
});
/* assert on the output */

This ensures that you're testing the behavior the user would see in the browser. Learn more at https://react.dev/link/wrap-tests-with-act
An update to null inside a test was not wrapped in act(...).

When testing, code that causes React state updates should be wrapped into act(...):

act(() => {
  /* fire events that update state */
});
/* assert on the output */

This ensures that you're testing the behavior the user would see in the browser. Learn more at https://react.dev/link/wrap-tests-with-act
An update to SchemaNodeProxy inside a test was not wrapped in act(...).

When testing, code that causes React state updates should be wrapped into act(...):

act(() => {
  /* fire events that update state */
});
/* assert on the output */

This ensures that you're testing the behavior the user would see in the browser. Learn more at https://react.dev/link/wrap-tests-with-act
An update to null inside a test was not wrapped in act(...).

When testing, code that causes React state updates should be wrapped into act(...):

act(() => {
  /* fire events that update state */
});
/* assert on the output */

This ensures that you're testing the behavior the user would see in the browser. Learn more at https://react.dev/link/wrap-tests-with-act
An update to null inside a test was not wrapped in act(...).

When testing, code that causes React state updates should be wrapped into act(...):

act(() => {
  /* fire events that update state */
});
/* assert on the output */

This ensures that you're testing the behavior the user would see in the browser. Learn more at https://react.dev/link/wrap-tests-with-act
An update to SchemaNodeProxy inside a test was not wrapped in act(...).

When testing, code that causes React state updates should be wrapped into act(...):

act(() => {
  /* fire events that update state */
});
/* assert on the output */

This ensures that you're testing the behavior the user would see in the browser. Learn more at https://react.dev/link/wrap-tests-with-act

stderr | src/__tests__/scenarios/composition.oneOf.initial.render.test.tsx > composition.oneOf — initial branch priming > branch defaults converge to DOM and survive the cascade (GAP-2) > keeps a form defaultValue-seeded branch field after flush
An update to null inside a test was not wrapped in act(...).

When testing, code that causes React state updates should be wrapped into act(...):

act(() => {
  /* fire events that update state */
});
/* assert on the output */

This ensures that you're testing the behavior the user would see in the browser. Learn more at https://react.dev/link/wrap-tests-with-act
An update to SchemaNodeProxy inside a test was not wrapped in act(...).

When testing, code that causes React state updates should be wrapped into act(...):

act(() => {
  /* fire events that update state */
});
/* assert on the output */

This ensures that you're testing the behavior the user would see in the browser. Learn more at https://react.dev/link/wrap-tests-with-act
An update to SchemaNodeProxy inside a test was not wrapped in act(...).

When testing, code that causes React state updates should be wrapped into act(...):

act(() => {
  /* fire events that update state */
});
/* assert on the output */

This ensures that you're testing the behavior the user would see in the browser. Learn more at https://react.dev/link/wrap-tests-with-act
An update to SchemaNodeProxy inside a test was not wrapped in act(...).

When testing, code that causes React state updates should be wrapped into act(...):

act(() => {
  /* fire events that update state */
});
/* assert on the output */

This ensures that you're testing the behavior the user would see in the browser. Learn more at https://react.dev/link/wrap-tests-with-act
An update to null inside a test was not wrapped in act(...).

When testing, code that causes React state updates should be wrapped into act(...):

act(() => {
  /* fire events that update state */
});
/* assert on the output */

This ensures that you're testing the behavior the user would see in the browser. Learn more at https://react.dev/link/wrap-tests-with-act
An update to SchemaNodeProxy inside a test was not wrapped in act(...).

When testing, code that causes React state updates should be wrapped into act(...):

act(() => {
  /* fire events that update state */
});
/* assert on the output */

This ensures that you're testing the behavior the user would see in the browser. Learn more at https://react.dev/link/wrap-tests-with-act
An update to SchemaNodeProxy inside a test was not wrapped in act(...).

When testing, code that causes React state updates should be wrapped into act(...):

act(() => {
  /* fire events that update state */
});
/* assert on the output */

This ensures that you're testing the behavior the user would see in the browser. Learn more at https://react.dev/link/wrap-tests-with-act
An update to null inside a test was not wrapped in act(...).

When testing, code that causes React state updates should be wrapped into act(...):

act(() => {
  /* fire events that update state */
});
/* assert on the output */

This ensures that you're testing the behavior the user would see in the browser. Learn more at https://react.dev/link/wrap-tests-with-act
An update to SchemaNodeProxy inside a test was not wrapped in act(...).

When testing, code that causes React state updates should be wrapped into act(...):

act(() => {
  /* fire events that update state */
});
/* assert on the output */

This ensures that you're testing the behavior the user would see in the browser. Learn more at https://react.dev/link/wrap-tests-with-act
An update to null inside a test was not wrapped in act(...).

When testing, code that causes React state updates should be wrapped into act(...):

act(() => {
  /* fire events that update state */
});
/* assert on the output */

This ensures that you're testing the behavior the user would see in the browser. Learn more at https://react.dev/link/wrap-tests-with-act
An update to null inside a test was not wrapped in act(...).

When testing, code that causes React state updates should be wrapped into act(...):

act(() => {
  /* fire events that update state */
});
/* assert on the output */

This ensures that you're testing the behavior the user would see in the browser. Learn more at https://react.dev/link/wrap-tests-with-act
An update to SchemaNodeProxy inside a test was not wrapped in act(...).

When testing, code that causes React state updates should be wrapped into act(...):

act(() => {
  /* fire events that update state */
});
/* assert on the output */

This ensures that you're testing the behavior the user would see in the browser. Learn more at https://react.dev/link/wrap-tests-with-act

stderr | src/__tests__/scenarios/composition.oneOf.initial.render.test.tsx > composition.oneOf — initial branch priming > branch defaults converge to DOM and survive the cascade (GAP-2) > keeps a const-discriminated branch default through the cascade
An update to null inside a test was not wrapped in act(...).

When testing, code that causes React state updates should be wrapped into act(...):

act(() => {
  /* fire events that update state */
});
/* assert on the output */

This ensures that you're testing the behavior the user would see in the browser. Learn more at https://react.dev/link/wrap-tests-with-act
An update to SchemaNodeProxy inside a test was not wrapped in act(...).

When testing, code that causes React state updates should be wrapped into act(...):

act(() => {
  /* fire events that update state */
});
/* assert on the output */

This ensures that you're testing the behavior the user would see in the browser. Learn more at https://react.dev/link/wrap-tests-with-act
An update to SchemaNodeProxy inside a test was not wrapped in act(...).

When testing, code that causes React state updates should be wrapped into act(...):

act(() => {
  /* fire events that update state */
});
/* assert on the output */

This ensures that you're testing the behavior the user would see in the browser. Learn more at https://react.dev/link/wrap-tests-with-act
An update to SchemaNodeProxy inside a test was not wrapped in act(...).

When testing, code that causes React state updates should be wrapped into act(...):

act(() => {
  /* fire events that update state */
});
/* assert on the output */

This ensures that you're testing the behavior the user would see in the browser. Learn more at https://react.dev/link/wrap-tests-with-act
An update to null inside a test was not wrapped in act(...).

When testing, code that causes React state updates should be wrapped into act(...):

act(() => {
  /* fire events that update state */
});
/* assert on the output */

This ensures that you're testing the behavior the user would see in the browser. Learn more at https://react.dev/link/wrap-tests-with-act
An update to SchemaNodeProxy inside a test was not wrapped in act(...).

When testing, code that causes React state updates should be wrapped into act(...):

act(() => {
  /* fire events that update state */
});
/* assert on the output */

This ensures that you're testing the behavior the user would see in the browser. Learn more at https://react.dev/link/wrap-tests-with-act
An update to SchemaNodeProxy inside a test was not wrapped in act(...).

When testing, code that causes React state updates should be wrapped into act(...):

act(() => {
  /* fire events that update state */
});
/* assert on the output */

This ensures that you're testing the behavior the user would see in the browser. Learn more at https://react.dev/link/wrap-tests-with-act
An update to null inside a test was not wrapped in act(...).

When testing, code that causes React state updates should be wrapped into act(...):

act(() => {
  /* fire events that update state */
});
/* assert on the output */

This ensures that you're testing the behavior the user would see in the browser. Learn more at https://react.dev/link/wrap-tests-with-act
An update to SchemaNodeProxy inside a test was not wrapped in act(...).

When testing, code that causes React state updates should be wrapped into act(...):

act(() => {
  /* fire events that update state */
});
/* assert on the output */

This ensures that you're testing the behavior the user would see in the browser. Learn more at https://react.dev/link/wrap-tests-with-act
An update to null inside a test was not wrapped in act(...).

When testing, code that causes React state updates should be wrapped into act(...):

act(() => {
  /* fire events that update state */
});
/* assert on the output */

This ensures that you're testing the behavior the user would see in the browser. Learn more at https://react.dev/link/wrap-tests-with-act
An update to null inside a test was not wrapped in act(...).

When testing, code that causes React state updates should be wrapped into act(...):

act(() => {
  /* fire events that update state */
});
/* assert on the output */

This ensures that you're testing the behavior the user would see in the browser. Learn more at https://react.dev/link/wrap-tests-with-act
An update to SchemaNodeProxy inside a test was not wrapped in act(...).

When testing, code that causes React state updates should be wrapped into act(...):

act(() => {
  /* fire events that update state */
});
/* assert on the output */

This ensures that you're testing the behavior the user would see in the browser. Learn more at https://react.dev/link/wrap-tests-with-act

stderr | src/__tests__/scenarios/composition.oneOf.initial.render.test.tsx > composition.oneOf — initial branch priming > nested object oneOf settled render (GAP-1 recovery / GAP-2) > converges a doubly-nested oneOf branch and persists its default
An update to null inside a test was not wrapped in act(...).

When testing, code that causes React state updates should be wrapped into act(...):

act(() => {
  /* fire events that update state */
});
/* assert on the output */

This ensures that you're testing the behavior the user would see in the browser. Learn more at https://react.dev/link/wrap-tests-with-act
An update to SchemaNodeProxy inside a test was not wrapped in act(...).

When testing, code that causes React state updates should be wrapped into act(...):

act(() => {
  /* fire events that update state */
});
/* assert on the output */

This ensures that you're testing the behavior the user would see in the browser. Learn more at https://react.dev/link/wrap-tests-with-act
An update to SchemaNodeProxy inside a test was not wrapped in act(...).

When testing, code that causes React state updates should be wrapped into act(...):

act(() => {
  /* fire events that update state */
});
/* assert on the output */

This ensures that you're testing the behavior the user would see in the browser. Learn more at https://react.dev/link/wrap-tests-with-act
An update to SchemaNodeProxy inside a test was not wrapped in act(...).

When testing, code that causes React state updates should be wrapped into act(...):

act(() => {
  /* fire events that update state */
});
/* assert on the output */

This ensures that you're testing the behavior the user would see in the browser. Learn more at https://react.dev/link/wrap-tests-with-act
An update to SchemaNodeProxy inside a test was not wrapped in act(...).

When testing, code that causes React state updates should be wrapped into act(...):

act(() => {
  /* fire events that update state */
});
/* assert on the output */

This ensures that you're testing the behavior the user would see in the browser. Learn more at https://react.dev/link/wrap-tests-with-act
An update to null inside a test was not wrapped in act(...).

When testing, code that causes React state updates should be wrapped into act(...):

act(() => {
  /* fire events that update state */
});
/* assert on the output */

This ensures that you're testing the behavior the user would see in the browser. Learn more at https://react.dev/link/wrap-tests-with-act
An update to null inside a test was not wrapped in act(...).

When testing, code that causes React state updates should be wrapped into act(...):

act(() => {
  /* fire events that update state */
});
/* assert on the output */

This ensures that you're testing the behavior the user would see in the browser. Learn more at https://react.dev/link/wrap-tests-with-act
An update to SchemaNodeProxy inside a test was not wrapped in act(...).

When testing, code that causes React state updates should be wrapped into act(...):

act(() => {
  /* fire events that update state */
});
/* assert on the output */

This ensures that you're testing the behavior the user would see in the browser. Learn more at https://react.dev/link/wrap-tests-with-act
An update to SchemaNodeProxy inside a test was not wrapped in act(...).

When testing, code that causes React state updates should be wrapped into act(...):

act(() => {
  /* fire events that update state */
});
/* assert on the output */

This ensures that you're testing the behavior the user would see in the browser. Learn more at https://react.dev/link/wrap-tests-with-act
An update to SchemaNodeProxy inside a test was not wrapped in act(...).

When testing, code that causes React state updates should be wrapped into act(...):

act(() => {
  /* fire events that update state */
});
/* assert on the output */

This ensures that you're testing the behavior the user would see in the browser. Learn more at https://react.dev/link/wrap-tests-with-act
An update to SchemaNodeProxy inside a test was not wrapped in act(...).

When testing, code that causes React state updates should be wrapped into act(...):

act(() => {
  /* fire events that update state */
});
/* assert on the output */

This ensures that you're testing the behavior the user would see in the browser. Learn more at https://react.dev/link/wrap-tests-with-act
An update to SchemaNodeProxy inside a test was not wrapped in act(...).

When testing, code that causes React state updates should be wrapped into act(...):

act(() => {
  /* fire events that update state */
});
/* assert on the output */

This ensures that you're testing the behavior the user would see in the browser. Learn more at https://react.dev/link/wrap-tests-with-act
An update to null inside a test was not wrapped in act(...).

When testing, code that causes React state updates should be wrapped into act(...):

act(() => {
  /* fire events that update state */
});
/* assert on the output */

This ensures that you're testing the behavior the user would see in the browser. Learn more at https://react.dev/link/wrap-tests-with-act
An update to SchemaNodeProxy inside a test was not wrapped in act(...).

When testing, code that causes React state updates should be wrapped into act(...):

act(() => {
  /* fire events that update state */
});
/* assert on the output */

This ensures that you're testing the behavior the user would see in the browser. Learn more at https://react.dev/link/wrap-tests-with-act
An update to null inside a test was not wrapped in act(...).

When testing, code that causes React state updates should be wrapped into act(...):

act(() => {
  /* fire events that update state */
});
/* assert on the output */

This ensures that you're testing the behavior the user would see in the browser. Learn more at https://react.dev/link/wrap-tests-with-act
An update to null inside a test was not wrapped in act(...).

When testing, code that causes React state updates should be wrapped into act(...):

act(() => {
  /* fire events that update state */
});
/* assert on the output */

This ensures that you're testing the behavior the user would see in the browser. Learn more at https://react.dev/link/wrap-tests-with-act
An update to SchemaNodeProxy inside a test was not wrapped in act(...).

When testing, code that causes React state updates should be wrapped into act(...):

act(() => {
  /* fire events that update state */
});
/* assert on the output */

This ensures that you're testing the behavior the user would see in the browser. Learn more at https://react.dev/link/wrap-tests-with-act

stderr | src/__tests__/scenarios/composition.oneOf.initial.render.test.tsx > composition.oneOf — initial branch priming > nested object oneOf settled render (GAP-1 recovery / GAP-2) > converges the active nested branch and omits the inactive one
An update to null inside a test was not wrapped in act(...).

When testing, code that causes React state updates should be wrapped into act(...):

act(() => {
  /* fire events that update state */
});
/* assert on the output */

This ensures that you're testing the behavior the user would see in the browser. Learn more at https://react.dev/link/wrap-tests-with-act
An update to SchemaNodeProxy inside a test was not wrapped in act(...).

When testing, code that causes React state updates should be wrapped into act(...):

act(() => {
  /* fire events that update state */
});
/* assert on the output */

This ensures that you're testing the behavior the user would see in the browser. Learn more at https://react.dev/link/wrap-tests-with-act
An update to SchemaNodeProxy inside a test was not wrapped in act(...).

When testing, code that causes React state updates should be wrapped into act(...):

act(() => {
  /* fire events that update state */
});
/* assert on the output */

This ensures that you're testing the behavior the user would see in the browser. Learn more at https://react.dev/link/wrap-tests-with-act
An update to null inside a test was not wrapped in act(...).

When testing, code that causes React state updates should be wrapped into act(...):

act(() => {
  /* fire events that update state */
});
/* assert on the output */

This ensures that you're testing the behavior the user would see in the browser. Learn more at https://react.dev/link/wrap-tests-with-act
An update to null inside a test was not wrapped in act(...).

When testing, code that causes React state updates should be wrapped into act(...):

act(() => {
  /* fire events that update state */
});
/* assert on the output */

This ensures that you're testing the behavior the user would see in the browser. Learn more at https://react.dev/link/wrap-tests-with-act
An update to SchemaNodeProxy inside a test was not wrapped in act(...).

When testing, code that causes React state updates should be wrapped into act(...):

act(() => {
  /* fire events that update state */
});
/* assert on the output */

This ensures that you're testing the behavior the user would see in the browser. Learn more at https://react.dev/link/wrap-tests-with-act
An update to SchemaNodeProxy inside a test was not wrapped in act(...).

When testing, code that causes React state updates should be wrapped into act(...):

act(() => {
  /* fire events that update state */
});
/* assert on the output */

This ensures that you're testing the behavior the user would see in the browser. Learn more at https://react.dev/link/wrap-tests-with-act
An update to SchemaNodeProxy inside a test was not wrapped in act(...).

When testing, code that causes React state updates should be wrapped into act(...):

act(() => {
  /* fire events that update state */
});
/* assert on the output */

This ensures that you're testing the behavior the user would see in the browser. Learn more at https://react.dev/link/wrap-tests-with-act
An update to null inside a test was not wrapped in act(...).

When testing, code that causes React state updates should be wrapped into act(...):

act(() => {
  /* fire events that update state */
});
/* assert on the output */

This ensures that you're testing the behavior the user would see in the browser. Learn more at https://react.dev/link/wrap-tests-with-act
An update to SchemaNodeProxy inside a test was not wrapped in act(...).

When testing, code that causes React state updates should be wrapped into act(...):

act(() => {
  /* fire events that update state */
});
/* assert on the output */

This ensures that you're testing the behavior the user would see in the browser. Learn more at https://react.dev/link/wrap-tests-with-act
An update to null inside a test was not wrapped in act(...).

When testing, code that causes React state updates should be wrapped into act(...):

act(() => {
  /* fire events that update state */
});
/* assert on the output */

This ensures that you're testing the behavior the user would see in the browser. Learn more at https://react.dev/link/wrap-tests-with-act
An update to null inside a test was not wrapped in act(...).

When testing, code that causes React state updates should be wrapped into act(...):

act(() => {
  /* fire events that update state */
});
/* assert on the output */

This ensures that you're testing the behavior the user would see in the browser. Learn more at https://react.dev/link/wrap-tests-with-act
An update to SchemaNodeProxy inside a test was not wrapped in act(...).

When testing, code that causes React state updates should be wrapped into act(...):

act(() => {
  /* fire events that update state */
});
/* assert on the output */

This ensures that you're testing the behavior the user would see in the browser. Learn more at https://react.dev/link/wrap-tests-with-act

 ✓ |render| src/__tests__/scenarios/upload-file.render.test.tsx (9 tests) 415ms
 ✓ |render| src/__tests__/scenarios/composition.oneOf.initial.render.test.tsx (10 tests) 141ms
stderr | src/__tests__/scenarios/nullable.render.test.tsx > nullable.render — type:[T,null] / nullable primitives, objects, arrays > primitive nullable defaults (happy path) > primes array-syntax string/number defaults to null two-phase (sync + post-flush)
An update to null inside a test was not wrapped in act(...).

When testing, code that causes React state updates should be wrapped into act(...):

act(() => {
  /* fire events that update state */
});
/* assert on the output */

This ensures that you're testing the behavior the user would see in the browser. Learn more at https://react.dev/link/wrap-tests-with-act
An update to SchemaNodeProxy inside a test was not wrapped in act(...).

When testing, code that causes React state updates should be wrapped into act(...):

act(() => {
  /* fire events that update state */
});
/* assert on the output */

This ensures that you're testing the behavior the user would see in the browser. Learn more at https://react.dev/link/wrap-tests-with-act
An update to null inside a test was not wrapped in act(...).

When testing, code that causes React state updates should be wrapped into act(...):

act(() => {
  /* fire events that update state */
});
/* assert on the output */

This ensures that you're testing the behavior the user would see in the browser. Learn more at https://react.dev/link/wrap-tests-with-act
An update to SchemaNodeProxy inside a test was not wrapped in act(...).

When testing, code that causes React state updates should be wrapped into act(...):

act(() => {
  /* fire events that update state */
});
/* assert on the output */

This ensures that you're testing the behavior the user would see in the browser. Learn more at https://react.dev/link/wrap-tests-with-act
An update to null inside a test was not wrapped in act(...).

When testing, code that causes React state updates should be wrapped into act(...):

act(() => {
  /* fire events that update state */
});
/* assert on the output */

This ensures that you're testing the behavior the user would see in the browser. Learn more at https://react.dev/link/wrap-tests-with-act
An update to null inside a test was not wrapped in act(...).

When testing, code that causes React state updates should be wrapped into act(...):

act(() => {
  /* fire events that update state */
});
/* assert on the output */

This ensures that you're testing the behavior the user would see in the browser. Learn more at https://react.dev/link/wrap-tests-with-act
An update to SchemaNodeProxy inside a test was not wrapped in act(...).

When testing, code that causes React state updates should be wrapped into act(...):

act(() => {
  /* fire events that update state */
});
/* assert on the output */

This ensures that you're testing the behavior the user would see in the browser. Learn more at https://react.dev/link/wrap-tests-with-act

 ✓ |render| src/__tests__/scenarios/array.mutation-identity.render.test.tsx (12 tests) 408ms
 ✓ |render| src/__tests__/scenarios/terminal-mode.render.test.tsx (15 tests) 261ms
 ✓ |render| src/__tests__/scenarios/nullable.render.test.tsx (15 tests) 341ms
 ✓ |render| src/__tests__/scenarios/nullable.object-write-provenance.render.test.tsx (2 tests) 284ms
 ✓ |render| src/__tests__/scenarios/array.omit-trailing.injection.render.test.tsx (10 tests) 261ms
 ✓ |render| src/__tests__/scenarios/deferred-mount.strict.render.test.tsx (3 tests) 207ms
 ✓ |render| src/__tests__/scenarios/validation.branch-marker.render.test.tsx (2 tests) 145ms
 ✓ |render| src/helpers/virtualization/__tests__/VirtualizationManager.test.ts (13 tests) 18ms
stderr | src/__tests__/scenarios/nullable.object-validation.render.test.tsx > nullable.object-validation.render — validity of a preserved null is the schema’s decision > reports the oneOf error a validator gives for null: properties-only branches all match it


 ⚠️ [@canard/schema-form] SCHEMA_FORM_WARNING.NULLABLE_ONE_OF_NULL_UNREACHABLE ⚠️ 

  This object is nullable, but no validator accepts null under its 'oneOf':
  2 branches accept null, so null matches more than one.
  
    ╭──────────────────────────────────────────────────
    │  Path:                    /target
    │  Branches accepting null: 2 (exactly 1 is required)
    ╰──────────────────────────────────────────────────
  
  A branch that declares no 'type' accepts null, because 'properties' and
  'required' only apply to objects. The form keeps a null value as it is, so
  validation of that value fails.
  
  How to fix:
    1. Add one null branch and declare the type of the object branches:
         oneOf: [
           { type: 'null' },
           { type: 'object', properties: { ... } },
         ]
    2. Or use 'anyOf', which a null branch alone satisfies
 { path: '/target', admitting: 2 }

 ✓ |render| src/__tests__/scenarios/nullable.object-validation.render.test.tsx (2 tests) 69ms
 ✓ |render| src/components/SchemaNode/__tests__/SchemaNodePropsFlow.test.tsx (23 tests) 76ms
 ✓ |render| src/__tests__/scenarios/override-props.render.test.tsx (2 tests) 96ms
 ✓ |render| src/__tests__/scenarios/default-value.input-immutability.render.test.tsx (2 tests) 37ms
 ✓ |render| src/__tests__/scenarioHarness.render.test.tsx (1 test) 37ms

⎯⎯⎯⎯⎯⎯ Failed Suites 3 ⎯⎯⎯⎯⎯⎯⎯

 FAIL  |unit| src/core/blueprint/__tests__/blueprint.type-inference.test.ts [ src/core/blueprint/__tests__/blueprint.type-inference.test.ts ]
Error: Cannot find module '../index' imported from '/Users/Vincent/Workspace/albatrion/packages/canard/schema-form/src/core/blueprint/__tests__/blueprint.type-inference.test.ts'
 ❯ src/core/blueprint/__tests__/blueprint.type-inference.test.ts:3:1
      1| import { describe, expect, it } from 'vitest';
      2| 
      3| import { blueprint } from '../index';
       | ^
      4| 
      5| // filid:contract type-inference

Caused by: Error: Failed to load url ../index (resolved id: ../index) in /Users/Vincent/Workspace/albatrion/packages/canard/schema-form/src/core/blueprint/__tests__/blueprint.type-syntax.test.ts. Does the file exist?
 ❯ loadAndTransform ../../../node_modules/vite/dist/node/chunks/config.js:22739:33

⎯⎯⎯⎯⎯⎯⎯⎯⎯⎯⎯⎯⎯⎯⎯⎯⎯⎯⎯⎯⎯⎯⎯⎯[1/3]⎯

 FAIL  |unit| src/core/blueprint/__tests__/blueprint.type-static-intersection.test.ts [ src/core/blueprint/__tests__/blueprint.type-static-intersection.test.ts ]
Error: Cannot find module '../index' imported from '/Users/Vincent/Workspace/albatrion/packages/canard/schema-form/src/core/blueprint/__tests__/blueprint.type-static-intersection.test.ts'
 ❯ src/core/blueprint/__tests__/blueprint.type-static-intersection.test.ts:3:1
      1| import { describe, expect, it } from 'vitest';
      2| 
      3| import { blueprint } from '../index';
       | ^
      4| 
      5| // filid:contract type-static-intersection

Caused by: Error: Failed to load url ../index (resolved id: ../index) in /Users/Vincent/Workspace/albatrion/packages/canard/schema-form/src/core/blueprint/__tests__/blueprint.type-syntax.test.ts. Does the file exist?
 ❯ loadAndTransform ../../../node_modules/vite/dist/node/chunks/config.js:22739:33

⎯⎯⎯⎯⎯⎯⎯⎯⎯⎯⎯⎯⎯⎯⎯⎯⎯⎯⎯⎯⎯⎯⎯⎯[2/3]⎯

 FAIL  |unit| src/core/blueprint/__tests__/blueprint.type-syntax.test.ts [ src/core/blueprint/__tests__/blueprint.type-syntax.test.ts ]
Error: Cannot find module '../index' imported from '/Users/Vincent/Workspace/albatrion/packages/canard/schema-form/src/core/blueprint/__tests__/blueprint.type-syntax.test.ts'
 ❯ src/core/blueprint/__tests__/blueprint.type-syntax.test.ts:3:1
      1| import { describe, expect, it } from 'vitest';
      2| 
      3| import { blueprint } from '../index';
       | ^
      4| 
      5| // filid:contract type-syntax

Caused by: Error: Failed to load url ../index (resolved id: ../index) in /Users/Vincent/Workspace/albatrion/packages/canard/schema-form/src/core/blueprint/__tests__/blueprint.type-syntax.test.ts. Does the file exist?
 ❯ loadAndTransform ../../../node_modules/vite/dist/node/chunks/config.js:22739:33

⎯⎯⎯⎯⎯⎯⎯⎯⎯⎯⎯⎯⎯⎯⎯⎯⎯⎯⎯⎯⎯⎯⎯⎯[3/3]⎯


 Test Files  3 failed | 236 passed (239)
      Tests  3870 passed (3870)
   Start at  10:52:29
   Duration  26.18s (transform 5.56s, setup 0ms, collect 114.83s, tests 50.09s, environment 14.67s, prepare 14.65s)

