"side","scenario","mode","write","field_path","component","renders","components_per_field_of_type","renders_divided_by_components"
"base","flat","ctl","input write /a","","SchemaNodeField","1","1","1"
"base","flat","ctl","input write /a","/a","SchemaNodeField","1","1","1"
"base","flat","ctl","input write /a","","memo:Anonymous","2","5","0.4"
"base","flat","ctl","input write /a","/a","memo:Anonymous","2","2","1"
"base","flat","ctl","input write /a","","class:ErrorBoundary","2","3","0.6666666666666666"
"base","flat","ctl","input write /a","/a","class:ErrorBoundary","2","3","0.6666666666666666"
"base","flat","ctl","input write /a","","FormGroupRenderer","1","1","1"
"base","flat","ctl","input write /a","/a","FormGroupRenderer","1","1","1"
"base","flat","ctl","input write /a","","Anonymous","2","3","0.6666666666666666"
"base","flat","ctl","input write /a","/a","Anonymous","2","3","0.6666666666666666"
"base","flat","ctl","input write /a","","Input","1","1","1"
"base","flat","ctl","input write /a","/a","Input","1","1","1"
"base","flat","ctl","input write /a","","FormTypeInputObject","1","1","1"
"base","flat","ctl","input write /a","/a","CtlInput","1","1","1"
"base","flat","ctl","input write /a again","","SchemaNodeField","1","1","1"
"base","flat","ctl","input write /a again","/a","SchemaNodeField","1","1","1"
"base","flat","ctl","input write /a again","","memo:Anonymous","2","5","0.4"
"base","flat","ctl","input write /a again","/a","memo:Anonymous","2","2","1"
"base","flat","ctl","input write /a again","","class:ErrorBoundary","2","3","0.6666666666666666"
"base","flat","ctl","input write /a again","/a","class:ErrorBoundary","2","3","0.6666666666666666"
"base","flat","ctl","input write /a again","","FormGroupRenderer","1","1","1"
"base","flat","ctl","input write /a again","/a","FormGroupRenderer","1","1","1"
"base","flat","ctl","input write /a again","","Anonymous","2","3","0.6666666666666666"
"base","flat","ctl","input write /a again","/a","Anonymous","2","3","0.6666666666666666"
"base","flat","ctl","input write /a again","","Input","1","1","1"
"base","flat","ctl","input write /a again","/a","Input","1","1","1"
"base","flat","ctl","input write /a again","","FormTypeInputObject","1","1","1"
"base","flat","ctl","input write /a again","/a","CtlInput","1","1","1"
"base","flat","ctl","sibling setValue /b","","SchemaNodeField","1","1","1"
"base","flat","ctl","sibling setValue /b","/b","SchemaNodeField","1","1","1"
"base","flat","ctl","sibling setValue /b","","memo:Anonymous","2","5","0.4"
"base","flat","ctl","sibling setValue /b","/b","memo:Anonymous","2","2","1"
"base","flat","ctl","sibling setValue /b","","class:ErrorBoundary","2","3","0.6666666666666666"
"base","flat","ctl","sibling setValue /b","/b","class:ErrorBoundary","2","3","0.6666666666666666"
"base","flat","ctl","sibling setValue /b","","FormGroupRenderer","1","1","1"
"base","flat","ctl","sibling setValue /b","/b","FormGroupRenderer","1","1","1"
"base","flat","ctl","sibling setValue /b","","Anonymous","2","3","0.6666666666666666"
"base","flat","ctl","sibling setValue /b","/b","Anonymous","2","3","0.6666666666666666"
"base","flat","ctl","sibling setValue /b","","Input","1","1","1"
"base","flat","ctl","sibling setValue /b","/b","Input","1","1","1"
"base","flat","ctl","sibling setValue /b","","FormTypeInputObject","1","1","1"
"base","flat","ctl","sibling setValue /b","/b","CtlInput","1","1","1"
"base","flat","ctl","parent setValue /o (x only)","","SchemaNodeField","1","1","1"
"base","flat","ctl","parent setValue /o (x only)","/o","SchemaNodeField","1","1","1"
"base","flat","ctl","parent setValue /o (x only)","/o/x","SchemaNodeField","1","1","1"
"base","flat","ctl","parent setValue /o (x only)","","memo:Anonymous","2","5","0.4"
"base","flat","ctl","parent setValue /o (x only)","/o","memo:Anonymous","2","4","0.5"
"base","flat","ctl","parent setValue /o (x only)","/o/x","memo:Anonymous","2","2","1"
"base","flat","ctl","parent setValue /o (x only)","","class:ErrorBoundary","2","3","0.6666666666666666"
"base","flat","ctl","parent setValue /o (x only)","/o","class:ErrorBoundary","2","3","0.6666666666666666"
"base","flat","ctl","parent setValue /o (x only)","/o/x","class:ErrorBoundary","2","3","0.6666666666666666"
"base","flat","ctl","parent setValue /o (x only)","","FormGroupRenderer","1","1","1"
"base","flat","ctl","parent setValue /o (x only)","/o","FormGroupRenderer","1","1","1"
"base","flat","ctl","parent setValue /o (x only)","/o/x","FormGroupRenderer","1","1","1"
"base","flat","ctl","parent setValue /o (x only)","","Anonymous","2","3","0.6666666666666666"
"base","flat","ctl","parent setValue /o (x only)","/o","Anonymous","2","3","0.6666666666666666"
"base","flat","ctl","parent setValue /o (x only)","/o/x","Anonymous","2","3","0.6666666666666666"
"base","flat","ctl","parent setValue /o (x only)","","Input","1","1","1"
"base","flat","ctl","parent setValue /o (x only)","/o","Input","1","1","1"
"base","flat","ctl","parent setValue /o (x only)","/o/x","Input","1","1","1"
"base","flat","ctl","parent setValue /o (x only)","","FormTypeInputObject","1","1","1"
"base","flat","ctl","parent setValue /o (x only)","/o","FormTypeInputObject","1","1","1"
"base","flat","ctl","parent setValue /o (x only)","/o/x","CtlInput","1","1","1"
"base","flat","ctl","whole setValue (a only)","","SchemaNodeField","1","1","1"
"base","flat","ctl","whole setValue (a only)","/a","SchemaNodeField","1","1","1"
"base","flat","ctl","whole setValue (a only)","","memo:Anonymous","2","5","0.4"
"base","flat","ctl","whole setValue (a only)","/a","memo:Anonymous","2","2","1"
"base","flat","ctl","whole setValue (a only)","","class:ErrorBoundary","2","3","0.6666666666666666"
"base","flat","ctl","whole setValue (a only)","/a","class:ErrorBoundary","2","3","0.6666666666666666"
"base","flat","ctl","whole setValue (a only)","","FormGroupRenderer","1","1","1"
"base","flat","ctl","whole setValue (a only)","/a","FormGroupRenderer","1","1","1"
"base","flat","ctl","whole setValue (a only)","","Anonymous","2","3","0.6666666666666666"
"base","flat","ctl","whole setValue (a only)","/a","Anonymous","2","3","0.6666666666666666"
"base","flat","ctl","whole setValue (a only)","","Input","1","1","1"
"base","flat","ctl","whole setValue (a only)","/a","Input","1","1","1"
"base","flat","ctl","whole setValue (a only)","","FormTypeInputObject","1","1","1"
"base","flat","ctl","whole setValue (a only)","/a","CtlInput","1","1","1"
"base","flat","ctl","refresh /a","/a","memo:Anonymous","1","2","0.5"
"base","flat","ctl","refresh /a","/a","Anonymous","1","3","0.3333333333333333"
"base","flat","ctl","refresh /a","/a","class:ErrorBoundary","1","3","0.3333333333333333"
"base","flat","ctl","refresh /a","/a","Input","1","1","1"
"base","flat","ctl","refresh /a","/a","CtlInput","1","1","1"
"base","flat","ctl","showError(true)","(form)","fwd:FormContents","1","1","1"
"base","flat","ctl","showError(true)","(form)","WorkspaceContextProvider","1","1","1"
"base","flat","ctl","showError(true)","(form)","FormTypeInputsContextProvider","1","1","1"
"base","flat","ctl","showError(true)","(form)","FormTypeRendererContextProvider","1","1","1"
"base","flat","ctl","showError(true)","(form)","InputControlContextProvider","1","1","1"
"base","flat","ctl","showError(true)","(form)","VirtualizationContextProvider","1","1","1"
"base","flat","ctl","showError(true)","(form)","RootNodeContextProvider","1","1","1"
"base","flat","ctl","showError(true)","(form)","memo:Anonymous","1","1","1"
"base","flat","ctl","showError(true)","","memo:Anonymous","2","5","0.4"
"base","flat","ctl","showError(true)","/a","memo:Anonymous","2","2","1"
"base","flat","ctl","showError(true)","/b","memo:Anonymous","2","2","1"
"base","flat","ctl","showError(true)","/o","memo:Anonymous","2","4","0.5"
"base","flat","ctl","showError(true)","/o/x","memo:Anonymous","2","2","1"
"base","flat","ctl","showError(true)","/o/y","memo:Anonymous","2","2","1"
"base","flat","ctl","showError(true)","(form)","SchemaNodeProxy","1","1","1"
"base","flat","ctl","showError(true)","","Anonymous","3","3","1"
"base","flat","ctl","showError(true)","/a","Anonymous","2","3","0.6666666666666666"
"base","flat","ctl","showError(true)","/b","Anonymous","2","3","0.6666666666666666"
"base","flat","ctl","showError(true)","/o","Anonymous","2","3","0.6666666666666666"
"base","flat","ctl","showError(true)","/o/x","Anonymous","2","3","0.6666666666666666"
"base","flat","ctl","showError(true)","/o/y","Anonymous","2","3","0.6666666666666666"
"base","flat","ctl","showError(true)","","class:ErrorBoundary","3","3","1"
"base","flat","ctl","showError(true)","/a","class:ErrorBoundary","2","3","0.6666666666666666"
"base","flat","ctl","showError(true)","/b","class:ErrorBoundary","2","3","0.6666666666666666"
"base","flat","ctl","showError(true)","/o","class:ErrorBoundary","2","3","0.6666666666666666"
"base","flat","ctl","showError(true)","/o/x","class:ErrorBoundary","2","3","0.6666666666666666"
"base","flat","ctl","showError(true)","/o/y","class:ErrorBoundary","2","3","0.6666666666666666"
"base","flat","ctl","showError(true)","","SchemaNodeField","1","1","1"
"base","flat","ctl","showError(true)","/a","SchemaNodeField","1","1","1"
"base","flat","ctl","showError(true)","/b","SchemaNodeField","1","1","1"
"base","flat","ctl","showError(true)","/o","SchemaNodeField","1","1","1"
"base","flat","ctl","showError(true)","/o/x","SchemaNodeField","1","1","1"
"base","flat","ctl","showError(true)","/o/y","SchemaNodeField","1","1","1"
"base","flat","ctl","showError(true)","","FormGroupRenderer","1","1","1"
"base","flat","ctl","showError(true)","/a","FormGroupRenderer","1","1","1"
"base","flat","ctl","showError(true)","/b","FormGroupRenderer","1","1","1"
"base","flat","ctl","showError(true)","/o","FormGroupRenderer","1","1","1"
"base","flat","ctl","showError(true)","/o/x","FormGroupRenderer","1","1","1"
"base","flat","ctl","showError(true)","/o/y","FormGroupRenderer","1","1","1"
"base","flat","ctl","showError(true)","","Input","1","1","1"
"base","flat","ctl","showError(true)","/a","Input","1","1","1"
"base","flat","ctl","showError(true)","/b","Input","1","1","1"
"base","flat","ctl","showError(true)","/o","Input","1","1","1"
"base","flat","ctl","showError(true)","/o/x","Input","1","1","1"
"base","flat","ctl","showError(true)","/o/y","Input","1","1","1"
"base","flat","ctl","showError(true)","","FormTypeInputObject","1","1","1"
"base","flat","ctl","showError(true)","/o","FormTypeInputObject","1","1","1"
"base","flat","ctl","showError(true)","/a","CtlInput","1","1","1"
"base","flat","ctl","showError(true)","/b","CtlInput","1","1","1"
"base","flat","ctl","showError(true)","/o/x","CtlInput","1","1","1"
"base","flat","ctl","showError(true)","/o/y","CtlInput","1","1","1"
"base","flat","ctl","Form context prop change","(form)","Host","1","1","1"
"base","flat","ctl","Form context prop change","(form)","fwd:Anonymous","2","2","1"
"base","flat","ctl","Form context prop change","(form)","FormErrorContextProvider","1","1","1"
"base","flat","ctl","Form context prop change","(form)","class:ErrorBoundary","1","1","1"
"base","flat","ctl","Form context prop change","","class:ErrorBoundary","3","3","1"
"base","flat","ctl","Form context prop change","/a","class:ErrorBoundary","2","3","0.6666666666666666"
"base","flat","ctl","Form context prop change","/b","class:ErrorBoundary","2","3","0.6666666666666666"
"base","flat","ctl","Form context prop change","/o","class:ErrorBoundary","2","3","0.6666666666666666"
"base","flat","ctl","Form context prop change","/o/x","class:ErrorBoundary","2","3","0.6666666666666666"
"base","flat","ctl","Form context prop change","/o/y","class:ErrorBoundary","2","3","0.6666666666666666"
"base","flat","ctl","Form context prop change","(form)","fwd:FormContents","1","1","1"
"base","flat","ctl","Form context prop change","(form)","WorkspaceContextProvider","1","1","1"
"base","flat","ctl","Form context prop change","(form)","FormTypeInputsContextProvider","1","1","1"
"base","flat","ctl","Form context prop change","(form)","FormTypeRendererContextProvider","1","1","1"
"base","flat","ctl","Form context prop change","(form)","InputControlContextProvider","1","1","1"
"base","flat","ctl","Form context prop change","(form)","VirtualizationContextProvider","1","1","1"
"base","flat","ctl","Form context prop change","(form)","RootNodeContextProvider","1","1","1"
"base","flat","ctl","Form context prop change","(form)","memo:Anonymous","1","1","1"
"base","flat","ctl","Form context prop change","","memo:Anonymous","2","5","0.4"
"base","flat","ctl","Form context prop change","/a","memo:Anonymous","2","2","1"
"base","flat","ctl","Form context prop change","/b","memo:Anonymous","2","2","1"
"base","flat","ctl","Form context prop change","/o","memo:Anonymous","2","4","0.5"
"base","flat","ctl","Form context prop change","/o/x","memo:Anonymous","2","2","1"
"base","flat","ctl","Form context prop change","/o/y","memo:Anonymous","2","2","1"
"base","flat","ctl","Form context prop change","(form)","SchemaNodeProxy","1","1","1"
"base","flat","ctl","Form context prop change","","Anonymous","3","3","1"
"base","flat","ctl","Form context prop change","/a","Anonymous","2","3","0.6666666666666666"
"base","flat","ctl","Form context prop change","/b","Anonymous","2","3","0.6666666666666666"
"base","flat","ctl","Form context prop change","/o","Anonymous","2","3","0.6666666666666666"
"base","flat","ctl","Form context prop change","/o/x","Anonymous","2","3","0.6666666666666666"
"base","flat","ctl","Form context prop change","/o/y","Anonymous","2","3","0.6666666666666666"
"base","flat","ctl","Form context prop change","","SchemaNodeField","1","1","1"
"base","flat","ctl","Form context prop change","/a","SchemaNodeField","1","1","1"
"base","flat","ctl","Form context prop change","/b","SchemaNodeField","1","1","1"
"base","flat","ctl","Form context prop change","/o","SchemaNodeField","1","1","1"
"base","flat","ctl","Form context prop change","/o/x","SchemaNodeField","1","1","1"
"base","flat","ctl","Form context prop change","/o/y","SchemaNodeField","1","1","1"
"base","flat","ctl","Form context prop change","","FormGroupRenderer","1","1","1"
"base","flat","ctl","Form context prop change","/a","FormGroupRenderer","1","1","1"
"base","flat","ctl","Form context prop change","/b","FormGroupRenderer","1","1","1"
"base","flat","ctl","Form context prop change","/o","FormGroupRenderer","1","1","1"
"base","flat","ctl","Form context prop change","/o/x","FormGroupRenderer","1","1","1"
"base","flat","ctl","Form context prop change","/o/y","FormGroupRenderer","1","1","1"
"base","flat","ctl","Form context prop change","","Input","1","1","1"
"base","flat","ctl","Form context prop change","/a","Input","1","1","1"
"base","flat","ctl","Form context prop change","/b","Input","1","1","1"
"base","flat","ctl","Form context prop change","/o","Input","1","1","1"
"base","flat","ctl","Form context prop change","/o/x","Input","1","1","1"
"base","flat","ctl","Form context prop change","/o/y","Input","1","1","1"
"base","flat","ctl","Form context prop change","","FormTypeInputObject","1","1","1"
"base","flat","ctl","Form context prop change","/o","FormTypeInputObject","1","1","1"
"base","flat","ctl","Form context prop change","/a","CtlInput","1","1","1"
"base","flat","ctl","Form context prop change","/b","CtlInput","1","1","1"
"base","flat","ctl","Form context prop change","/o/x","CtlInput","1","1","1"
"base","flat","ctl","Form context prop change","/o/y","CtlInput","1","1","1"
"base","flat","ctl","Form re-render, new inline onChange","(form)","Host","1","1","1"
"base","flat","ctl","Form re-render, new inline onChange","(form)","fwd:Anonymous","2","2","1"
"base","flat","ctl","Form re-render, new inline onChange","(form)","FormErrorContextProvider","1","1","1"
"base","flat","ctl","Form re-render, new inline onChange","(form)","class:ErrorBoundary","1","1","1"
"base","flat","ctl","Form re-render, new inline onChange","","class:ErrorBoundary","1","3","0.3333333333333333"
"base","flat","ctl","Form re-render, new inline onChange","(form)","fwd:FormContents","1","1","1"
"base","flat","ctl","Form re-render, new inline onChange","(form)","WorkspaceContextProvider","1","1","1"
"base","flat","ctl","Form re-render, new inline onChange","(form)","FormTypeInputsContextProvider","1","1","1"
"base","flat","ctl","Form re-render, new inline onChange","(form)","FormTypeRendererContextProvider","1","1","1"
"base","flat","ctl","Form re-render, new inline onChange","(form)","InputControlContextProvider","1","1","1"
"base","flat","ctl","Form re-render, new inline onChange","(form)","VirtualizationContextProvider","1","1","1"
"base","flat","ctl","Form re-render, new inline onChange","(form)","RootNodeContextProvider","1","1","1"
"base","flat","ctl","Form re-render, new inline onChange","(form)","memo:Anonymous","1","1","1"
"base","flat","ctl","Form re-render, new inline onChange","(form)","SchemaNodeProxy","1","1","1"
"base","flat","ctl","Form re-render, new inline onChange","","Anonymous","1","3","0.3333333333333333"
"base","flat","ctl","Form re-render, new inline onChange","","SchemaNodeField","1","1","1"
"base","flat","ctl","Form readOnly prop true","(form)","Host","1","1","1"
"base","flat","ctl","Form readOnly prop true","(form)","fwd:Anonymous","2","2","1"
"base","flat","ctl","Form readOnly prop true","(form)","FormErrorContextProvider","1","1","1"
"base","flat","ctl","Form readOnly prop true","(form)","class:ErrorBoundary","1","1","1"
"base","flat","ctl","Form readOnly prop true","","class:ErrorBoundary","2","3","0.6666666666666666"
"base","flat","ctl","Form readOnly prop true","/a","class:ErrorBoundary","1","3","0.3333333333333333"
"base","flat","ctl","Form readOnly prop true","/b","class:ErrorBoundary","1","3","0.3333333333333333"
"base","flat","ctl","Form readOnly prop true","/o","class:ErrorBoundary","1","3","0.3333333333333333"
"base","flat","ctl","Form readOnly prop true","/o/x","class:ErrorBoundary","1","3","0.3333333333333333"
"base","flat","ctl","Form readOnly prop true","/o/y","class:ErrorBoundary","1","3","0.3333333333333333"
"base","flat","ctl","Form readOnly prop true","(form)","fwd:FormContents","1","1","1"
"base","flat","ctl","Form readOnly prop true","(form)","WorkspaceContextProvider","1","1","1"
"base","flat","ctl","Form readOnly prop true","(form)","FormTypeInputsContextProvider","1","1","1"
"base","flat","ctl","Form readOnly prop true","(form)","FormTypeRendererContextProvider","1","1","1"
"base","flat","ctl","Form readOnly prop true","(form)","InputControlContextProvider","1","1","1"
"base","flat","ctl","Form readOnly prop true","(form)","VirtualizationContextProvider","1","1","1"
"base","flat","ctl","Form readOnly prop true","(form)","RootNodeContextProvider","1","1","1"
"base","flat","ctl","Form readOnly prop true","(form)","memo:Anonymous","1","1","1"
"base","flat","ctl","Form readOnly prop true","","memo:Anonymous","1","5","0.2"
"base","flat","ctl","Form readOnly prop true","/a","memo:Anonymous","1","2","0.5"
"base","flat","ctl","Form readOnly prop true","/b","memo:Anonymous","1","2","0.5"
"base","flat","ctl","Form readOnly prop true","/o","memo:Anonymous","1","4","0.25"
"base","flat","ctl","Form readOnly prop true","/o/x","memo:Anonymous","1","2","0.5"
"base","flat","ctl","Form readOnly prop true","/o/y","memo:Anonymous","1","2","0.5"
"base","flat","ctl","Form readOnly prop true","(form)","SchemaNodeProxy","1","1","1"
"base","flat","ctl","Form readOnly prop true","","Anonymous","2","3","0.6666666666666666"
"base","flat","ctl","Form readOnly prop true","/a","Anonymous","1","3","0.3333333333333333"
"base","flat","ctl","Form readOnly prop true","/b","Anonymous","1","3","0.3333333333333333"
"base","flat","ctl","Form readOnly prop true","/o","Anonymous","1","3","0.3333333333333333"
"base","flat","ctl","Form readOnly prop true","/o/x","Anonymous","1","3","0.3333333333333333"
"base","flat","ctl","Form readOnly prop true","/o/y","Anonymous","1","3","0.3333333333333333"
"base","flat","ctl","Form readOnly prop true","","SchemaNodeField","1","1","1"
"base","flat","ctl","Form readOnly prop true","","Input","1","1","1"
"base","flat","ctl","Form readOnly prop true","/a","Input","1","1","1"
"base","flat","ctl","Form readOnly prop true","/b","Input","1","1","1"
"base","flat","ctl","Form readOnly prop true","/o","Input","1","1","1"
"base","flat","ctl","Form readOnly prop true","/o/x","Input","1","1","1"
"base","flat","ctl","Form readOnly prop true","/o/y","Input","1","1","1"
"base","flat","ctl","Form readOnly prop true","","FormTypeInputObject","1","1","1"
"base","flat","ctl","Form readOnly prop true","/o","FormTypeInputObject","1","1","1"
"base","flat","ctl","Form readOnly prop true","/a","CtlInput","1","1","1"
"base","flat","ctl","Form readOnly prop true","/b","CtlInput","1","1","1"
"base","flat","ctl","Form readOnly prop true","/o/x","CtlInput","1","1","1"
"base","flat","ctl","Form readOnly prop true","/o/y","CtlInput","1","1","1"
"base","flat","ctl","reset()","(form)","fwd:FormContents","1","1","1"
"base","flat","ctl","reset()","(form)","WorkspaceContextProvider","1","1","1"
"base","flat","ctl","reset()","(form)","FormTypeInputsContextProvider","1","1","1"
"base","flat","ctl","reset()","(form)","FormTypeRendererContextProvider","1","1","1"
"base","flat","ctl","reset()","(form)","InputControlContextProvider","1","1","1"
"base","flat","ctl","reset()","(form)","VirtualizationContextProvider","1","1","1"
"base","flat","ctl","reset()","(form)","RootNodeContextProvider","1","1","1"
"base","flat","ctl","reset()","(form)","memo:Anonymous","1","1","1"
"base","flat","ctl","reset()","","memo:Anonymous","2","5","0.4"
"base","flat","ctl","reset()","/a","memo:Anonymous","2","2","1"
"base","flat","ctl","reset()","/b","memo:Anonymous","2","2","1"
"base","flat","ctl","reset()","/o","memo:Anonymous","2","4","0.5"
"base","flat","ctl","reset()","/o/x","memo:Anonymous","2","2","1"
"base","flat","ctl","reset()","/o/y","memo:Anonymous","2","2","1"
"base","flat","ctl","reset()","(form)","SchemaNodeProxy","1","1","1"
"base","flat","ctl","reset()","","Anonymous","3","3","1"
"base","flat","ctl","reset()","/a","Anonymous","2","3","0.6666666666666666"
"base","flat","ctl","reset()","/b","Anonymous","2","3","0.6666666666666666"
"base","flat","ctl","reset()","/o","Anonymous","2","3","0.6666666666666666"
"base","flat","ctl","reset()","/o/x","Anonymous","2","3","0.6666666666666666"
"base","flat","ctl","reset()","/o/y","Anonymous","2","3","0.6666666666666666"
"base","flat","ctl","reset()","","class:ErrorBoundary","3","3","1"
"base","flat","ctl","reset()","/a","class:ErrorBoundary","2","3","0.6666666666666666"
"base","flat","ctl","reset()","/b","class:ErrorBoundary","2","3","0.6666666666666666"
"base","flat","ctl","reset()","/o","class:ErrorBoundary","2","3","0.6666666666666666"
"base","flat","ctl","reset()","/o/x","class:ErrorBoundary","2","3","0.6666666666666666"
"base","flat","ctl","reset()","/o/y","class:ErrorBoundary","2","3","0.6666666666666666"
"base","flat","ctl","reset()","","SchemaNodeField","1","1","1"
"base","flat","ctl","reset()","/a","SchemaNodeField","1","1","1"
"base","flat","ctl","reset()","/b","SchemaNodeField","1","1","1"
"base","flat","ctl","reset()","/o","SchemaNodeField","1","1","1"
"base","flat","ctl","reset()","/o/x","SchemaNodeField","1","1","1"
"base","flat","ctl","reset()","/o/y","SchemaNodeField","1","1","1"
"base","flat","ctl","reset()","","FormGroupRenderer","1","1","1"
"base","flat","ctl","reset()","/a","FormGroupRenderer","1","1","1"
"base","flat","ctl","reset()","/b","FormGroupRenderer","1","1","1"
"base","flat","ctl","reset()","/o","FormGroupRenderer","1","1","1"
"base","flat","ctl","reset()","/o/x","FormGroupRenderer","1","1","1"
"base","flat","ctl","reset()","/o/y","FormGroupRenderer","1","1","1"
"base","flat","ctl","reset()","","Input","1","1","1"
"base","flat","ctl","reset()","/a","Input","1","1","1"
"base","flat","ctl","reset()","/b","Input","1","1","1"
"base","flat","ctl","reset()","/o","Input","1","1","1"
"base","flat","ctl","reset()","/o/x","Input","1","1","1"
"base","flat","ctl","reset()","/o/y","Input","1","1","1"
"base","flat","ctl","reset()","","FormTypeInputObject","1","1","1"
"base","flat","ctl","reset()","/o","FormTypeInputObject","1","1","1"
"base","flat","ctl","reset()","/a","CtlInput","1","1","1"
"base","flat","ctl","reset()","/b","CtlInput","1","1","1"
"base","flat","ctl","reset()","/o/x","CtlInput","1","1","1"
"base","flat","ctl","reset()","/o/y","CtlInput","1","1","1"
"base","flat","unctl","input write /a","","SchemaNodeField","1","1","1"
"base","flat","unctl","input write /a","/a","SchemaNodeField","1","1","1"
"base","flat","unctl","input write /a","","memo:Anonymous","2","5","0.4"
"base","flat","unctl","input write /a","/a","memo:Anonymous","2","2","1"
"base","flat","unctl","input write /a","","class:ErrorBoundary","2","3","0.6666666666666666"
"base","flat","unctl","input write /a","/a","class:ErrorBoundary","2","3","0.6666666666666666"
"base","flat","unctl","input write /a","","FormGroupRenderer","1","1","1"
"base","flat","unctl","input write /a","/a","FormGroupRenderer","1","1","1"
"base","flat","unctl","input write /a","","Anonymous","2","3","0.6666666666666666"
"base","flat","unctl","input write /a","/a","Anonymous","2","3","0.6666666666666666"
"base","flat","unctl","input write /a","","Input","1","1","1"
"base","flat","unctl","input write /a","/a","Input","1","1","1"
"base","flat","unctl","input write /a","","FormTypeInputObject","1","1","1"
"base","flat","unctl","input write /a","/a","UnctlInput","1","1","1"
"base","flat","unctl","input write /a again","","SchemaNodeField","1","1","1"
"base","flat","unctl","input write /a again","/a","SchemaNodeField","1","1","1"
"base","flat","unctl","input write /a again","","memo:Anonymous","2","5","0.4"
"base","flat","unctl","input write /a again","/a","memo:Anonymous","2","2","1"
"base","flat","unctl","input write /a again","","class:ErrorBoundary","2","3","0.6666666666666666"
"base","flat","unctl","input write /a again","/a","class:ErrorBoundary","2","3","0.6666666666666666"
"base","flat","unctl","input write /a again","","FormGroupRenderer","1","1","1"
"base","flat","unctl","input write /a again","/a","FormGroupRenderer","1","1","1"
"base","flat","unctl","input write /a again","","Anonymous","2","3","0.6666666666666666"
"base","flat","unctl","input write /a again","/a","Anonymous","2","3","0.6666666666666666"
"base","flat","unctl","input write /a again","","Input","1","1","1"
"base","flat","unctl","input write /a again","/a","Input","1","1","1"
"base","flat","unctl","input write /a again","","FormTypeInputObject","1","1","1"
"base","flat","unctl","input write /a again","/a","UnctlInput","1","1","1"
"base","flat","unctl","sibling setValue /b","","SchemaNodeField","1","1","1"
"base","flat","unctl","sibling setValue /b","/b","SchemaNodeField","1","1","1"
"base","flat","unctl","sibling setValue /b","","memo:Anonymous","2","5","0.4"
"base","flat","unctl","sibling setValue /b","/b","memo:Anonymous","2","2","1"
"base","flat","unctl","sibling setValue /b","","class:ErrorBoundary","2","3","0.6666666666666666"
"base","flat","unctl","sibling setValue /b","/b","class:ErrorBoundary","2","3","0.6666666666666666"
"base","flat","unctl","sibling setValue /b","","FormGroupRenderer","1","1","1"
"base","flat","unctl","sibling setValue /b","/b","FormGroupRenderer","1","1","1"
"base","flat","unctl","sibling setValue /b","","Anonymous","2","3","0.6666666666666666"
"base","flat","unctl","sibling setValue /b","/b","Anonymous","2","3","0.6666666666666666"
"base","flat","unctl","sibling setValue /b","","Input","1","1","1"
"base","flat","unctl","sibling setValue /b","/b","Input","1","1","1"
"base","flat","unctl","sibling setValue /b","","FormTypeInputObject","1","1","1"
"base","flat","unctl","sibling setValue /b","/b","UnctlInput","1","1","1"
"base","flat","unctl","parent setValue /o (x only)","","SchemaNodeField","1","1","1"
"base","flat","unctl","parent setValue /o (x only)","/o","SchemaNodeField","1","1","1"
"base","flat","unctl","parent setValue /o (x only)","/o/x","SchemaNodeField","1","1","1"
"base","flat","unctl","parent setValue /o (x only)","","memo:Anonymous","2","5","0.4"
"base","flat","unctl","parent setValue /o (x only)","/o","memo:Anonymous","2","4","0.5"
"base","flat","unctl","parent setValue /o (x only)","/o/x","memo:Anonymous","2","2","1"
"base","flat","unctl","parent setValue /o (x only)","","class:ErrorBoundary","2","3","0.6666666666666666"
"base","flat","unctl","parent setValue /o (x only)","/o","class:ErrorBoundary","2","3","0.6666666666666666"
"base","flat","unctl","parent setValue /o (x only)","/o/x","class:ErrorBoundary","2","3","0.6666666666666666"
"base","flat","unctl","parent setValue /o (x only)","","FormGroupRenderer","1","1","1"
"base","flat","unctl","parent setValue /o (x only)","/o","FormGroupRenderer","1","1","1"
"base","flat","unctl","parent setValue /o (x only)","/o/x","FormGroupRenderer","1","1","1"
"base","flat","unctl","parent setValue /o (x only)","","Anonymous","2","3","0.6666666666666666"
"base","flat","unctl","parent setValue /o (x only)","/o","Anonymous","2","3","0.6666666666666666"
"base","flat","unctl","parent setValue /o (x only)","/o/x","Anonymous","2","3","0.6666666666666666"
"base","flat","unctl","parent setValue /o (x only)","","Input","1","1","1"
"base","flat","unctl","parent setValue /o (x only)","/o","Input","1","1","1"
"base","flat","unctl","parent setValue /o (x only)","/o/x","Input","1","1","1"
"base","flat","unctl","parent setValue /o (x only)","","FormTypeInputObject","1","1","1"
"base","flat","unctl","parent setValue /o (x only)","/o","FormTypeInputObject","1","1","1"
"base","flat","unctl","parent setValue /o (x only)","/o/x","UnctlInput","1","1","1"
"base","flat","unctl","whole setValue (a only)","","SchemaNodeField","1","1","1"
"base","flat","unctl","whole setValue (a only)","/a","SchemaNodeField","1","1","1"
"base","flat","unctl","whole setValue (a only)","","memo:Anonymous","2","5","0.4"
"base","flat","unctl","whole setValue (a only)","/a","memo:Anonymous","2","2","1"
"base","flat","unctl","whole setValue (a only)","","class:ErrorBoundary","2","3","0.6666666666666666"
"base","flat","unctl","whole setValue (a only)","/a","class:ErrorBoundary","2","3","0.6666666666666666"
"base","flat","unctl","whole setValue (a only)","","FormGroupRenderer","1","1","1"
"base","flat","unctl","whole setValue (a only)","/a","FormGroupRenderer","1","1","1"
"base","flat","unctl","whole setValue (a only)","","Anonymous","2","3","0.6666666666666666"
"base","flat","unctl","whole setValue (a only)","/a","Anonymous","2","3","0.6666666666666666"
"base","flat","unctl","whole setValue (a only)","","Input","1","1","1"
"base","flat","unctl","whole setValue (a only)","/a","Input","1","1","1"
"base","flat","unctl","whole setValue (a only)","","FormTypeInputObject","1","1","1"
"base","flat","unctl","whole setValue (a only)","/a","UnctlInput","1","1","1"
"base","flat","unctl","refresh /a","/a","memo:Anonymous","1","2","0.5"
"base","flat","unctl","refresh /a","/a","Anonymous","1","3","0.3333333333333333"
"base","flat","unctl","refresh /a","/a","class:ErrorBoundary","1","3","0.3333333333333333"
"base","flat","unctl","refresh /a","/a","Input","1","1","1"
"base","flat","unctl","refresh /a","/a","UnctlInput","1","1","1"
"base","flat","unctl","showError(true)","(form)","fwd:FormContents","1","1","1"
"base","flat","unctl","showError(true)","(form)","WorkspaceContextProvider","1","1","1"
"base","flat","unctl","showError(true)","(form)","FormTypeInputsContextProvider","1","1","1"
"base","flat","unctl","showError(true)","(form)","FormTypeRendererContextProvider","1","1","1"
"base","flat","unctl","showError(true)","(form)","InputControlContextProvider","1","1","1"
"base","flat","unctl","showError(true)","(form)","VirtualizationContextProvider","1","1","1"
"base","flat","unctl","showError(true)","(form)","RootNodeContextProvider","1","1","1"
"base","flat","unctl","showError(true)","(form)","memo:Anonymous","1","1","1"
"base","flat","unctl","showError(true)","","memo:Anonymous","2","5","0.4"
"base","flat","unctl","showError(true)","/a","memo:Anonymous","2","2","1"
"base","flat","unctl","showError(true)","/b","memo:Anonymous","2","2","1"
"base","flat","unctl","showError(true)","/o","memo:Anonymous","2","4","0.5"
"base","flat","unctl","showError(true)","/o/x","memo:Anonymous","2","2","1"
"base","flat","unctl","showError(true)","/o/y","memo:Anonymous","2","2","1"
"base","flat","unctl","showError(true)","(form)","SchemaNodeProxy","1","1","1"
"base","flat","unctl","showError(true)","","Anonymous","3","3","1"
"base","flat","unctl","showError(true)","/a","Anonymous","2","3","0.6666666666666666"
"base","flat","unctl","showError(true)","/b","Anonymous","2","3","0.6666666666666666"
"base","flat","unctl","showError(true)","/o","Anonymous","2","3","0.6666666666666666"
"base","flat","unctl","showError(true)","/o/x","Anonymous","2","3","0.6666666666666666"
"base","flat","unctl","showError(true)","/o/y","Anonymous","2","3","0.6666666666666666"
"base","flat","unctl","showError(true)","","class:ErrorBoundary","3","3","1"
"base","flat","unctl","showError(true)","/a","class:ErrorBoundary","2","3","0.6666666666666666"
"base","flat","unctl","showError(true)","/b","class:ErrorBoundary","2","3","0.6666666666666666"
"base","flat","unctl","showError(true)","/o","class:ErrorBoundary","2","3","0.6666666666666666"
"base","flat","unctl","showError(true)","/o/x","class:ErrorBoundary","2","3","0.6666666666666666"
"base","flat","unctl","showError(true)","/o/y","class:ErrorBoundary","2","3","0.6666666666666666"
"base","flat","unctl","showError(true)","","SchemaNodeField","1","1","1"
"base","flat","unctl","showError(true)","/a","SchemaNodeField","1","1","1"
"base","flat","unctl","showError(true)","/b","SchemaNodeField","1","1","1"
"base","flat","unctl","showError(true)","/o","SchemaNodeField","1","1","1"
"base","flat","unctl","showError(true)","/o/x","SchemaNodeField","1","1","1"
"base","flat","unctl","showError(true)","/o/y","SchemaNodeField","1","1","1"
"base","flat","unctl","showError(true)","","FormGroupRenderer","1","1","1"
"base","flat","unctl","showError(true)","/a","FormGroupRenderer","1","1","1"
"base","flat","unctl","showError(true)","/b","FormGroupRenderer","1","1","1"
"base","flat","unctl","showError(true)","/o","FormGroupRenderer","1","1","1"
"base","flat","unctl","showError(true)","/o/x","FormGroupRenderer","1","1","1"
"base","flat","unctl","showError(true)","/o/y","FormGroupRenderer","1","1","1"
"base","flat","unctl","showError(true)","","Input","1","1","1"
"base","flat","unctl","showError(true)","/a","Input","1","1","1"
"base","flat","unctl","showError(true)","/b","Input","1","1","1"
"base","flat","unctl","showError(true)","/o","Input","1","1","1"
"base","flat","unctl","showError(true)","/o/x","Input","1","1","1"
"base","flat","unctl","showError(true)","/o/y","Input","1","1","1"
"base","flat","unctl","showError(true)","","FormTypeInputObject","1","1","1"
"base","flat","unctl","showError(true)","/o","FormTypeInputObject","1","1","1"
"base","flat","unctl","showError(true)","/a","UnctlInput","1","1","1"
"base","flat","unctl","showError(true)","/b","UnctlInput","1","1","1"
"base","flat","unctl","showError(true)","/o/x","UnctlInput","1","1","1"
"base","flat","unctl","showError(true)","/o/y","UnctlInput","1","1","1"
"base","flat","unctl","Form context prop change","(form)","Host","1","1","1"
"base","flat","unctl","Form context prop change","(form)","fwd:Anonymous","2","2","1"
"base","flat","unctl","Form context prop change","(form)","FormErrorContextProvider","1","1","1"
"base","flat","unctl","Form context prop change","(form)","class:ErrorBoundary","1","1","1"
"base","flat","unctl","Form context prop change","","class:ErrorBoundary","3","3","1"
"base","flat","unctl","Form context prop change","/a","class:ErrorBoundary","2","3","0.6666666666666666"
"base","flat","unctl","Form context prop change","/b","class:ErrorBoundary","2","3","0.6666666666666666"
"base","flat","unctl","Form context prop change","/o","class:ErrorBoundary","2","3","0.6666666666666666"
"base","flat","unctl","Form context prop change","/o/x","class:ErrorBoundary","2","3","0.6666666666666666"
"base","flat","unctl","Form context prop change","/o/y","class:ErrorBoundary","2","3","0.6666666666666666"
"base","flat","unctl","Form context prop change","(form)","fwd:FormContents","1","1","1"
"base","flat","unctl","Form context prop change","(form)","WorkspaceContextProvider","1","1","1"
"base","flat","unctl","Form context prop change","(form)","FormTypeInputsContextProvider","1","1","1"
"base","flat","unctl","Form context prop change","(form)","FormTypeRendererContextProvider","1","1","1"
"base","flat","unctl","Form context prop change","(form)","InputControlContextProvider","1","1","1"
"base","flat","unctl","Form context prop change","(form)","VirtualizationContextProvider","1","1","1"
"base","flat","unctl","Form context prop change","(form)","RootNodeContextProvider","1","1","1"
"base","flat","unctl","Form context prop change","(form)","memo:Anonymous","1","1","1"
"base","flat","unctl","Form context prop change","","memo:Anonymous","2","5","0.4"
"base","flat","unctl","Form context prop change","/a","memo:Anonymous","2","2","1"
"base","flat","unctl","Form context prop change","/b","memo:Anonymous","2","2","1"
"base","flat","unctl","Form context prop change","/o","memo:Anonymous","2","4","0.5"
"base","flat","unctl","Form context prop change","/o/x","memo:Anonymous","2","2","1"
"base","flat","unctl","Form context prop change","/o/y","memo:Anonymous","2","2","1"
"base","flat","unctl","Form context prop change","(form)","SchemaNodeProxy","1","1","1"
"base","flat","unctl","Form context prop change","","Anonymous","3","3","1"
"base","flat","unctl","Form context prop change","/a","Anonymous","2","3","0.6666666666666666"
"base","flat","unctl","Form context prop change","/b","Anonymous","2","3","0.6666666666666666"
"base","flat","unctl","Form context prop change","/o","Anonymous","2","3","0.6666666666666666"
"base","flat","unctl","Form context prop change","/o/x","Anonymous","2","3","0.6666666666666666"
"base","flat","unctl","Form context prop change","/o/y","Anonymous","2","3","0.6666666666666666"
"base","flat","unctl","Form context prop change","","SchemaNodeField","1","1","1"
"base","flat","unctl","Form context prop change","/a","SchemaNodeField","1","1","1"
"base","flat","unctl","Form context prop change","/b","SchemaNodeField","1","1","1"
"base","flat","unctl","Form context prop change","/o","SchemaNodeField","1","1","1"
"base","flat","unctl","Form context prop change","/o/x","SchemaNodeField","1","1","1"
"base","flat","unctl","Form context prop change","/o/y","SchemaNodeField","1","1","1"
"base","flat","unctl","Form context prop change","","FormGroupRenderer","1","1","1"
"base","flat","unctl","Form context prop change","/a","FormGroupRenderer","1","1","1"
"base","flat","unctl","Form context prop change","/b","FormGroupRenderer","1","1","1"
"base","flat","unctl","Form context prop change","/o","FormGroupRenderer","1","1","1"
"base","flat","unctl","Form context prop change","/o/x","FormGroupRenderer","1","1","1"
"base","flat","unctl","Form context prop change","/o/y","FormGroupRenderer","1","1","1"
"base","flat","unctl","Form context prop change","","Input","1","1","1"
"base","flat","unctl","Form context prop change","/a","Input","1","1","1"
"base","flat","unctl","Form context prop change","/b","Input","1","1","1"
"base","flat","unctl","Form context prop change","/o","Input","1","1","1"
"base","flat","unctl","Form context prop change","/o/x","Input","1","1","1"
"base","flat","unctl","Form context prop change","/o/y","Input","1","1","1"
"base","flat","unctl","Form context prop change","","FormTypeInputObject","1","1","1"
"base","flat","unctl","Form context prop change","/o","FormTypeInputObject","1","1","1"
"base","flat","unctl","Form context prop change","/a","UnctlInput","1","1","1"
"base","flat","unctl","Form context prop change","/b","UnctlInput","1","1","1"
"base","flat","unctl","Form context prop change","/o/x","UnctlInput","1","1","1"
"base","flat","unctl","Form context prop change","/o/y","UnctlInput","1","1","1"
"base","flat","unctl","Form re-render, new inline onChange","(form)","Host","1","1","1"
"base","flat","unctl","Form re-render, new inline onChange","(form)","fwd:Anonymous","2","2","1"
"base","flat","unctl","Form re-render, new inline onChange","(form)","FormErrorContextProvider","1","1","1"
"base","flat","unctl","Form re-render, new inline onChange","(form)","class:ErrorBoundary","1","1","1"
"base","flat","unctl","Form re-render, new inline onChange","","class:ErrorBoundary","1","3","0.3333333333333333"
"base","flat","unctl","Form re-render, new inline onChange","(form)","fwd:FormContents","1","1","1"
"base","flat","unctl","Form re-render, new inline onChange","(form)","WorkspaceContextProvider","1","1","1"
"base","flat","unctl","Form re-render, new inline onChange","(form)","FormTypeInputsContextProvider","1","1","1"
"base","flat","unctl","Form re-render, new inline onChange","(form)","FormTypeRendererContextProvider","1","1","1"
"base","flat","unctl","Form re-render, new inline onChange","(form)","InputControlContextProvider","1","1","1"
"base","flat","unctl","Form re-render, new inline onChange","(form)","VirtualizationContextProvider","1","1","1"
"base","flat","unctl","Form re-render, new inline onChange","(form)","RootNodeContextProvider","1","1","1"
"base","flat","unctl","Form re-render, new inline onChange","(form)","memo:Anonymous","1","1","1"
"base","flat","unctl","Form re-render, new inline onChange","(form)","SchemaNodeProxy","1","1","1"
"base","flat","unctl","Form re-render, new inline onChange","","Anonymous","1","3","0.3333333333333333"
"base","flat","unctl","Form re-render, new inline onChange","","SchemaNodeField","1","1","1"
"base","flat","unctl","Form readOnly prop true","(form)","Host","1","1","1"
"base","flat","unctl","Form readOnly prop true","(form)","fwd:Anonymous","2","2","1"
"base","flat","unctl","Form readOnly prop true","(form)","FormErrorContextProvider","1","1","1"
"base","flat","unctl","Form readOnly prop true","(form)","class:ErrorBoundary","1","1","1"
"base","flat","unctl","Form readOnly prop true","","class:ErrorBoundary","2","3","0.6666666666666666"
"base","flat","unctl","Form readOnly prop true","/a","class:ErrorBoundary","1","3","0.3333333333333333"
"base","flat","unctl","Form readOnly prop true","/b","class:ErrorBoundary","1","3","0.3333333333333333"
"base","flat","unctl","Form readOnly prop true","/o","class:ErrorBoundary","1","3","0.3333333333333333"
"base","flat","unctl","Form readOnly prop true","/o/x","class:ErrorBoundary","1","3","0.3333333333333333"
"base","flat","unctl","Form readOnly prop true","/o/y","class:ErrorBoundary","1","3","0.3333333333333333"
"base","flat","unctl","Form readOnly prop true","(form)","fwd:FormContents","1","1","1"
"base","flat","unctl","Form readOnly prop true","(form)","WorkspaceContextProvider","1","1","1"
"base","flat","unctl","Form readOnly prop true","(form)","FormTypeInputsContextProvider","1","1","1"
"base","flat","unctl","Form readOnly prop true","(form)","FormTypeRendererContextProvider","1","1","1"
"base","flat","unctl","Form readOnly prop true","(form)","InputControlContextProvider","1","1","1"
"base","flat","unctl","Form readOnly prop true","(form)","VirtualizationContextProvider","1","1","1"
"base","flat","unctl","Form readOnly prop true","(form)","RootNodeContextProvider","1","1","1"
"base","flat","unctl","Form readOnly prop true","(form)","memo:Anonymous","1","1","1"
"base","flat","unctl","Form readOnly prop true","","memo:Anonymous","1","5","0.2"
"base","flat","unctl","Form readOnly prop true","/a","memo:Anonymous","1","2","0.5"
"base","flat","unctl","Form readOnly prop true","/b","memo:Anonymous","1","2","0.5"
"base","flat","unctl","Form readOnly prop true","/o","memo:Anonymous","1","4","0.25"
"base","flat","unctl","Form readOnly prop true","/o/x","memo:Anonymous","1","2","0.5"
"base","flat","unctl","Form readOnly prop true","/o/y","memo:Anonymous","1","2","0.5"
"base","flat","unctl","Form readOnly prop true","(form)","SchemaNodeProxy","1","1","1"
"base","flat","unctl","Form readOnly prop true","","Anonymous","2","3","0.6666666666666666"
"base","flat","unctl","Form readOnly prop true","/a","Anonymous","1","3","0.3333333333333333"
"base","flat","unctl","Form readOnly prop true","/b","Anonymous","1","3","0.3333333333333333"
"base","flat","unctl","Form readOnly prop true","/o","Anonymous","1","3","0.3333333333333333"
"base","flat","unctl","Form readOnly prop true","/o/x","Anonymous","1","3","0.3333333333333333"
"base","flat","unctl","Form readOnly prop true","/o/y","Anonymous","1","3","0.3333333333333333"
"base","flat","unctl","Form readOnly prop true","","SchemaNodeField","1","1","1"
"base","flat","unctl","Form readOnly prop true","","Input","1","1","1"
"base","flat","unctl","Form readOnly prop true","/a","Input","1","1","1"
"base","flat","unctl","Form readOnly prop true","/b","Input","1","1","1"
"base","flat","unctl","Form readOnly prop true","/o","Input","1","1","1"
"base","flat","unctl","Form readOnly prop true","/o/x","Input","1","1","1"
"base","flat","unctl","Form readOnly prop true","/o/y","Input","1","1","1"
"base","flat","unctl","Form readOnly prop true","","FormTypeInputObject","1","1","1"
"base","flat","unctl","Form readOnly prop true","/o","FormTypeInputObject","1","1","1"
"base","flat","unctl","Form readOnly prop true","/a","UnctlInput","1","1","1"
"base","flat","unctl","Form readOnly prop true","/b","UnctlInput","1","1","1"
"base","flat","unctl","Form readOnly prop true","/o/x","UnctlInput","1","1","1"
"base","flat","unctl","Form readOnly prop true","/o/y","UnctlInput","1","1","1"
"base","flat","unctl","reset()","(form)","fwd:FormContents","1","1","1"
"base","flat","unctl","reset()","(form)","WorkspaceContextProvider","1","1","1"
"base","flat","unctl","reset()","(form)","FormTypeInputsContextProvider","1","1","1"
"base","flat","unctl","reset()","(form)","FormTypeRendererContextProvider","1","1","1"
"base","flat","unctl","reset()","(form)","InputControlContextProvider","1","1","1"
"base","flat","unctl","reset()","(form)","VirtualizationContextProvider","1","1","1"
"base","flat","unctl","reset()","(form)","RootNodeContextProvider","1","1","1"
"base","flat","unctl","reset()","(form)","memo:Anonymous","1","1","1"
"base","flat","unctl","reset()","","memo:Anonymous","2","5","0.4"
"base","flat","unctl","reset()","/a","memo:Anonymous","2","2","1"
"base","flat","unctl","reset()","/b","memo:Anonymous","2","2","1"
"base","flat","unctl","reset()","/o","memo:Anonymous","2","4","0.5"
"base","flat","unctl","reset()","/o/x","memo:Anonymous","2","2","1"
"base","flat","unctl","reset()","/o/y","memo:Anonymous","2","2","1"
"base","flat","unctl","reset()","(form)","SchemaNodeProxy","1","1","1"
"base","flat","unctl","reset()","","Anonymous","3","3","1"
"base","flat","unctl","reset()","/a","Anonymous","2","3","0.6666666666666666"
"base","flat","unctl","reset()","/b","Anonymous","2","3","0.6666666666666666"
"base","flat","unctl","reset()","/o","Anonymous","2","3","0.6666666666666666"
"base","flat","unctl","reset()","/o/x","Anonymous","2","3","0.6666666666666666"
"base","flat","unctl","reset()","/o/y","Anonymous","2","3","0.6666666666666666"
"base","flat","unctl","reset()","","class:ErrorBoundary","3","3","1"
"base","flat","unctl","reset()","/a","class:ErrorBoundary","2","3","0.6666666666666666"
"base","flat","unctl","reset()","/b","class:ErrorBoundary","2","3","0.6666666666666666"
"base","flat","unctl","reset()","/o","class:ErrorBoundary","2","3","0.6666666666666666"
"base","flat","unctl","reset()","/o/x","class:ErrorBoundary","2","3","0.6666666666666666"
"base","flat","unctl","reset()","/o/y","class:ErrorBoundary","2","3","0.6666666666666666"
"base","flat","unctl","reset()","","SchemaNodeField","1","1","1"
"base","flat","unctl","reset()","/a","SchemaNodeField","1","1","1"
"base","flat","unctl","reset()","/b","SchemaNodeField","1","1","1"
"base","flat","unctl","reset()","/o","SchemaNodeField","1","1","1"
"base","flat","unctl","reset()","/o/x","SchemaNodeField","1","1","1"
"base","flat","unctl","reset()","/o/y","SchemaNodeField","1","1","1"
"base","flat","unctl","reset()","","FormGroupRenderer","1","1","1"
"base","flat","unctl","reset()","/a","FormGroupRenderer","1","1","1"
"base","flat","unctl","reset()","/b","FormGroupRenderer","1","1","1"
"base","flat","unctl","reset()","/o","FormGroupRenderer","1","1","1"
"base","flat","unctl","reset()","/o/x","FormGroupRenderer","1","1","1"
"base","flat","unctl","reset()","/o/y","FormGroupRenderer","1","1","1"
"base","flat","unctl","reset()","","Input","1","1","1"
"base","flat","unctl","reset()","/a","Input","1","1","1"
"base","flat","unctl","reset()","/b","Input","1","1","1"
"base","flat","unctl","reset()","/o","Input","1","1","1"
"base","flat","unctl","reset()","/o/x","Input","1","1","1"
"base","flat","unctl","reset()","/o/y","Input","1","1","1"
"base","flat","unctl","reset()","","FormTypeInputObject","1","1","1"
"base","flat","unctl","reset()","/o","FormTypeInputObject","1","1","1"
"base","flat","unctl","reset()","/a","UnctlInput","1","1","1"
"base","flat","unctl","reset()","/b","UnctlInput","1","1","1"
"base","flat","unctl","reset()","/o/x","UnctlInput","1","1","1"
"base","flat","unctl","reset()","/o/y","UnctlInput","1","1","1"
"base","array","ctl","push","","SchemaNodeField","1","1","1"
"base","array","ctl","push","/arr","SchemaNodeField","1","1","1"
"base","array","ctl","push","/arr/3","SchemaNodeField","1","",""
"base","array","ctl","push","","memo:Anonymous","2","3","0.6666666666666666"
"base","array","ctl","push","/arr","memo:Anonymous","3","5","0.6"
"base","array","ctl","push","/arr/3","memo:Anonymous","2","",""
"base","array","ctl","push","","class:ErrorBoundary","2","3","0.6666666666666666"
"base","array","ctl","push","/arr","class:ErrorBoundary","2","3","0.6666666666666666"
"base","array","ctl","push","/arr/3","class:ErrorBoundary","3","",""
"base","array","ctl","push","","FormGroupRenderer","1","1","1"
"base","array","ctl","push","/arr","FormGroupRenderer","1","1","1"
"base","array","ctl","push","/arr/3","FormGroupRenderer","1","",""
"base","array","ctl","push","","Anonymous","2","3","0.6666666666666666"
"base","array","ctl","push","/arr","Anonymous","2","3","0.6666666666666666"
"base","array","ctl","push","/arr/3","Anonymous","3","",""
"base","array","ctl","push","","Input","1","1","1"
"base","array","ctl","push","/arr","Input","1","1","1"
"base","array","ctl","push","/arr/3","Input","1","",""
"base","array","ctl","push","","FormTypeInputObject","1","1","1"
"base","array","ctl","push","/arr","FormTypeInputArray","1","1","1"
"base","array","ctl","push","/arr","memo:ArrayItems2","1","1","1"
"base","array","ctl","push","/arr","Button","5","4","1.25"
"base","array","ctl","push","/arr/3","SchemaNodeProxy","1","",""
"base","array","ctl","push","/arr/3","CtlInput","1","",""
"base","array","ctl","push again","","SchemaNodeField","1","1","1"
"base","array","ctl","push again","/arr","SchemaNodeField","1","1","1"
"base","array","ctl","push again","/arr/4","SchemaNodeField","1","",""
"base","array","ctl","push again","","memo:Anonymous","2","3","0.6666666666666666"
"base","array","ctl","push again","/arr","memo:Anonymous","3","5","0.6"
"base","array","ctl","push again","/arr/4","memo:Anonymous","2","",""
"base","array","ctl","push again","","class:ErrorBoundary","2","3","0.6666666666666666"
"base","array","ctl","push again","/arr","class:ErrorBoundary","2","3","0.6666666666666666"
"base","array","ctl","push again","/arr/4","class:ErrorBoundary","3","",""
"base","array","ctl","push again","","FormGroupRenderer","1","1","1"
"base","array","ctl","push again","/arr","FormGroupRenderer","1","1","1"
"base","array","ctl","push again","/arr/4","FormGroupRenderer","1","",""
"base","array","ctl","push again","","Anonymous","2","3","0.6666666666666666"
"base","array","ctl","push again","/arr","Anonymous","2","3","0.6666666666666666"
"base","array","ctl","push again","/arr/4","Anonymous","3","",""
"base","array","ctl","push again","","Input","1","1","1"
"base","array","ctl","push again","/arr","Input","1","1","1"
"base","array","ctl","push again","/arr/4","Input","1","",""
"base","array","ctl","push again","","FormTypeInputObject","1","1","1"
"base","array","ctl","push again","/arr","FormTypeInputArray","1","1","1"
"base","array","ctl","push again","/arr","memo:ArrayItems2","1","1","1"
"base","array","ctl","push again","/arr","Button","6","4","1.5"
"base","array","ctl","push again","/arr/4","SchemaNodeProxy","1","",""
"base","array","ctl","push again","/arr/4","CtlInput","1","",""
"base","array","ctl","remove(0)","","SchemaNodeField","1","1","1"
"base","array","ctl","remove(0)","/arr","SchemaNodeField","1","1","1"
"base","array","ctl","remove(0)","/arr/0","SchemaNodeField","1","1","1"
"base","array","ctl","remove(0)","/arr/1","SchemaNodeField","1","1","1"
"base","array","ctl","remove(0)","/arr/2","SchemaNodeField","1","1","1"
"base","array","ctl","remove(0)","/arr/3","SchemaNodeField","1","",""
"base","array","ctl","remove(0)","","memo:Anonymous","2","3","0.6666666666666666"
"base","array","ctl","remove(0)","/arr","memo:Anonymous","2","5","0.4"
"base","array","ctl","remove(0)","/arr/0","memo:Anonymous","2","2","1"
"base","array","ctl","remove(0)","/arr/1","memo:Anonymous","2","2","1"
"base","array","ctl","remove(0)","/arr/2","memo:Anonymous","2","2","1"
"base","array","ctl","remove(0)","/arr/3","memo:Anonymous","2","",""
"base","array","ctl","remove(0)","","class:ErrorBoundary","2","3","0.6666666666666666"
"base","array","ctl","remove(0)","/arr","class:ErrorBoundary","2","3","0.6666666666666666"
"base","array","ctl","remove(0)","/arr/0","class:ErrorBoundary","2","3","0.6666666666666666"
"base","array","ctl","remove(0)","/arr/1","class:ErrorBoundary","2","3","0.6666666666666666"
"base","array","ctl","remove(0)","/arr/2","class:ErrorBoundary","2","3","0.6666666666666666"
"base","array","ctl","remove(0)","/arr/3","class:ErrorBoundary","2","",""
"base","array","ctl","remove(0)","","FormGroupRenderer","1","1","1"
"base","array","ctl","remove(0)","/arr","FormGroupRenderer","1","1","1"
"base","array","ctl","remove(0)","/arr/0","FormGroupRenderer","1","1","1"
"base","array","ctl","remove(0)","/arr/1","FormGroupRenderer","1","1","1"
"base","array","ctl","remove(0)","/arr/2","FormGroupRenderer","1","1","1"
"base","array","ctl","remove(0)","/arr/3","FormGroupRenderer","1","",""
"base","array","ctl","remove(0)","","Anonymous","2","3","0.6666666666666666"
"base","array","ctl","remove(0)","/arr","Anonymous","2","3","0.6666666666666666"
"base","array","ctl","remove(0)","/arr/0","Anonymous","2","3","0.6666666666666666"
"base","array","ctl","remove(0)","/arr/1","Anonymous","2","3","0.6666666666666666"
"base","array","ctl","remove(0)","/arr/2","Anonymous","2","3","0.6666666666666666"
"base","array","ctl","remove(0)","/arr/3","Anonymous","2","",""
"base","array","ctl","remove(0)","","Input","1","1","1"
"base","array","ctl","remove(0)","/arr","Input","1","1","1"
"base","array","ctl","remove(0)","/arr/0","Input","1","1","1"
"base","array","ctl","remove(0)","/arr/1","Input","1","1","1"
"base","array","ctl","remove(0)","/arr/2","Input","1","1","1"
"base","array","ctl","remove(0)","/arr/3","Input","1","",""
"base","array","ctl","remove(0)","","FormTypeInputObject","1","1","1"
"base","array","ctl","remove(0)","/arr","FormTypeInputArray","1","1","1"
"base","array","ctl","remove(0)","/arr","memo:ArrayItems2","1","1","1"
"base","array","ctl","remove(0)","/arr/0","CtlInput","1","1","1"
"base","array","ctl","remove(0)","/arr/1","CtlInput","1","1","1"
"base","array","ctl","remove(0)","/arr/2","CtlInput","1","1","1"
"base","array","ctl","remove(0)","/arr/3","CtlInput","1","",""
"base","array","ctl","remove(0)","/arr","Button","5","4","1.25"
"base","array","ctl","remove(last)","","SchemaNodeField","1","1","1"
"base","array","ctl","remove(last)","/arr","SchemaNodeField","1","1","1"
"base","array","ctl","remove(last)","","memo:Anonymous","2","3","0.6666666666666666"
"base","array","ctl","remove(last)","/arr","memo:Anonymous","2","5","0.4"
"base","array","ctl","remove(last)","","class:ErrorBoundary","2","3","0.6666666666666666"
"base","array","ctl","remove(last)","/arr","class:ErrorBoundary","2","3","0.6666666666666666"
"base","array","ctl","remove(last)","","FormGroupRenderer","1","1","1"
"base","array","ctl","remove(last)","/arr","FormGroupRenderer","1","1","1"
"base","array","ctl","remove(last)","","Anonymous","2","3","0.6666666666666666"
"base","array","ctl","remove(last)","/arr","Anonymous","2","3","0.6666666666666666"
"base","array","ctl","remove(last)","","Input","1","1","1"
"base","array","ctl","remove(last)","/arr","Input","1","1","1"
"base","array","ctl","remove(last)","","FormTypeInputObject","1","1","1"
"base","array","ctl","remove(last)","/arr","FormTypeInputArray","1","1","1"
"base","array","ctl","remove(last)","/arr","memo:ArrayItems2","1","1","1"
"base","array","ctl","remove(last)","/arr","Button","4","4","1"
"base","array","ctl","replace setValue (+1 item)","","SchemaNodeField","1","1","1"
"base","array","ctl","replace setValue (+1 item)","/arr","SchemaNodeField","1","1","1"
"base","array","ctl","replace setValue (+1 item)","/arr/3","SchemaNodeField","1","",""
"base","array","ctl","replace setValue (+1 item)","","memo:Anonymous","2","3","0.6666666666666666"
"base","array","ctl","replace setValue (+1 item)","/arr","memo:Anonymous","3","5","0.6"
"base","array","ctl","replace setValue (+1 item)","/arr/3","memo:Anonymous","2","",""
"base","array","ctl","replace setValue (+1 item)","","class:ErrorBoundary","2","3","0.6666666666666666"
"base","array","ctl","replace setValue (+1 item)","/arr","class:ErrorBoundary","2","3","0.6666666666666666"
"base","array","ctl","replace setValue (+1 item)","/arr/3","class:ErrorBoundary","3","",""
"base","array","ctl","replace setValue (+1 item)","","FormGroupRenderer","1","1","1"
"base","array","ctl","replace setValue (+1 item)","/arr","FormGroupRenderer","1","1","1"
"base","array","ctl","replace setValue (+1 item)","/arr/3","FormGroupRenderer","1","",""
"base","array","ctl","replace setValue (+1 item)","","Anonymous","2","3","0.6666666666666666"
"base","array","ctl","replace setValue (+1 item)","/arr","Anonymous","2","3","0.6666666666666666"
"base","array","ctl","replace setValue (+1 item)","/arr/3","Anonymous","3","",""
"base","array","ctl","replace setValue (+1 item)","","Input","1","1","1"
"base","array","ctl","replace setValue (+1 item)","/arr","Input","1","1","1"
"base","array","ctl","replace setValue (+1 item)","/arr/3","Input","1","",""
"base","array","ctl","replace setValue (+1 item)","","FormTypeInputObject","1","1","1"
"base","array","ctl","replace setValue (+1 item)","/arr","FormTypeInputArray","1","1","1"
"base","array","ctl","replace setValue (+1 item)","/arr","memo:ArrayItems2","1","1","1"
"base","array","ctl","replace setValue (+1 item)","/arr","Button","5","4","1.25"
"base","array","ctl","replace setValue (+1 item)","/arr/3","SchemaNodeProxy","1","",""
"base","array","ctl","replace setValue (+1 item)","/arr/3","CtlInput","1","",""
"base","array","ctl","replace setValue (all new values)","","SchemaNodeField","1","1","1"
"base","array","ctl","replace setValue (all new values)","/arr","SchemaNodeField","1","1","1"
"base","array","ctl","replace setValue (all new values)","/arr/0","SchemaNodeField","1","1","1"
"base","array","ctl","replace setValue (all new values)","/arr/1","SchemaNodeField","1","1","1"
"base","array","ctl","replace setValue (all new values)","/arr/2","SchemaNodeField","1","1","1"
"base","array","ctl","replace setValue (all new values)","/arr/3","SchemaNodeField","1","",""
"base","array","ctl","replace setValue (all new values)","","memo:Anonymous","2","3","0.6666666666666666"
"base","array","ctl","replace setValue (all new values)","/arr","memo:Anonymous","2","5","0.4"
"base","array","ctl","replace setValue (all new values)","/arr/0","memo:Anonymous","2","2","1"
"base","array","ctl","replace setValue (all new values)","/arr/1","memo:Anonymous","2","2","1"
"base","array","ctl","replace setValue (all new values)","/arr/2","memo:Anonymous","2","2","1"
"base","array","ctl","replace setValue (all new values)","/arr/3","memo:Anonymous","2","",""
"base","array","ctl","replace setValue (all new values)","","class:ErrorBoundary","2","3","0.6666666666666666"
"base","array","ctl","replace setValue (all new values)","/arr","class:ErrorBoundary","2","3","0.6666666666666666"
"base","array","ctl","replace setValue (all new values)","/arr/0","class:ErrorBoundary","2","3","0.6666666666666666"
"base","array","ctl","replace setValue (all new values)","/arr/1","class:ErrorBoundary","2","3","0.6666666666666666"
"base","array","ctl","replace setValue (all new values)","/arr/2","class:ErrorBoundary","2","3","0.6666666666666666"
"base","array","ctl","replace setValue (all new values)","/arr/3","class:ErrorBoundary","2","",""
"base","array","ctl","replace setValue (all new values)","","FormGroupRenderer","1","1","1"
"base","array","ctl","replace setValue (all new values)","/arr","FormGroupRenderer","1","1","1"
"base","array","ctl","replace setValue (all new values)","/arr/0","FormGroupRenderer","1","1","1"
"base","array","ctl","replace setValue (all new values)","/arr/1","FormGroupRenderer","1","1","1"
"base","array","ctl","replace setValue (all new values)","/arr/2","FormGroupRenderer","1","1","1"
"base","array","ctl","replace setValue (all new values)","/arr/3","FormGroupRenderer","1","",""
"base","array","ctl","replace setValue (all new values)","","Anonymous","2","3","0.6666666666666666"
"base","array","ctl","replace setValue (all new values)","/arr","Anonymous","2","3","0.6666666666666666"
"base","array","ctl","replace setValue (all new values)","/arr/0","Anonymous","2","3","0.6666666666666666"
"base","array","ctl","replace setValue (all new values)","/arr/1","Anonymous","2","3","0.6666666666666666"
"base","array","ctl","replace setValue (all new values)","/arr/2","Anonymous","2","3","0.6666666666666666"
"base","array","ctl","replace setValue (all new values)","/arr/3","Anonymous","2","",""
"base","array","ctl","replace setValue (all new values)","","Input","1","1","1"
"base","array","ctl","replace setValue (all new values)","/arr","Input","1","1","1"
"base","array","ctl","replace setValue (all new values)","/arr/0","Input","1","1","1"
"base","array","ctl","replace setValue (all new values)","/arr/1","Input","1","1","1"
"base","array","ctl","replace setValue (all new values)","/arr/2","Input","1","1","1"
"base","array","ctl","replace setValue (all new values)","/arr/3","Input","1","",""
"base","array","ctl","replace setValue (all new values)","","FormTypeInputObject","1","1","1"
"base","array","ctl","replace setValue (all new values)","/arr","FormTypeInputArray","1","1","1"
"base","array","ctl","replace setValue (all new values)","/arr/0","CtlInput","1","1","1"
"base","array","ctl","replace setValue (all new values)","/arr/1","CtlInput","1","1","1"
"base","array","ctl","replace setValue (all new values)","/arr/2","CtlInput","1","1","1"
"base","array","ctl","replace setValue (all new values)","/arr/3","CtlInput","1","",""
"base","array","unctl","push","","SchemaNodeField","1","1","1"
"base","array","unctl","push","/arr","SchemaNodeField","1","1","1"
"base","array","unctl","push","/arr/3","SchemaNodeField","1","",""
"base","array","unctl","push","","memo:Anonymous","2","3","0.6666666666666666"
"base","array","unctl","push","/arr","memo:Anonymous","3","5","0.6"
"base","array","unctl","push","/arr/3","memo:Anonymous","2","",""
"base","array","unctl","push","","class:ErrorBoundary","2","3","0.6666666666666666"
"base","array","unctl","push","/arr","class:ErrorBoundary","2","3","0.6666666666666666"
"base","array","unctl","push","/arr/3","class:ErrorBoundary","3","",""
"base","array","unctl","push","","FormGroupRenderer","1","1","1"
"base","array","unctl","push","/arr","FormGroupRenderer","1","1","1"
"base","array","unctl","push","/arr/3","FormGroupRenderer","1","",""
"base","array","unctl","push","","Anonymous","2","3","0.6666666666666666"
"base","array","unctl","push","/arr","Anonymous","2","3","0.6666666666666666"
"base","array","unctl","push","/arr/3","Anonymous","3","",""
"base","array","unctl","push","","Input","1","1","1"
"base","array","unctl","push","/arr","Input","1","1","1"
"base","array","unctl","push","/arr/3","Input","1","",""
"base","array","unctl","push","","FormTypeInputObject","1","1","1"
"base","array","unctl","push","/arr","FormTypeInputArray","1","1","1"
"base","array","unctl","push","/arr","memo:ArrayItems2","1","1","1"
"base","array","unctl","push","/arr","Button","5","4","1.25"
"base","array","unctl","push","/arr/3","SchemaNodeProxy","1","",""
"base","array","unctl","push","/arr/3","UnctlInput","1","",""
"base","array","unctl","push again","","SchemaNodeField","1","1","1"
"base","array","unctl","push again","/arr","SchemaNodeField","1","1","1"
"base","array","unctl","push again","/arr/4","SchemaNodeField","1","",""
"base","array","unctl","push again","","memo:Anonymous","2","3","0.6666666666666666"
"base","array","unctl","push again","/arr","memo:Anonymous","3","5","0.6"
"base","array","unctl","push again","/arr/4","memo:Anonymous","2","",""
"base","array","unctl","push again","","class:ErrorBoundary","2","3","0.6666666666666666"
"base","array","unctl","push again","/arr","class:ErrorBoundary","2","3","0.6666666666666666"
"base","array","unctl","push again","/arr/4","class:ErrorBoundary","3","",""
"base","array","unctl","push again","","FormGroupRenderer","1","1","1"
"base","array","unctl","push again","/arr","FormGroupRenderer","1","1","1"
"base","array","unctl","push again","/arr/4","FormGroupRenderer","1","",""
"base","array","unctl","push again","","Anonymous","2","3","0.6666666666666666"
"base","array","unctl","push again","/arr","Anonymous","2","3","0.6666666666666666"
"base","array","unctl","push again","/arr/4","Anonymous","3","",""
"base","array","unctl","push again","","Input","1","1","1"
"base","array","unctl","push again","/arr","Input","1","1","1"
"base","array","unctl","push again","/arr/4","Input","1","",""
"base","array","unctl","push again","","FormTypeInputObject","1","1","1"
"base","array","unctl","push again","/arr","FormTypeInputArray","1","1","1"
"base","array","unctl","push again","/arr","memo:ArrayItems2","1","1","1"
"base","array","unctl","push again","/arr","Button","6","4","1.5"
"base","array","unctl","push again","/arr/4","SchemaNodeProxy","1","",""
"base","array","unctl","push again","/arr/4","UnctlInput","1","",""
"base","array","unctl","remove(0)","","SchemaNodeField","1","1","1"
"base","array","unctl","remove(0)","/arr","SchemaNodeField","1","1","1"
"base","array","unctl","remove(0)","/arr/0","SchemaNodeField","1","1","1"
"base","array","unctl","remove(0)","/arr/1","SchemaNodeField","1","1","1"
"base","array","unctl","remove(0)","/arr/2","SchemaNodeField","1","1","1"
"base","array","unctl","remove(0)","/arr/3","SchemaNodeField","1","",""
"base","array","unctl","remove(0)","","memo:Anonymous","2","3","0.6666666666666666"
"base","array","unctl","remove(0)","/arr","memo:Anonymous","2","5","0.4"
"base","array","unctl","remove(0)","/arr/0","memo:Anonymous","2","2","1"
"base","array","unctl","remove(0)","/arr/1","memo:Anonymous","2","2","1"
"base","array","unctl","remove(0)","/arr/2","memo:Anonymous","2","2","1"
"base","array","unctl","remove(0)","/arr/3","memo:Anonymous","2","",""
"base","array","unctl","remove(0)","","class:ErrorBoundary","2","3","0.6666666666666666"
"base","array","unctl","remove(0)","/arr","class:ErrorBoundary","2","3","0.6666666666666666"
"base","array","unctl","remove(0)","/arr/0","class:ErrorBoundary","2","3","0.6666666666666666"
"base","array","unctl","remove(0)","/arr/1","class:ErrorBoundary","2","3","0.6666666666666666"
"base","array","unctl","remove(0)","/arr/2","class:ErrorBoundary","2","3","0.6666666666666666"
"base","array","unctl","remove(0)","/arr/3","class:ErrorBoundary","2","",""
"base","array","unctl","remove(0)","","FormGroupRenderer","1","1","1"
"base","array","unctl","remove(0)","/arr","FormGroupRenderer","1","1","1"
"base","array","unctl","remove(0)","/arr/0","FormGroupRenderer","1","1","1"
"base","array","unctl","remove(0)","/arr/1","FormGroupRenderer","1","1","1"
"base","array","unctl","remove(0)","/arr/2","FormGroupRenderer","1","1","1"
"base","array","unctl","remove(0)","/arr/3","FormGroupRenderer","1","",""
"base","array","unctl","remove(0)","","Anonymous","2","3","0.6666666666666666"
"base","array","unctl","remove(0)","/arr","Anonymous","2","3","0.6666666666666666"
"base","array","unctl","remove(0)","/arr/0","Anonymous","2","3","0.6666666666666666"
"base","array","unctl","remove(0)","/arr/1","Anonymous","2","3","0.6666666666666666"
"base","array","unctl","remove(0)","/arr/2","Anonymous","2","3","0.6666666666666666"
"base","array","unctl","remove(0)","/arr/3","Anonymous","2","",""
"base","array","unctl","remove(0)","","Input","1","1","1"
"base","array","unctl","remove(0)","/arr","Input","1","1","1"
"base","array","unctl","remove(0)","/arr/0","Input","1","1","1"
"base","array","unctl","remove(0)","/arr/1","Input","1","1","1"
"base","array","unctl","remove(0)","/arr/2","Input","1","1","1"
"base","array","unctl","remove(0)","/arr/3","Input","1","",""
"base","array","unctl","remove(0)","","FormTypeInputObject","1","1","1"
"base","array","unctl","remove(0)","/arr","FormTypeInputArray","1","1","1"
"base","array","unctl","remove(0)","/arr","memo:ArrayItems2","1","1","1"
"base","array","unctl","remove(0)","/arr/0","UnctlInput","1","1","1"
"base","array","unctl","remove(0)","/arr/1","UnctlInput","1","1","1"
"base","array","unctl","remove(0)","/arr/2","UnctlInput","1","1","1"
"base","array","unctl","remove(0)","/arr/3","UnctlInput","1","",""
"base","array","unctl","remove(0)","/arr","Button","5","4","1.25"
"base","array","unctl","remove(last)","","SchemaNodeField","1","1","1"
"base","array","unctl","remove(last)","/arr","SchemaNodeField","1","1","1"
"base","array","unctl","remove(last)","","memo:Anonymous","2","3","0.6666666666666666"
"base","array","unctl","remove(last)","/arr","memo:Anonymous","2","5","0.4"
"base","array","unctl","remove(last)","","class:ErrorBoundary","2","3","0.6666666666666666"
"base","array","unctl","remove(last)","/arr","class:ErrorBoundary","2","3","0.6666666666666666"
"base","array","unctl","remove(last)","","FormGroupRenderer","1","1","1"
"base","array","unctl","remove(last)","/arr","FormGroupRenderer","1","1","1"
"base","array","unctl","remove(last)","","Anonymous","2","3","0.6666666666666666"
"base","array","unctl","remove(last)","/arr","Anonymous","2","3","0.6666666666666666"
"base","array","unctl","remove(last)","","Input","1","1","1"
"base","array","unctl","remove(last)","/arr","Input","1","1","1"
"base","array","unctl","remove(last)","","FormTypeInputObject","1","1","1"
"base","array","unctl","remove(last)","/arr","FormTypeInputArray","1","1","1"
"base","array","unctl","remove(last)","/arr","memo:ArrayItems2","1","1","1"
"base","array","unctl","remove(last)","/arr","Button","4","4","1"
"base","array","unctl","replace setValue (+1 item)","","SchemaNodeField","1","1","1"
"base","array","unctl","replace setValue (+1 item)","/arr","SchemaNodeField","1","1","1"
"base","array","unctl","replace setValue (+1 item)","/arr/3","SchemaNodeField","1","",""
"base","array","unctl","replace setValue (+1 item)","","memo:Anonymous","2","3","0.6666666666666666"
"base","array","unctl","replace setValue (+1 item)","/arr","memo:Anonymous","3","5","0.6"
"base","array","unctl","replace setValue (+1 item)","/arr/3","memo:Anonymous","2","",""
"base","array","unctl","replace setValue (+1 item)","","class:ErrorBoundary","2","3","0.6666666666666666"
"base","array","unctl","replace setValue (+1 item)","/arr","class:ErrorBoundary","2","3","0.6666666666666666"
"base","array","unctl","replace setValue (+1 item)","/arr/3","class:ErrorBoundary","3","",""
"base","array","unctl","replace setValue (+1 item)","","FormGroupRenderer","1","1","1"
"base","array","unctl","replace setValue (+1 item)","/arr","FormGroupRenderer","1","1","1"
"base","array","unctl","replace setValue (+1 item)","/arr/3","FormGroupRenderer","1","",""
"base","array","unctl","replace setValue (+1 item)","","Anonymous","2","3","0.6666666666666666"
"base","array","unctl","replace setValue (+1 item)","/arr","Anonymous","2","3","0.6666666666666666"
"base","array","unctl","replace setValue (+1 item)","/arr/3","Anonymous","3","",""
"base","array","unctl","replace setValue (+1 item)","","Input","1","1","1"
"base","array","unctl","replace setValue (+1 item)","/arr","Input","1","1","1"
"base","array","unctl","replace setValue (+1 item)","/arr/3","Input","1","",""
"base","array","unctl","replace setValue (+1 item)","","FormTypeInputObject","1","1","1"
"base","array","unctl","replace setValue (+1 item)","/arr","FormTypeInputArray","1","1","1"
"base","array","unctl","replace setValue (+1 item)","/arr","memo:ArrayItems2","1","1","1"
"base","array","unctl","replace setValue (+1 item)","/arr","Button","5","4","1.25"
"base","array","unctl","replace setValue (+1 item)","/arr/3","SchemaNodeProxy","1","",""
"base","array","unctl","replace setValue (+1 item)","/arr/3","UnctlInput","1","",""
"base","array","unctl","replace setValue (all new values)","","SchemaNodeField","1","1","1"
"base","array","unctl","replace setValue (all new values)","/arr","SchemaNodeField","1","1","1"
"base","array","unctl","replace setValue (all new values)","/arr/0","SchemaNodeField","1","1","1"
"base","array","unctl","replace setValue (all new values)","/arr/1","SchemaNodeField","1","1","1"
"base","array","unctl","replace setValue (all new values)","/arr/2","SchemaNodeField","1","1","1"
"base","array","unctl","replace setValue (all new values)","/arr/3","SchemaNodeField","1","",""
"base","array","unctl","replace setValue (all new values)","","memo:Anonymous","2","3","0.6666666666666666"
"base","array","unctl","replace setValue (all new values)","/arr","memo:Anonymous","2","5","0.4"
"base","array","unctl","replace setValue (all new values)","/arr/0","memo:Anonymous","2","2","1"
"base","array","unctl","replace setValue (all new values)","/arr/1","memo:Anonymous","2","2","1"
"base","array","unctl","replace setValue (all new values)","/arr/2","memo:Anonymous","2","2","1"
"base","array","unctl","replace setValue (all new values)","/arr/3","memo:Anonymous","2","",""
"base","array","unctl","replace setValue (all new values)","","class:ErrorBoundary","2","3","0.6666666666666666"
"base","array","unctl","replace setValue (all new values)","/arr","class:ErrorBoundary","2","3","0.6666666666666666"
"base","array","unctl","replace setValue (all new values)","/arr/0","class:ErrorBoundary","2","3","0.6666666666666666"
"base","array","unctl","replace setValue (all new values)","/arr/1","class:ErrorBoundary","2","3","0.6666666666666666"
"base","array","unctl","replace setValue (all new values)","/arr/2","class:ErrorBoundary","2","3","0.6666666666666666"
"base","array","unctl","replace setValue (all new values)","/arr/3","class:ErrorBoundary","2","",""
"base","array","unctl","replace setValue (all new values)","","FormGroupRenderer","1","1","1"
"base","array","unctl","replace setValue (all new values)","/arr","FormGroupRenderer","1","1","1"
"base","array","unctl","replace setValue (all new values)","/arr/0","FormGroupRenderer","1","1","1"
"base","array","unctl","replace setValue (all new values)","/arr/1","FormGroupRenderer","1","1","1"
"base","array","unctl","replace setValue (all new values)","/arr/2","FormGroupRenderer","1","1","1"
"base","array","unctl","replace setValue (all new values)","/arr/3","FormGroupRenderer","1","",""
"base","array","unctl","replace setValue (all new values)","","Anonymous","2","3","0.6666666666666666"
"base","array","unctl","replace setValue (all new values)","/arr","Anonymous","2","3","0.6666666666666666"
"base","array","unctl","replace setValue (all new values)","/arr/0","Anonymous","2","3","0.6666666666666666"
"base","array","unctl","replace setValue (all new values)","/arr/1","Anonymous","2","3","0.6666666666666666"
"base","array","unctl","replace setValue (all new values)","/arr/2","Anonymous","2","3","0.6666666666666666"
"base","array","unctl","replace setValue (all new values)","/arr/3","Anonymous","2","",""
"base","array","unctl","replace setValue (all new values)","","Input","1","1","1"
"base","array","unctl","replace setValue (all new values)","/arr","Input","1","1","1"
"base","array","unctl","replace setValue (all new values)","/arr/0","Input","1","1","1"
"base","array","unctl","replace setValue (all new values)","/arr/1","Input","1","1","1"
"base","array","unctl","replace setValue (all new values)","/arr/2","Input","1","1","1"
"base","array","unctl","replace setValue (all new values)","/arr/3","Input","1","",""
"base","array","unctl","replace setValue (all new values)","","FormTypeInputObject","1","1","1"
"base","array","unctl","replace setValue (all new values)","/arr","FormTypeInputArray","1","1","1"
"base","array","unctl","replace setValue (all new values)","/arr/0","UnctlInput","1","1","1"
"base","array","unctl","replace setValue (all new values)","/arr/1","UnctlInput","1","1","1"
"base","array","unctl","replace setValue (all new values)","/arr/2","UnctlInput","1","1","1"
"base","array","unctl","replace setValue (all new values)","/arr/3","UnctlInput","1","",""
"fap","flat","ctl","input write /a","(form)","SchemaNodeProxy","1","1","1"
"fap","flat","ctl","input write /a","/a","SchemaNodeProxy","1","1","1"
"fap","flat","ctl","input write /a","","class:ErrorBoundary","2","2","1"
"fap","flat","ctl","input write /a","/a","class:ErrorBoundary","2","2","1"
"fap","flat","ctl","input write /a","","RendererWithErrorMessage","1","1","1"
"fap","flat","ctl","input write /a","/a","RendererWithErrorMessage","1","1","1"
"fap","flat","ctl","input write /a","","memo:FormGroupRenderer","1","1","1"
"fap","flat","ctl","input write /a","/a","memo:FormGroupRenderer","1","1","1"
"fap","flat","ctl","input write /a","","Anonymous","1","1","1"
"fap","flat","ctl","input write /a","/a","Anonymous","1","1","1"
"fap","flat","ctl","input write /a","","memo:Anonymous","1","4","0.25"
"fap","flat","ctl","input write /a","/a","memo:Anonymous","1","1","1"
"fap","flat","ctl","input write /a","","FormTypeInputBoundary","1","1","1"
"fap","flat","ctl","input write /a","/a","FormTypeInputBoundary","1","1","1"
"fap","flat","ctl","input write /a","","Input","1","1","1"
"fap","flat","ctl","input write /a","/a","Input","1","1","1"
"fap","flat","ctl","input write /a","","FormTypeInputObject","1","1","1"
"fap","flat","ctl","input write /a","/a","CtlInput","1","1","1"
"fap","flat","ctl","input write /a again","(form)","SchemaNodeProxy","1","1","1"
"fap","flat","ctl","input write /a again","/a","SchemaNodeProxy","1","1","1"
"fap","flat","ctl","input write /a again","","class:ErrorBoundary","2","2","1"
"fap","flat","ctl","input write /a again","/a","class:ErrorBoundary","2","2","1"
"fap","flat","ctl","input write /a again","","RendererWithErrorMessage","1","1","1"
"fap","flat","ctl","input write /a again","/a","RendererWithErrorMessage","1","1","1"
"fap","flat","ctl","input write /a again","","memo:FormGroupRenderer","1","1","1"
"fap","flat","ctl","input write /a again","/a","memo:FormGroupRenderer","1","1","1"
"fap","flat","ctl","input write /a again","","Anonymous","1","1","1"
"fap","flat","ctl","input write /a again","/a","Anonymous","1","1","1"
"fap","flat","ctl","input write /a again","","memo:Anonymous","1","4","0.25"
"fap","flat","ctl","input write /a again","/a","memo:Anonymous","1","1","1"
"fap","flat","ctl","input write /a again","","FormTypeInputBoundary","1","1","1"
"fap","flat","ctl","input write /a again","/a","FormTypeInputBoundary","1","1","1"
"fap","flat","ctl","input write /a again","","Input","1","1","1"
"fap","flat","ctl","input write /a again","/a","Input","1","1","1"
"fap","flat","ctl","input write /a again","","FormTypeInputObject","1","1","1"
"fap","flat","ctl","input write /a again","/a","CtlInput","1","1","1"
"fap","flat","ctl","sibling setValue /b","(form)","SchemaNodeProxy","1","1","1"
"fap","flat","ctl","sibling setValue /b","/b","SchemaNodeProxy","1","1","1"
"fap","flat","ctl","sibling setValue /b","","class:ErrorBoundary","2","2","1"
"fap","flat","ctl","sibling setValue /b","/b","class:ErrorBoundary","2","2","1"
"fap","flat","ctl","sibling setValue /b","","RendererWithErrorMessage","1","1","1"
"fap","flat","ctl","sibling setValue /b","/b","RendererWithErrorMessage","1","1","1"
"fap","flat","ctl","sibling setValue /b","","memo:FormGroupRenderer","1","1","1"
"fap","flat","ctl","sibling setValue /b","/b","memo:FormGroupRenderer","1","1","1"
"fap","flat","ctl","sibling setValue /b","","Anonymous","1","1","1"
"fap","flat","ctl","sibling setValue /b","/b","Anonymous","1","1","1"
"fap","flat","ctl","sibling setValue /b","","memo:Anonymous","1","4","0.25"
"fap","flat","ctl","sibling setValue /b","/b","memo:Anonymous","1","1","1"
"fap","flat","ctl","sibling setValue /b","","FormTypeInputBoundary","1","1","1"
"fap","flat","ctl","sibling setValue /b","/b","FormTypeInputBoundary","1","1","1"
"fap","flat","ctl","sibling setValue /b","","Input","1","1","1"
"fap","flat","ctl","sibling setValue /b","/b","Input","1","1","1"
"fap","flat","ctl","sibling setValue /b","","FormTypeInputObject","1","1","1"
"fap","flat","ctl","sibling setValue /b","/b","CtlInput","1","1","1"
"fap","flat","ctl","parent setValue /o (x only)","(form)","SchemaNodeProxy","1","1","1"
"fap","flat","ctl","parent setValue /o (x only)","/o","SchemaNodeProxy","1","1","1"
"fap","flat","ctl","parent setValue /o (x only)","/o/x","SchemaNodeProxy","1","1","1"
"fap","flat","ctl","parent setValue /o (x only)","","class:ErrorBoundary","2","2","1"
"fap","flat","ctl","parent setValue /o (x only)","/o","class:ErrorBoundary","2","2","1"
"fap","flat","ctl","parent setValue /o (x only)","/o/x","class:ErrorBoundary","2","2","1"
"fap","flat","ctl","parent setValue /o (x only)","","RendererWithErrorMessage","1","1","1"
"fap","flat","ctl","parent setValue /o (x only)","/o","RendererWithErrorMessage","1","1","1"
"fap","flat","ctl","parent setValue /o (x only)","/o/x","RendererWithErrorMessage","1","1","1"
"fap","flat","ctl","parent setValue /o (x only)","","memo:FormGroupRenderer","1","1","1"
"fap","flat","ctl","parent setValue /o (x only)","/o","memo:FormGroupRenderer","1","1","1"
"fap","flat","ctl","parent setValue /o (x only)","/o/x","memo:FormGroupRenderer","1","1","1"
"fap","flat","ctl","parent setValue /o (x only)","","Anonymous","1","1","1"
"fap","flat","ctl","parent setValue /o (x only)","/o","Anonymous","1","1","1"
"fap","flat","ctl","parent setValue /o (x only)","/o/x","Anonymous","1","1","1"
"fap","flat","ctl","parent setValue /o (x only)","","memo:Anonymous","1","4","0.25"
"fap","flat","ctl","parent setValue /o (x only)","/o","memo:Anonymous","1","3","0.3333333333333333"
"fap","flat","ctl","parent setValue /o (x only)","/o/x","memo:Anonymous","1","1","1"
"fap","flat","ctl","parent setValue /o (x only)","","FormTypeInputBoundary","1","1","1"
"fap","flat","ctl","parent setValue /o (x only)","/o","FormTypeInputBoundary","1","1","1"
"fap","flat","ctl","parent setValue /o (x only)","/o/x","FormTypeInputBoundary","1","1","1"
"fap","flat","ctl","parent setValue /o (x only)","","Input","1","1","1"
"fap","flat","ctl","parent setValue /o (x only)","/o","Input","1","1","1"
"fap","flat","ctl","parent setValue /o (x only)","/o/x","Input","1","1","1"
"fap","flat","ctl","parent setValue /o (x only)","","FormTypeInputObject","1","1","1"
"fap","flat","ctl","parent setValue /o (x only)","/o","FormTypeInputObject","1","1","1"
"fap","flat","ctl","parent setValue /o (x only)","/o/x","CtlInput","1","1","1"
"fap","flat","ctl","whole setValue (a only)","(form)","SchemaNodeProxy","1","1","1"
"fap","flat","ctl","whole setValue (a only)","/a","SchemaNodeProxy","1","1","1"
"fap","flat","ctl","whole setValue (a only)","","class:ErrorBoundary","2","2","1"
"fap","flat","ctl","whole setValue (a only)","/a","class:ErrorBoundary","2","2","1"
"fap","flat","ctl","whole setValue (a only)","","RendererWithErrorMessage","1","1","1"
"fap","flat","ctl","whole setValue (a only)","/a","RendererWithErrorMessage","1","1","1"
"fap","flat","ctl","whole setValue (a only)","","memo:FormGroupRenderer","1","1","1"
"fap","flat","ctl","whole setValue (a only)","/a","memo:FormGroupRenderer","1","1","1"
"fap","flat","ctl","whole setValue (a only)","","Anonymous","1","1","1"
"fap","flat","ctl","whole setValue (a only)","/a","Anonymous","1","1","1"
"fap","flat","ctl","whole setValue (a only)","","memo:Anonymous","1","4","0.25"
"fap","flat","ctl","whole setValue (a only)","/a","memo:Anonymous","1","1","1"
"fap","flat","ctl","whole setValue (a only)","","FormTypeInputBoundary","1","1","1"
"fap","flat","ctl","whole setValue (a only)","/a","FormTypeInputBoundary","1","1","1"
"fap","flat","ctl","whole setValue (a only)","","Input","1","1","1"
"fap","flat","ctl","whole setValue (a only)","/a","Input","1","1","1"
"fap","flat","ctl","whole setValue (a only)","","FormTypeInputObject","1","1","1"
"fap","flat","ctl","whole setValue (a only)","/a","CtlInput","1","1","1"
"fap","flat","ctl","refresh /a","/a","memo:Anonymous","1","1","1"
"fap","flat","ctl","refresh /a","/a","FormTypeInputBoundary","1","1","1"
"fap","flat","ctl","refresh /a","/a","class:ErrorBoundary","1","2","0.5"
"fap","flat","ctl","refresh /a","/a","Input","1","1","1"
"fap","flat","ctl","refresh /a","/a","CtlInput","1","1","1"
"fap","flat","ctl","showError(true)","(form)","fwd:FormContents","1","1","1"
"fap","flat","ctl","showError(true)","(form)","WorkspaceContextProvider","1","1","1"
"fap","flat","ctl","showError(true)","(form)","FormTypeInputsContextProvider","1","1","1"
"fap","flat","ctl","showError(true)","(form)","FormTypeRendererContextProvider","1","1","1"
"fap","flat","ctl","showError(true)","(form)","InputControlContextProvider","1","1","1"
"fap","flat","ctl","showError(true)","(form)","VirtualizationContextProvider","1","1","1"
"fap","flat","ctl","showError(true)","(form)","RootNodeContextProvider","1","1","1"
"fap","flat","ctl","showError(true)","(form)","memo:Anonymous","1","1","1"
"fap","flat","ctl","showError(true)","","memo:Anonymous","1","4","0.25"
"fap","flat","ctl","showError(true)","/a","memo:Anonymous","1","1","1"
"fap","flat","ctl","showError(true)","/b","memo:Anonymous","1","1","1"
"fap","flat","ctl","showError(true)","/o","memo:Anonymous","1","3","0.3333333333333333"
"fap","flat","ctl","showError(true)","/o/x","memo:Anonymous","1","1","1"
"fap","flat","ctl","showError(true)","/o/y","memo:Anonymous","1","1","1"
"fap","flat","ctl","showError(true)","(form)","SchemaNodeProxy","1","1","1"
"fap","flat","ctl","showError(true)","/a","SchemaNodeProxy","1","1","1"
"fap","flat","ctl","showError(true)","/b","SchemaNodeProxy","1","1","1"
"fap","flat","ctl","showError(true)","/o","SchemaNodeProxy","1","1","1"
"fap","flat","ctl","showError(true)","/o/x","SchemaNodeProxy","1","1","1"
"fap","flat","ctl","showError(true)","/o/y","SchemaNodeProxy","1","1","1"
"fap","flat","ctl","showError(true)","","class:ErrorBoundary","2","2","1"
"fap","flat","ctl","showError(true)","/a","class:ErrorBoundary","2","2","1"
"fap","flat","ctl","showError(true)","/b","class:ErrorBoundary","2","2","1"
"fap","flat","ctl","showError(true)","/o","class:ErrorBoundary","2","2","1"
"fap","flat","ctl","showError(true)","/o/x","class:ErrorBoundary","2","2","1"
"fap","flat","ctl","showError(true)","/o/y","class:ErrorBoundary","2","2","1"
"fap","flat","ctl","showError(true)","","RendererWithErrorMessage","1","1","1"
"fap","flat","ctl","showError(true)","/a","RendererWithErrorMessage","1","1","1"
"fap","flat","ctl","showError(true)","/b","RendererWithErrorMessage","1","1","1"
"fap","flat","ctl","showError(true)","/o","RendererWithErrorMessage","1","1","1"
"fap","flat","ctl","showError(true)","/o/x","RendererWithErrorMessage","1","1","1"
"fap","flat","ctl","showError(true)","/o/y","RendererWithErrorMessage","1","1","1"
"fap","flat","ctl","showError(true)","","memo:FormGroupRenderer","1","1","1"
"fap","flat","ctl","showError(true)","/a","memo:FormGroupRenderer","1","1","1"
"fap","flat","ctl","showError(true)","/b","memo:FormGroupRenderer","1","1","1"
"fap","flat","ctl","showError(true)","/o","memo:FormGroupRenderer","1","1","1"
"fap","flat","ctl","showError(true)","/o/x","memo:FormGroupRenderer","1","1","1"
"fap","flat","ctl","showError(true)","/o/y","memo:FormGroupRenderer","1","1","1"
"fap","flat","ctl","showError(true)","","Anonymous","1","1","1"
"fap","flat","ctl","showError(true)","/a","Anonymous","1","1","1"
"fap","flat","ctl","showError(true)","/b","Anonymous","1","1","1"
"fap","flat","ctl","showError(true)","/o","Anonymous","1","1","1"
"fap","flat","ctl","showError(true)","/o/x","Anonymous","1","1","1"
"fap","flat","ctl","showError(true)","/o/y","Anonymous","1","1","1"
"fap","flat","ctl","showError(true)","","FormTypeInputBoundary","1","1","1"
"fap","flat","ctl","showError(true)","/a","FormTypeInputBoundary","1","1","1"
"fap","flat","ctl","showError(true)","/b","FormTypeInputBoundary","1","1","1"
"fap","flat","ctl","showError(true)","/o","FormTypeInputBoundary","1","1","1"
"fap","flat","ctl","showError(true)","/o/x","FormTypeInputBoundary","1","1","1"
"fap","flat","ctl","showError(true)","/o/y","FormTypeInputBoundary","1","1","1"
"fap","flat","ctl","showError(true)","","Input","1","1","1"
"fap","flat","ctl","showError(true)","/a","Input","1","1","1"
"fap","flat","ctl","showError(true)","/b","Input","1","1","1"
"fap","flat","ctl","showError(true)","/o","Input","1","1","1"
"fap","flat","ctl","showError(true)","/o/x","Input","1","1","1"
"fap","flat","ctl","showError(true)","/o/y","Input","1","1","1"
"fap","flat","ctl","showError(true)","","FormTypeInputObject","1","1","1"
"fap","flat","ctl","showError(true)","/o","FormTypeInputObject","1","1","1"
"fap","flat","ctl","showError(true)","/a","CtlInput","1","1","1"
"fap","flat","ctl","showError(true)","/b","CtlInput","1","1","1"
"fap","flat","ctl","showError(true)","/o/x","CtlInput","1","1","1"
"fap","flat","ctl","showError(true)","/o/y","CtlInput","1","1","1"
"fap","flat","ctl","Form context prop change","(form)","Host","1","1","1"
"fap","flat","ctl","Form context prop change","(form)","fwd:Anonymous","2","2","1"
"fap","flat","ctl","Form context prop change","(form)","FormErrorContextProvider","1","1","1"
"fap","flat","ctl","Form context prop change","(form)","class:ErrorBoundary","1","1","1"
"fap","flat","ctl","Form context prop change","","class:ErrorBoundary","2","2","1"
"fap","flat","ctl","Form context prop change","/a","class:ErrorBoundary","2","2","1"
"fap","flat","ctl","Form context prop change","/b","class:ErrorBoundary","2","2","1"
"fap","flat","ctl","Form context prop change","/o","class:ErrorBoundary","2","2","1"
"fap","flat","ctl","Form context prop change","/o/x","class:ErrorBoundary","2","2","1"
"fap","flat","ctl","Form context prop change","/o/y","class:ErrorBoundary","2","2","1"
"fap","flat","ctl","Form context prop change","(form)","fwd:FormContents","1","1","1"
"fap","flat","ctl","Form context prop change","(form)","WorkspaceContextProvider","1","1","1"
"fap","flat","ctl","Form context prop change","(form)","FormTypeInputsContextProvider","1","1","1"
"fap","flat","ctl","Form context prop change","(form)","FormTypeRendererContextProvider","1","1","1"
"fap","flat","ctl","Form context prop change","(form)","InputControlContextProvider","1","1","1"
"fap","flat","ctl","Form context prop change","(form)","VirtualizationContextProvider","1","1","1"
"fap","flat","ctl","Form context prop change","(form)","RootNodeContextProvider","1","1","1"
"fap","flat","ctl","Form context prop change","(form)","memo:Anonymous","1","1","1"
"fap","flat","ctl","Form context prop change","","memo:Anonymous","1","4","0.25"
"fap","flat","ctl","Form context prop change","/a","memo:Anonymous","1","1","1"
"fap","flat","ctl","Form context prop change","/b","memo:Anonymous","1","1","1"
"fap","flat","ctl","Form context prop change","/o","memo:Anonymous","1","3","0.3333333333333333"
"fap","flat","ctl","Form context prop change","/o/x","memo:Anonymous","1","1","1"
"fap","flat","ctl","Form context prop change","/o/y","memo:Anonymous","1","1","1"
"fap","flat","ctl","Form context prop change","(form)","SchemaNodeProxy","1","1","1"
"fap","flat","ctl","Form context prop change","/a","SchemaNodeProxy","1","1","1"
"fap","flat","ctl","Form context prop change","/b","SchemaNodeProxy","1","1","1"
"fap","flat","ctl","Form context prop change","/o","SchemaNodeProxy","1","1","1"
"fap","flat","ctl","Form context prop change","/o/x","SchemaNodeProxy","1","1","1"
"fap","flat","ctl","Form context prop change","/o/y","SchemaNodeProxy","1","1","1"
"fap","flat","ctl","Form context prop change","","RendererWithErrorMessage","1","1","1"
"fap","flat","ctl","Form context prop change","/a","RendererWithErrorMessage","1","1","1"
"fap","flat","ctl","Form context prop change","/b","RendererWithErrorMessage","1","1","1"
"fap","flat","ctl","Form context prop change","/o","RendererWithErrorMessage","1","1","1"
"fap","flat","ctl","Form context prop change","/o/x","RendererWithErrorMessage","1","1","1"
"fap","flat","ctl","Form context prop change","/o/y","RendererWithErrorMessage","1","1","1"
"fap","flat","ctl","Form context prop change","","memo:FormGroupRenderer","1","1","1"
"fap","flat","ctl","Form context prop change","/a","memo:FormGroupRenderer","1","1","1"
"fap","flat","ctl","Form context prop change","/b","memo:FormGroupRenderer","1","1","1"
"fap","flat","ctl","Form context prop change","/o","memo:FormGroupRenderer","1","1","1"
"fap","flat","ctl","Form context prop change","/o/x","memo:FormGroupRenderer","1","1","1"
"fap","flat","ctl","Form context prop change","/o/y","memo:FormGroupRenderer","1","1","1"
"fap","flat","ctl","Form context prop change","","Anonymous","1","1","1"
"fap","flat","ctl","Form context prop change","/a","Anonymous","1","1","1"
"fap","flat","ctl","Form context prop change","/b","Anonymous","1","1","1"
"fap","flat","ctl","Form context prop change","/o","Anonymous","1","1","1"
"fap","flat","ctl","Form context prop change","/o/x","Anonymous","1","1","1"
"fap","flat","ctl","Form context prop change","/o/y","Anonymous","1","1","1"
"fap","flat","ctl","Form context prop change","","FormTypeInputBoundary","1","1","1"
"fap","flat","ctl","Form context prop change","/a","FormTypeInputBoundary","1","1","1"
"fap","flat","ctl","Form context prop change","/b","FormTypeInputBoundary","1","1","1"
"fap","flat","ctl","Form context prop change","/o","FormTypeInputBoundary","1","1","1"
"fap","flat","ctl","Form context prop change","/o/x","FormTypeInputBoundary","1","1","1"
"fap","flat","ctl","Form context prop change","/o/y","FormTypeInputBoundary","1","1","1"
"fap","flat","ctl","Form context prop change","","Input","1","1","1"
"fap","flat","ctl","Form context prop change","/a","Input","1","1","1"
"fap","flat","ctl","Form context prop change","/b","Input","1","1","1"
"fap","flat","ctl","Form context prop change","/o","Input","1","1","1"
"fap","flat","ctl","Form context prop change","/o/x","Input","1","1","1"
"fap","flat","ctl","Form context prop change","/o/y","Input","1","1","1"
"fap","flat","ctl","Form context prop change","","FormTypeInputObject","1","1","1"
"fap","flat","ctl","Form context prop change","/o","FormTypeInputObject","1","1","1"
"fap","flat","ctl","Form context prop change","/a","CtlInput","1","1","1"
"fap","flat","ctl","Form context prop change","/b","CtlInput","1","1","1"
"fap","flat","ctl","Form context prop change","/o/x","CtlInput","1","1","1"
"fap","flat","ctl","Form context prop change","/o/y","CtlInput","1","1","1"
"fap","flat","ctl","Form re-render, new inline onChange","(form)","Host","1","1","1"
"fap","flat","ctl","Form re-render, new inline onChange","(form)","fwd:Anonymous","2","2","1"
"fap","flat","ctl","Form re-render, new inline onChange","(form)","FormErrorContextProvider","1","1","1"
"fap","flat","ctl","Form re-render, new inline onChange","(form)","class:ErrorBoundary","1","1","1"
"fap","flat","ctl","Form re-render, new inline onChange","","class:ErrorBoundary","1","2","0.5"
"fap","flat","ctl","Form re-render, new inline onChange","(form)","fwd:FormContents","1","1","1"
"fap","flat","ctl","Form re-render, new inline onChange","(form)","WorkspaceContextProvider","1","1","1"
"fap","flat","ctl","Form re-render, new inline onChange","(form)","FormTypeInputsContextProvider","1","1","1"
"fap","flat","ctl","Form re-render, new inline onChange","(form)","FormTypeRendererContextProvider","1","1","1"
"fap","flat","ctl","Form re-render, new inline onChange","(form)","InputControlContextProvider","1","1","1"
"fap","flat","ctl","Form re-render, new inline onChange","(form)","VirtualizationContextProvider","1","1","1"
"fap","flat","ctl","Form re-render, new inline onChange","(form)","RootNodeContextProvider","1","1","1"
"fap","flat","ctl","Form re-render, new inline onChange","(form)","memo:Anonymous","1","1","1"
"fap","flat","ctl","Form re-render, new inline onChange","(form)","SchemaNodeProxy","1","1","1"
"fap","flat","ctl","Form re-render, new inline onChange","","RendererWithErrorMessage","1","1","1"
"fap","flat","ctl","Form readOnly prop true","(form)","Host","1","1","1"
"fap","flat","ctl","Form readOnly prop true","(form)","fwd:Anonymous","2","2","1"
"fap","flat","ctl","Form readOnly prop true","(form)","FormErrorContextProvider","1","1","1"
"fap","flat","ctl","Form readOnly prop true","(form)","class:ErrorBoundary","1","1","1"
"fap","flat","ctl","Form readOnly prop true","","class:ErrorBoundary","2","2","1"
"fap","flat","ctl","Form readOnly prop true","/a","class:ErrorBoundary","1","2","0.5"
"fap","flat","ctl","Form readOnly prop true","/b","class:ErrorBoundary","1","2","0.5"
"fap","flat","ctl","Form readOnly prop true","/o","class:ErrorBoundary","1","2","0.5"
"fap","flat","ctl","Form readOnly prop true","/o/x","class:ErrorBoundary","1","2","0.5"
"fap","flat","ctl","Form readOnly prop true","/o/y","class:ErrorBoundary","1","2","0.5"
"fap","flat","ctl","Form readOnly prop true","(form)","fwd:FormContents","1","1","1"
"fap","flat","ctl","Form readOnly prop true","(form)","WorkspaceContextProvider","1","1","1"
"fap","flat","ctl","Form readOnly prop true","(form)","FormTypeInputsContextProvider","1","1","1"
"fap","flat","ctl","Form readOnly prop true","(form)","FormTypeRendererContextProvider","1","1","1"
"fap","flat","ctl","Form readOnly prop true","(form)","InputControlContextProvider","1","1","1"
"fap","flat","ctl","Form readOnly prop true","(form)","VirtualizationContextProvider","1","1","1"
"fap","flat","ctl","Form readOnly prop true","(form)","RootNodeContextProvider","1","1","1"
"fap","flat","ctl","Form readOnly prop true","(form)","memo:Anonymous","1","1","1"
"fap","flat","ctl","Form readOnly prop true","","memo:Anonymous","1","4","0.25"
"fap","flat","ctl","Form readOnly prop true","/a","memo:Anonymous","1","1","1"
"fap","flat","ctl","Form readOnly prop true","/b","memo:Anonymous","1","1","1"
"fap","flat","ctl","Form readOnly prop true","/o","memo:Anonymous","1","3","0.3333333333333333"
"fap","flat","ctl","Form readOnly prop true","/o/x","memo:Anonymous","1","1","1"
"fap","flat","ctl","Form readOnly prop true","/o/y","memo:Anonymous","1","1","1"
"fap","flat","ctl","Form readOnly prop true","(form)","SchemaNodeProxy","1","1","1"
"fap","flat","ctl","Form readOnly prop true","","RendererWithErrorMessage","1","1","1"
"fap","flat","ctl","Form readOnly prop true","","FormTypeInputBoundary","1","1","1"
"fap","flat","ctl","Form readOnly prop true","/a","FormTypeInputBoundary","1","1","1"
"fap","flat","ctl","Form readOnly prop true","/b","FormTypeInputBoundary","1","1","1"
"fap","flat","ctl","Form readOnly prop true","/o","FormTypeInputBoundary","1","1","1"
"fap","flat","ctl","Form readOnly prop true","/o/x","FormTypeInputBoundary","1","1","1"
"fap","flat","ctl","Form readOnly prop true","/o/y","FormTypeInputBoundary","1","1","1"
"fap","flat","ctl","Form readOnly prop true","","Input","1","1","1"
"fap","flat","ctl","Form readOnly prop true","/a","Input","1","1","1"
"fap","flat","ctl","Form readOnly prop true","/b","Input","1","1","1"
"fap","flat","ctl","Form readOnly prop true","/o","Input","1","1","1"
"fap","flat","ctl","Form readOnly prop true","/o/x","Input","1","1","1"
"fap","flat","ctl","Form readOnly prop true","/o/y","Input","1","1","1"
"fap","flat","ctl","Form readOnly prop true","","FormTypeInputObject","1","1","1"
"fap","flat","ctl","Form readOnly prop true","/o","FormTypeInputObject","1","1","1"
"fap","flat","ctl","Form readOnly prop true","/a","CtlInput","1","1","1"
"fap","flat","ctl","Form readOnly prop true","/b","CtlInput","1","1","1"
"fap","flat","ctl","Form readOnly prop true","/o/x","CtlInput","1","1","1"
"fap","flat","ctl","Form readOnly prop true","/o/y","CtlInput","1","1","1"
"fap","flat","ctl","reset()","(form)","fwd:FormContents","1","1","1"
"fap","flat","ctl","reset()","(form)","WorkspaceContextProvider","1","1","1"
"fap","flat","ctl","reset()","(form)","FormTypeInputsContextProvider","1","1","1"
"fap","flat","ctl","reset()","(form)","FormTypeRendererContextProvider","1","1","1"
"fap","flat","ctl","reset()","(form)","InputControlContextProvider","1","1","1"
"fap","flat","ctl","reset()","(form)","VirtualizationContextProvider","1","1","1"
"fap","flat","ctl","reset()","(form)","RootNodeContextProvider","1","1","1"
"fap","flat","ctl","reset()","(form)","memo:Anonymous","1","1","1"
"fap","flat","ctl","reset()","","memo:Anonymous","1","4","0.25"
"fap","flat","ctl","reset()","/a","memo:Anonymous","1","1","1"
"fap","flat","ctl","reset()","/b","memo:Anonymous","1","1","1"
"fap","flat","ctl","reset()","/o","memo:Anonymous","1","3","0.3333333333333333"
"fap","flat","ctl","reset()","/o/x","memo:Anonymous","1","1","1"
"fap","flat","ctl","reset()","/o/y","memo:Anonymous","1","1","1"
"fap","flat","ctl","reset()","(form)","SchemaNodeProxy","1","1","1"
"fap","flat","ctl","reset()","/a","SchemaNodeProxy","1","1","1"
"fap","flat","ctl","reset()","/b","SchemaNodeProxy","1","1","1"
"fap","flat","ctl","reset()","/o","SchemaNodeProxy","1","1","1"
"fap","flat","ctl","reset()","/o/x","SchemaNodeProxy","1","1","1"
"fap","flat","ctl","reset()","/o/y","SchemaNodeProxy","1","1","1"
"fap","flat","ctl","reset()","","class:ErrorBoundary","2","2","1"
"fap","flat","ctl","reset()","/a","class:ErrorBoundary","2","2","1"
"fap","flat","ctl","reset()","/b","class:ErrorBoundary","2","2","1"
"fap","flat","ctl","reset()","/o","class:ErrorBoundary","2","2","1"
"fap","flat","ctl","reset()","/o/x","class:ErrorBoundary","2","2","1"
"fap","flat","ctl","reset()","/o/y","class:ErrorBoundary","2","2","1"
"fap","flat","ctl","reset()","","RendererWithErrorMessage","1","1","1"
"fap","flat","ctl","reset()","/a","RendererWithErrorMessage","1","1","1"
"fap","flat","ctl","reset()","/b","RendererWithErrorMessage","1","1","1"
"fap","flat","ctl","reset()","/o","RendererWithErrorMessage","1","1","1"
"fap","flat","ctl","reset()","/o/x","RendererWithErrorMessage","1","1","1"
"fap","flat","ctl","reset()","/o/y","RendererWithErrorMessage","1","1","1"
"fap","flat","ctl","reset()","","memo:FormGroupRenderer","1","1","1"
"fap","flat","ctl","reset()","/a","memo:FormGroupRenderer","1","1","1"
"fap","flat","ctl","reset()","/b","memo:FormGroupRenderer","1","1","1"
"fap","flat","ctl","reset()","/o","memo:FormGroupRenderer","1","1","1"
"fap","flat","ctl","reset()","/o/x","memo:FormGroupRenderer","1","1","1"
"fap","flat","ctl","reset()","/o/y","memo:FormGroupRenderer","1","1","1"
"fap","flat","ctl","reset()","","Anonymous","1","1","1"
"fap","flat","ctl","reset()","/a","Anonymous","1","1","1"
"fap","flat","ctl","reset()","/b","Anonymous","1","1","1"
"fap","flat","ctl","reset()","/o","Anonymous","1","1","1"
"fap","flat","ctl","reset()","/o/x","Anonymous","1","1","1"
"fap","flat","ctl","reset()","/o/y","Anonymous","1","1","1"
"fap","flat","ctl","reset()","","FormTypeInputBoundary","1","1","1"
"fap","flat","ctl","reset()","/a","FormTypeInputBoundary","1","1","1"
"fap","flat","ctl","reset()","/b","FormTypeInputBoundary","1","1","1"
"fap","flat","ctl","reset()","/o","FormTypeInputBoundary","1","1","1"
"fap","flat","ctl","reset()","/o/x","FormTypeInputBoundary","1","1","1"
"fap","flat","ctl","reset()","/o/y","FormTypeInputBoundary","1","1","1"
"fap","flat","ctl","reset()","","Input","1","1","1"
"fap","flat","ctl","reset()","/a","Input","1","1","1"
"fap","flat","ctl","reset()","/b","Input","1","1","1"
"fap","flat","ctl","reset()","/o","Input","1","1","1"
"fap","flat","ctl","reset()","/o/x","Input","1","1","1"
"fap","flat","ctl","reset()","/o/y","Input","1","1","1"
"fap","flat","ctl","reset()","","FormTypeInputObject","1","1","1"
"fap","flat","ctl","reset()","/o","FormTypeInputObject","1","1","1"
"fap","flat","ctl","reset()","/a","CtlInput","1","1","1"
"fap","flat","ctl","reset()","/b","CtlInput","1","1","1"
"fap","flat","ctl","reset()","/o/x","CtlInput","1","1","1"
"fap","flat","ctl","reset()","/o/y","CtlInput","1","1","1"
"fap","flat","unctl","input write /a","(form)","SchemaNodeProxy","1","1","1"
"fap","flat","unctl","input write /a","/a","SchemaNodeProxy","1","1","1"
"fap","flat","unctl","input write /a","","class:ErrorBoundary","2","2","1"
"fap","flat","unctl","input write /a","/a","class:ErrorBoundary","2","2","1"
"fap","flat","unctl","input write /a","","RendererWithErrorMessage","1","1","1"
"fap","flat","unctl","input write /a","/a","RendererWithErrorMessage","1","1","1"
"fap","flat","unctl","input write /a","","memo:FormGroupRenderer","1","1","1"
"fap","flat","unctl","input write /a","/a","memo:FormGroupRenderer","1","1","1"
"fap","flat","unctl","input write /a","","Anonymous","1","1","1"
"fap","flat","unctl","input write /a","/a","Anonymous","1","1","1"
"fap","flat","unctl","input write /a","","memo:Anonymous","1","4","0.25"
"fap","flat","unctl","input write /a","/a","memo:Anonymous","1","1","1"
"fap","flat","unctl","input write /a","","FormTypeInputBoundary","1","1","1"
"fap","flat","unctl","input write /a","/a","FormTypeInputBoundary","1","1","1"
"fap","flat","unctl","input write /a","","Input","1","1","1"
"fap","flat","unctl","input write /a","/a","Input","1","1","1"
"fap","flat","unctl","input write /a","","FormTypeInputObject","1","1","1"
"fap","flat","unctl","input write /a","/a","UnctlInput","1","1","1"
"fap","flat","unctl","input write /a again","(form)","SchemaNodeProxy","1","1","1"
"fap","flat","unctl","input write /a again","/a","SchemaNodeProxy","1","1","1"
"fap","flat","unctl","input write /a again","","class:ErrorBoundary","2","2","1"
"fap","flat","unctl","input write /a again","/a","class:ErrorBoundary","2","2","1"
"fap","flat","unctl","input write /a again","","RendererWithErrorMessage","1","1","1"
"fap","flat","unctl","input write /a again","/a","RendererWithErrorMessage","1","1","1"
"fap","flat","unctl","input write /a again","","memo:FormGroupRenderer","1","1","1"
"fap","flat","unctl","input write /a again","/a","memo:FormGroupRenderer","1","1","1"
"fap","flat","unctl","input write /a again","","Anonymous","1","1","1"
"fap","flat","unctl","input write /a again","/a","Anonymous","1","1","1"
"fap","flat","unctl","input write /a again","","memo:Anonymous","1","4","0.25"
"fap","flat","unctl","input write /a again","/a","memo:Anonymous","1","1","1"
"fap","flat","unctl","input write /a again","","FormTypeInputBoundary","1","1","1"
"fap","flat","unctl","input write /a again","/a","FormTypeInputBoundary","1","1","1"
"fap","flat","unctl","input write /a again","","Input","1","1","1"
"fap","flat","unctl","input write /a again","/a","Input","1","1","1"
"fap","flat","unctl","input write /a again","","FormTypeInputObject","1","1","1"
"fap","flat","unctl","input write /a again","/a","UnctlInput","1","1","1"
"fap","flat","unctl","sibling setValue /b","(form)","SchemaNodeProxy","1","1","1"
"fap","flat","unctl","sibling setValue /b","/b","SchemaNodeProxy","1","1","1"
"fap","flat","unctl","sibling setValue /b","","class:ErrorBoundary","2","2","1"
"fap","flat","unctl","sibling setValue /b","/b","class:ErrorBoundary","2","2","1"
"fap","flat","unctl","sibling setValue /b","","RendererWithErrorMessage","1","1","1"
"fap","flat","unctl","sibling setValue /b","/b","RendererWithErrorMessage","1","1","1"
"fap","flat","unctl","sibling setValue /b","","memo:FormGroupRenderer","1","1","1"
"fap","flat","unctl","sibling setValue /b","/b","memo:FormGroupRenderer","1","1","1"
"fap","flat","unctl","sibling setValue /b","","Anonymous","1","1","1"
"fap","flat","unctl","sibling setValue /b","/b","Anonymous","1","1","1"
"fap","flat","unctl","sibling setValue /b","","memo:Anonymous","1","4","0.25"
"fap","flat","unctl","sibling setValue /b","/b","memo:Anonymous","1","1","1"
"fap","flat","unctl","sibling setValue /b","","FormTypeInputBoundary","1","1","1"
"fap","flat","unctl","sibling setValue /b","/b","FormTypeInputBoundary","1","1","1"
"fap","flat","unctl","sibling setValue /b","","Input","1","1","1"
"fap","flat","unctl","sibling setValue /b","/b","Input","1","1","1"
"fap","flat","unctl","sibling setValue /b","","FormTypeInputObject","1","1","1"
"fap","flat","unctl","sibling setValue /b","/b","UnctlInput","1","1","1"
"fap","flat","unctl","parent setValue /o (x only)","(form)","SchemaNodeProxy","1","1","1"
"fap","flat","unctl","parent setValue /o (x only)","/o","SchemaNodeProxy","1","1","1"
"fap","flat","unctl","parent setValue /o (x only)","/o/x","SchemaNodeProxy","1","1","1"
"fap","flat","unctl","parent setValue /o (x only)","","class:ErrorBoundary","2","2","1"
"fap","flat","unctl","parent setValue /o (x only)","/o","class:ErrorBoundary","2","2","1"
"fap","flat","unctl","parent setValue /o (x only)","/o/x","class:ErrorBoundary","2","2","1"
"fap","flat","unctl","parent setValue /o (x only)","","RendererWithErrorMessage","1","1","1"
"fap","flat","unctl","parent setValue /o (x only)","/o","RendererWithErrorMessage","1","1","1"
"fap","flat","unctl","parent setValue /o (x only)","/o/x","RendererWithErrorMessage","1","1","1"
"fap","flat","unctl","parent setValue /o (x only)","","memo:FormGroupRenderer","1","1","1"
"fap","flat","unctl","parent setValue /o (x only)","/o","memo:FormGroupRenderer","1","1","1"
"fap","flat","unctl","parent setValue /o (x only)","/o/x","memo:FormGroupRenderer","1","1","1"
"fap","flat","unctl","parent setValue /o (x only)","","Anonymous","1","1","1"
"fap","flat","unctl","parent setValue /o (x only)","/o","Anonymous","1","1","1"
"fap","flat","unctl","parent setValue /o (x only)","/o/x","Anonymous","1","1","1"
"fap","flat","unctl","parent setValue /o (x only)","","memo:Anonymous","1","4","0.25"
"fap","flat","unctl","parent setValue /o (x only)","/o","memo:Anonymous","1","3","0.3333333333333333"
"fap","flat","unctl","parent setValue /o (x only)","/o/x","memo:Anonymous","1","1","1"
"fap","flat","unctl","parent setValue /o (x only)","","FormTypeInputBoundary","1","1","1"
"fap","flat","unctl","parent setValue /o (x only)","/o","FormTypeInputBoundary","1","1","1"
"fap","flat","unctl","parent setValue /o (x only)","/o/x","FormTypeInputBoundary","1","1","1"
"fap","flat","unctl","parent setValue /o (x only)","","Input","1","1","1"
"fap","flat","unctl","parent setValue /o (x only)","/o","Input","1","1","1"
"fap","flat","unctl","parent setValue /o (x only)","/o/x","Input","1","1","1"
"fap","flat","unctl","parent setValue /o (x only)","","FormTypeInputObject","1","1","1"
"fap","flat","unctl","parent setValue /o (x only)","/o","FormTypeInputObject","1","1","1"
"fap","flat","unctl","parent setValue /o (x only)","/o/x","UnctlInput","1","1","1"
"fap","flat","unctl","whole setValue (a only)","(form)","SchemaNodeProxy","1","1","1"
"fap","flat","unctl","whole setValue (a only)","/a","SchemaNodeProxy","1","1","1"
"fap","flat","unctl","whole setValue (a only)","","class:ErrorBoundary","2","2","1"
"fap","flat","unctl","whole setValue (a only)","/a","class:ErrorBoundary","2","2","1"
"fap","flat","unctl","whole setValue (a only)","","RendererWithErrorMessage","1","1","1"
"fap","flat","unctl","whole setValue (a only)","/a","RendererWithErrorMessage","1","1","1"
"fap","flat","unctl","whole setValue (a only)","","memo:FormGroupRenderer","1","1","1"
"fap","flat","unctl","whole setValue (a only)","/a","memo:FormGroupRenderer","1","1","1"
"fap","flat","unctl","whole setValue (a only)","","Anonymous","1","1","1"
"fap","flat","unctl","whole setValue (a only)","/a","Anonymous","1","1","1"
"fap","flat","unctl","whole setValue (a only)","","memo:Anonymous","1","4","0.25"
"fap","flat","unctl","whole setValue (a only)","/a","memo:Anonymous","1","1","1"
"fap","flat","unctl","whole setValue (a only)","","FormTypeInputBoundary","1","1","1"
"fap","flat","unctl","whole setValue (a only)","/a","FormTypeInputBoundary","1","1","1"
"fap","flat","unctl","whole setValue (a only)","","Input","1","1","1"
"fap","flat","unctl","whole setValue (a only)","/a","Input","1","1","1"
"fap","flat","unctl","whole setValue (a only)","","FormTypeInputObject","1","1","1"
"fap","flat","unctl","whole setValue (a only)","/a","UnctlInput","1","1","1"
"fap","flat","unctl","refresh /a","/a","memo:Anonymous","1","1","1"
"fap","flat","unctl","refresh /a","/a","FormTypeInputBoundary","1","1","1"
"fap","flat","unctl","refresh /a","/a","class:ErrorBoundary","1","2","0.5"
"fap","flat","unctl","refresh /a","/a","Input","1","1","1"
"fap","flat","unctl","refresh /a","/a","UnctlInput","1","1","1"
"fap","flat","unctl","showError(true)","(form)","fwd:FormContents","1","1","1"
"fap","flat","unctl","showError(true)","(form)","WorkspaceContextProvider","1","1","1"
"fap","flat","unctl","showError(true)","(form)","FormTypeInputsContextProvider","1","1","1"
"fap","flat","unctl","showError(true)","(form)","FormTypeRendererContextProvider","1","1","1"
"fap","flat","unctl","showError(true)","(form)","InputControlContextProvider","1","1","1"
"fap","flat","unctl","showError(true)","(form)","VirtualizationContextProvider","1","1","1"
"fap","flat","unctl","showError(true)","(form)","RootNodeContextProvider","1","1","1"
"fap","flat","unctl","showError(true)","(form)","memo:Anonymous","1","1","1"
"fap","flat","unctl","showError(true)","","memo:Anonymous","1","4","0.25"
"fap","flat","unctl","showError(true)","/a","memo:Anonymous","1","1","1"
"fap","flat","unctl","showError(true)","/b","memo:Anonymous","1","1","1"
"fap","flat","unctl","showError(true)","/o","memo:Anonymous","1","3","0.3333333333333333"
"fap","flat","unctl","showError(true)","/o/x","memo:Anonymous","1","1","1"
"fap","flat","unctl","showError(true)","/o/y","memo:Anonymous","1","1","1"
"fap","flat","unctl","showError(true)","(form)","SchemaNodeProxy","1","1","1"
"fap","flat","unctl","showError(true)","/a","SchemaNodeProxy","1","1","1"
"fap","flat","unctl","showError(true)","/b","SchemaNodeProxy","1","1","1"
"fap","flat","unctl","showError(true)","/o","SchemaNodeProxy","1","1","1"
"fap","flat","unctl","showError(true)","/o/x","SchemaNodeProxy","1","1","1"
"fap","flat","unctl","showError(true)","/o/y","SchemaNodeProxy","1","1","1"
"fap","flat","unctl","showError(true)","","class:ErrorBoundary","2","2","1"
"fap","flat","unctl","showError(true)","/a","class:ErrorBoundary","2","2","1"
"fap","flat","unctl","showError(true)","/b","class:ErrorBoundary","2","2","1"
"fap","flat","unctl","showError(true)","/o","class:ErrorBoundary","2","2","1"
"fap","flat","unctl","showError(true)","/o/x","class:ErrorBoundary","2","2","1"
"fap","flat","unctl","showError(true)","/o/y","class:ErrorBoundary","2","2","1"
"fap","flat","unctl","showError(true)","","RendererWithErrorMessage","1","1","1"
"fap","flat","unctl","showError(true)","/a","RendererWithErrorMessage","1","1","1"
"fap","flat","unctl","showError(true)","/b","RendererWithErrorMessage","1","1","1"
"fap","flat","unctl","showError(true)","/o","RendererWithErrorMessage","1","1","1"
"fap","flat","unctl","showError(true)","/o/x","RendererWithErrorMessage","1","1","1"
"fap","flat","unctl","showError(true)","/o/y","RendererWithErrorMessage","1","1","1"
"fap","flat","unctl","showError(true)","","memo:FormGroupRenderer","1","1","1"
"fap","flat","unctl","showError(true)","/a","memo:FormGroupRenderer","1","1","1"
"fap","flat","unctl","showError(true)","/b","memo:FormGroupRenderer","1","1","1"
"fap","flat","unctl","showError(true)","/o","memo:FormGroupRenderer","1","1","1"
"fap","flat","unctl","showError(true)","/o/x","memo:FormGroupRenderer","1","1","1"
"fap","flat","unctl","showError(true)","/o/y","memo:FormGroupRenderer","1","1","1"
"fap","flat","unctl","showError(true)","","Anonymous","1","1","1"
"fap","flat","unctl","showError(true)","/a","Anonymous","1","1","1"
"fap","flat","unctl","showError(true)","/b","Anonymous","1","1","1"
"fap","flat","unctl","showError(true)","/o","Anonymous","1","1","1"
"fap","flat","unctl","showError(true)","/o/x","Anonymous","1","1","1"
"fap","flat","unctl","showError(true)","/o/y","Anonymous","1","1","1"
"fap","flat","unctl","showError(true)","","FormTypeInputBoundary","1","1","1"
"fap","flat","unctl","showError(true)","/a","FormTypeInputBoundary","1","1","1"
"fap","flat","unctl","showError(true)","/b","FormTypeInputBoundary","1","1","1"
"fap","flat","unctl","showError(true)","/o","FormTypeInputBoundary","1","1","1"
"fap","flat","unctl","showError(true)","/o/x","FormTypeInputBoundary","1","1","1"
"fap","flat","unctl","showError(true)","/o/y","FormTypeInputBoundary","1","1","1"
"fap","flat","unctl","showError(true)","","Input","1","1","1"
"fap","flat","unctl","showError(true)","/a","Input","1","1","1"
"fap","flat","unctl","showError(true)","/b","Input","1","1","1"
"fap","flat","unctl","showError(true)","/o","Input","1","1","1"
"fap","flat","unctl","showError(true)","/o/x","Input","1","1","1"
"fap","flat","unctl","showError(true)","/o/y","Input","1","1","1"
"fap","flat","unctl","showError(true)","","FormTypeInputObject","1","1","1"
"fap","flat","unctl","showError(true)","/o","FormTypeInputObject","1","1","1"
"fap","flat","unctl","showError(true)","/a","UnctlInput","1","1","1"
"fap","flat","unctl","showError(true)","/b","UnctlInput","1","1","1"
"fap","flat","unctl","showError(true)","/o/x","UnctlInput","1","1","1"
"fap","flat","unctl","showError(true)","/o/y","UnctlInput","1","1","1"
"fap","flat","unctl","Form context prop change","(form)","Host","1","1","1"
"fap","flat","unctl","Form context prop change","(form)","fwd:Anonymous","2","2","1"
"fap","flat","unctl","Form context prop change","(form)","FormErrorContextProvider","1","1","1"
"fap","flat","unctl","Form context prop change","(form)","class:ErrorBoundary","1","1","1"
"fap","flat","unctl","Form context prop change","","class:ErrorBoundary","2","2","1"
"fap","flat","unctl","Form context prop change","/a","class:ErrorBoundary","2","2","1"
"fap","flat","unctl","Form context prop change","/b","class:ErrorBoundary","2","2","1"
"fap","flat","unctl","Form context prop change","/o","class:ErrorBoundary","2","2","1"
"fap","flat","unctl","Form context prop change","/o/x","class:ErrorBoundary","2","2","1"
"fap","flat","unctl","Form context prop change","/o/y","class:ErrorBoundary","2","2","1"
"fap","flat","unctl","Form context prop change","(form)","fwd:FormContents","1","1","1"
"fap","flat","unctl","Form context prop change","(form)","WorkspaceContextProvider","1","1","1"
"fap","flat","unctl","Form context prop change","(form)","FormTypeInputsContextProvider","1","1","1"
"fap","flat","unctl","Form context prop change","(form)","FormTypeRendererContextProvider","1","1","1"
"fap","flat","unctl","Form context prop change","(form)","InputControlContextProvider","1","1","1"
"fap","flat","unctl","Form context prop change","(form)","VirtualizationContextProvider","1","1","1"
"fap","flat","unctl","Form context prop change","(form)","RootNodeContextProvider","1","1","1"
"fap","flat","unctl","Form context prop change","(form)","memo:Anonymous","1","1","1"
"fap","flat","unctl","Form context prop change","","memo:Anonymous","1","4","0.25"
"fap","flat","unctl","Form context prop change","/a","memo:Anonymous","1","1","1"
"fap","flat","unctl","Form context prop change","/b","memo:Anonymous","1","1","1"
"fap","flat","unctl","Form context prop change","/o","memo:Anonymous","1","3","0.3333333333333333"
"fap","flat","unctl","Form context prop change","/o/x","memo:Anonymous","1","1","1"
"fap","flat","unctl","Form context prop change","/o/y","memo:Anonymous","1","1","1"
"fap","flat","unctl","Form context prop change","(form)","SchemaNodeProxy","1","1","1"
"fap","flat","unctl","Form context prop change","/a","SchemaNodeProxy","1","1","1"
"fap","flat","unctl","Form context prop change","/b","SchemaNodeProxy","1","1","1"
"fap","flat","unctl","Form context prop change","/o","SchemaNodeProxy","1","1","1"
"fap","flat","unctl","Form context prop change","/o/x","SchemaNodeProxy","1","1","1"
"fap","flat","unctl","Form context prop change","/o/y","SchemaNodeProxy","1","1","1"
"fap","flat","unctl","Form context prop change","","RendererWithErrorMessage","1","1","1"
"fap","flat","unctl","Form context prop change","/a","RendererWithErrorMessage","1","1","1"
"fap","flat","unctl","Form context prop change","/b","RendererWithErrorMessage","1","1","1"
"fap","flat","unctl","Form context prop change","/o","RendererWithErrorMessage","1","1","1"
"fap","flat","unctl","Form context prop change","/o/x","RendererWithErrorMessage","1","1","1"
"fap","flat","unctl","Form context prop change","/o/y","RendererWithErrorMessage","1","1","1"
"fap","flat","unctl","Form context prop change","","memo:FormGroupRenderer","1","1","1"
"fap","flat","unctl","Form context prop change","/a","memo:FormGroupRenderer","1","1","1"
"fap","flat","unctl","Form context prop change","/b","memo:FormGroupRenderer","1","1","1"
"fap","flat","unctl","Form context prop change","/o","memo:FormGroupRenderer","1","1","1"
"fap","flat","unctl","Form context prop change","/o/x","memo:FormGroupRenderer","1","1","1"
"fap","flat","unctl","Form context prop change","/o/y","memo:FormGroupRenderer","1","1","1"
"fap","flat","unctl","Form context prop change","","Anonymous","1","1","1"
"fap","flat","unctl","Form context prop change","/a","Anonymous","1","1","1"
"fap","flat","unctl","Form context prop change","/b","Anonymous","1","1","1"
"fap","flat","unctl","Form context prop change","/o","Anonymous","1","1","1"
"fap","flat","unctl","Form context prop change","/o/x","Anonymous","1","1","1"
"fap","flat","unctl","Form context prop change","/o/y","Anonymous","1","1","1"
"fap","flat","unctl","Form context prop change","","FormTypeInputBoundary","1","1","1"
"fap","flat","unctl","Form context prop change","/a","FormTypeInputBoundary","1","1","1"
"fap","flat","unctl","Form context prop change","/b","FormTypeInputBoundary","1","1","1"
"fap","flat","unctl","Form context prop change","/o","FormTypeInputBoundary","1","1","1"
"fap","flat","unctl","Form context prop change","/o/x","FormTypeInputBoundary","1","1","1"
"fap","flat","unctl","Form context prop change","/o/y","FormTypeInputBoundary","1","1","1"
"fap","flat","unctl","Form context prop change","","Input","1","1","1"
"fap","flat","unctl","Form context prop change","/a","Input","1","1","1"
"fap","flat","unctl","Form context prop change","/b","Input","1","1","1"
"fap","flat","unctl","Form context prop change","/o","Input","1","1","1"
"fap","flat","unctl","Form context prop change","/o/x","Input","1","1","1"
"fap","flat","unctl","Form context prop change","/o/y","Input","1","1","1"
"fap","flat","unctl","Form context prop change","","FormTypeInputObject","1","1","1"
"fap","flat","unctl","Form context prop change","/o","FormTypeInputObject","1","1","1"
"fap","flat","unctl","Form context prop change","/a","UnctlInput","1","1","1"
"fap","flat","unctl","Form context prop change","/b","UnctlInput","1","1","1"
"fap","flat","unctl","Form context prop change","/o/x","UnctlInput","1","1","1"
"fap","flat","unctl","Form context prop change","/o/y","UnctlInput","1","1","1"
"fap","flat","unctl","Form re-render, new inline onChange","(form)","Host","1","1","1"
"fap","flat","unctl","Form re-render, new inline onChange","(form)","fwd:Anonymous","2","2","1"
"fap","flat","unctl","Form re-render, new inline onChange","(form)","FormErrorContextProvider","1","1","1"
"fap","flat","unctl","Form re-render, new inline onChange","(form)","class:ErrorBoundary","1","1","1"
"fap","flat","unctl","Form re-render, new inline onChange","","class:ErrorBoundary","1","2","0.5"
"fap","flat","unctl","Form re-render, new inline onChange","(form)","fwd:FormContents","1","1","1"
"fap","flat","unctl","Form re-render, new inline onChange","(form)","WorkspaceContextProvider","1","1","1"
"fap","flat","unctl","Form re-render, new inline onChange","(form)","FormTypeInputsContextProvider","1","1","1"
"fap","flat","unctl","Form re-render, new inline onChange","(form)","FormTypeRendererContextProvider","1","1","1"
"fap","flat","unctl","Form re-render, new inline onChange","(form)","InputControlContextProvider","1","1","1"
"fap","flat","unctl","Form re-render, new inline onChange","(form)","VirtualizationContextProvider","1","1","1"
"fap","flat","unctl","Form re-render, new inline onChange","(form)","RootNodeContextProvider","1","1","1"
"fap","flat","unctl","Form re-render, new inline onChange","(form)","memo:Anonymous","1","1","1"
"fap","flat","unctl","Form re-render, new inline onChange","(form)","SchemaNodeProxy","1","1","1"
"fap","flat","unctl","Form re-render, new inline onChange","","RendererWithErrorMessage","1","1","1"
"fap","flat","unctl","Form readOnly prop true","(form)","Host","1","1","1"
"fap","flat","unctl","Form readOnly prop true","(form)","fwd:Anonymous","2","2","1"
"fap","flat","unctl","Form readOnly prop true","(form)","FormErrorContextProvider","1","1","1"
"fap","flat","unctl","Form readOnly prop true","(form)","class:ErrorBoundary","1","1","1"
"fap","flat","unctl","Form readOnly prop true","","class:ErrorBoundary","2","2","1"
"fap","flat","unctl","Form readOnly prop true","/a","class:ErrorBoundary","1","2","0.5"
"fap","flat","unctl","Form readOnly prop true","/b","class:ErrorBoundary","1","2","0.5"
"fap","flat","unctl","Form readOnly prop true","/o","class:ErrorBoundary","1","2","0.5"
"fap","flat","unctl","Form readOnly prop true","/o/x","class:ErrorBoundary","1","2","0.5"
"fap","flat","unctl","Form readOnly prop true","/o/y","class:ErrorBoundary","1","2","0.5"
"fap","flat","unctl","Form readOnly prop true","(form)","fwd:FormContents","1","1","1"
"fap","flat","unctl","Form readOnly prop true","(form)","WorkspaceContextProvider","1","1","1"
"fap","flat","unctl","Form readOnly prop true","(form)","FormTypeInputsContextProvider","1","1","1"
"fap","flat","unctl","Form readOnly prop true","(form)","FormTypeRendererContextProvider","1","1","1"
"fap","flat","unctl","Form readOnly prop true","(form)","InputControlContextProvider","1","1","1"
"fap","flat","unctl","Form readOnly prop true","(form)","VirtualizationContextProvider","1","1","1"
"fap","flat","unctl","Form readOnly prop true","(form)","RootNodeContextProvider","1","1","1"
"fap","flat","unctl","Form readOnly prop true","(form)","memo:Anonymous","1","1","1"
"fap","flat","unctl","Form readOnly prop true","","memo:Anonymous","1","4","0.25"
"fap","flat","unctl","Form readOnly prop true","/a","memo:Anonymous","1","1","1"
"fap","flat","unctl","Form readOnly prop true","/b","memo:Anonymous","1","1","1"
"fap","flat","unctl","Form readOnly prop true","/o","memo:Anonymous","1","3","0.3333333333333333"
"fap","flat","unctl","Form readOnly prop true","/o/x","memo:Anonymous","1","1","1"
"fap","flat","unctl","Form readOnly prop true","/o/y","memo:Anonymous","1","1","1"
"fap","flat","unctl","Form readOnly prop true","(form)","SchemaNodeProxy","1","1","1"
"fap","flat","unctl","Form readOnly prop true","","RendererWithErrorMessage","1","1","1"
"fap","flat","unctl","Form readOnly prop true","","FormTypeInputBoundary","1","1","1"
"fap","flat","unctl","Form readOnly prop true","/a","FormTypeInputBoundary","1","1","1"
"fap","flat","unctl","Form readOnly prop true","/b","FormTypeInputBoundary","1","1","1"
"fap","flat","unctl","Form readOnly prop true","/o","FormTypeInputBoundary","1","1","1"
"fap","flat","unctl","Form readOnly prop true","/o/x","FormTypeInputBoundary","1","1","1"
"fap","flat","unctl","Form readOnly prop true","/o/y","FormTypeInputBoundary","1","1","1"
"fap","flat","unctl","Form readOnly prop true","","Input","1","1","1"
"fap","flat","unctl","Form readOnly prop true","/a","Input","1","1","1"
"fap","flat","unctl","Form readOnly prop true","/b","Input","1","1","1"
"fap","flat","unctl","Form readOnly prop true","/o","Input","1","1","1"
"fap","flat","unctl","Form readOnly prop true","/o/x","Input","1","1","1"
"fap","flat","unctl","Form readOnly prop true","/o/y","Input","1","1","1"
"fap","flat","unctl","Form readOnly prop true","","FormTypeInputObject","1","1","1"
"fap","flat","unctl","Form readOnly prop true","/o","FormTypeInputObject","1","1","1"
"fap","flat","unctl","Form readOnly prop true","/a","UnctlInput","1","1","1"
"fap","flat","unctl","Form readOnly prop true","/b","UnctlInput","1","1","1"
"fap","flat","unctl","Form readOnly prop true","/o/x","UnctlInput","1","1","1"
"fap","flat","unctl","Form readOnly prop true","/o/y","UnctlInput","1","1","1"
"fap","flat","unctl","reset()","(form)","fwd:FormContents","1","1","1"
"fap","flat","unctl","reset()","(form)","WorkspaceContextProvider","1","1","1"
"fap","flat","unctl","reset()","(form)","FormTypeInputsContextProvider","1","1","1"
"fap","flat","unctl","reset()","(form)","FormTypeRendererContextProvider","1","1","1"
"fap","flat","unctl","reset()","(form)","InputControlContextProvider","1","1","1"
"fap","flat","unctl","reset()","(form)","VirtualizationContextProvider","1","1","1"
"fap","flat","unctl","reset()","(form)","RootNodeContextProvider","1","1","1"
"fap","flat","unctl","reset()","(form)","memo:Anonymous","1","1","1"
"fap","flat","unctl","reset()","","memo:Anonymous","1","4","0.25"
"fap","flat","unctl","reset()","/a","memo:Anonymous","1","1","1"
"fap","flat","unctl","reset()","/b","memo:Anonymous","1","1","1"
"fap","flat","unctl","reset()","/o","memo:Anonymous","1","3","0.3333333333333333"
"fap","flat","unctl","reset()","/o/x","memo:Anonymous","1","1","1"
"fap","flat","unctl","reset()","/o/y","memo:Anonymous","1","1","1"
"fap","flat","unctl","reset()","(form)","SchemaNodeProxy","1","1","1"
"fap","flat","unctl","reset()","/a","SchemaNodeProxy","1","1","1"
"fap","flat","unctl","reset()","/b","SchemaNodeProxy","1","1","1"
"fap","flat","unctl","reset()","/o","SchemaNodeProxy","1","1","1"
"fap","flat","unctl","reset()","/o/x","SchemaNodeProxy","1","1","1"
"fap","flat","unctl","reset()","/o/y","SchemaNodeProxy","1","1","1"
"fap","flat","unctl","reset()","","class:ErrorBoundary","2","2","1"
"fap","flat","unctl","reset()","/a","class:ErrorBoundary","2","2","1"
"fap","flat","unctl","reset()","/b","class:ErrorBoundary","2","2","1"
"fap","flat","unctl","reset()","/o","class:ErrorBoundary","2","2","1"
"fap","flat","unctl","reset()","/o/x","class:ErrorBoundary","2","2","1"
"fap","flat","unctl","reset()","/o/y","class:ErrorBoundary","2","2","1"
"fap","flat","unctl","reset()","","RendererWithErrorMessage","1","1","1"
"fap","flat","unctl","reset()","/a","RendererWithErrorMessage","1","1","1"
"fap","flat","unctl","reset()","/b","RendererWithErrorMessage","1","1","1"
"fap","flat","unctl","reset()","/o","RendererWithErrorMessage","1","1","1"
"fap","flat","unctl","reset()","/o/x","RendererWithErrorMessage","1","1","1"
"fap","flat","unctl","reset()","/o/y","RendererWithErrorMessage","1","1","1"
"fap","flat","unctl","reset()","","memo:FormGroupRenderer","1","1","1"
"fap","flat","unctl","reset()","/a","memo:FormGroupRenderer","1","1","1"
"fap","flat","unctl","reset()","/b","memo:FormGroupRenderer","1","1","1"
"fap","flat","unctl","reset()","/o","memo:FormGroupRenderer","1","1","1"
"fap","flat","unctl","reset()","/o/x","memo:FormGroupRenderer","1","1","1"
"fap","flat","unctl","reset()","/o/y","memo:FormGroupRenderer","1","1","1"
"fap","flat","unctl","reset()","","Anonymous","1","1","1"
"fap","flat","unctl","reset()","/a","Anonymous","1","1","1"
"fap","flat","unctl","reset()","/b","Anonymous","1","1","1"
"fap","flat","unctl","reset()","/o","Anonymous","1","1","1"
"fap","flat","unctl","reset()","/o/x","Anonymous","1","1","1"
"fap","flat","unctl","reset()","/o/y","Anonymous","1","1","1"
"fap","flat","unctl","reset()","","FormTypeInputBoundary","1","1","1"
"fap","flat","unctl","reset()","/a","FormTypeInputBoundary","1","1","1"
"fap","flat","unctl","reset()","/b","FormTypeInputBoundary","1","1","1"
"fap","flat","unctl","reset()","/o","FormTypeInputBoundary","1","1","1"
"fap","flat","unctl","reset()","/o/x","FormTypeInputBoundary","1","1","1"
"fap","flat","unctl","reset()","/o/y","FormTypeInputBoundary","1","1","1"
"fap","flat","unctl","reset()","","Input","1","1","1"
"fap","flat","unctl","reset()","/a","Input","1","1","1"
"fap","flat","unctl","reset()","/b","Input","1","1","1"
"fap","flat","unctl","reset()","/o","Input","1","1","1"
"fap","flat","unctl","reset()","/o/x","Input","1","1","1"
"fap","flat","unctl","reset()","/o/y","Input","1","1","1"
"fap","flat","unctl","reset()","","FormTypeInputObject","1","1","1"
"fap","flat","unctl","reset()","/o","FormTypeInputObject","1","1","1"
"fap","flat","unctl","reset()","/a","UnctlInput","1","1","1"
"fap","flat","unctl","reset()","/b","UnctlInput","1","1","1"
"fap","flat","unctl","reset()","/o/x","UnctlInput","1","1","1"
"fap","flat","unctl","reset()","/o/y","UnctlInput","1","1","1"
"fap","array","ctl","push","(form)","SchemaNodeProxy","1","1","1"
"fap","array","ctl","push","/arr","SchemaNodeProxy","1","1","1"
"fap","array","ctl","push","/arr/3","SchemaNodeProxy","1","",""
"fap","array","ctl","push","","class:ErrorBoundary","2","2","1"
"fap","array","ctl","push","/arr","class:ErrorBoundary","2","2","1"
"fap","array","ctl","push","/arr/3","class:ErrorBoundary","2","",""
"fap","array","ctl","push","","RendererWithErrorMessage","1","1","1"
"fap","array","ctl","push","/arr","RendererWithErrorMessage","1","1","1"
"fap","array","ctl","push","/arr/3","RendererWithErrorMessage","1","",""
"fap","array","ctl","push","","memo:FormGroupRenderer","1","1","1"
"fap","array","ctl","push","/arr","memo:FormGroupRenderer","1","1","1"
"fap","array","ctl","push","/arr/3","memo:FormGroupRenderer","1","",""
"fap","array","ctl","push","","Anonymous","1","1","1"
"fap","array","ctl","push","/arr","Anonymous","1","1","1"
"fap","array","ctl","push","/arr/3","Anonymous","1","",""
"fap","array","ctl","push","","memo:Anonymous","1","2","0.5"
"fap","array","ctl","push","/arr","memo:Anonymous","2","4","0.5"
"fap","array","ctl","push","/arr/3","memo:Anonymous","1","",""
"fap","array","ctl","push","","FormTypeInputBoundary","1","1","1"
"fap","array","ctl","push","/arr","FormTypeInputBoundary","1","1","1"
"fap","array","ctl","push","/arr/3","FormTypeInputBoundary","1","",""
"fap","array","ctl","push","","Input","1","1","1"
"fap","array","ctl","push","/arr","Input","1","1","1"
"fap","array","ctl","push","/arr/3","Input","1","",""
"fap","array","ctl","push","","FormTypeInputObject","1","1","1"
"fap","array","ctl","push","/arr","FormTypeInputArray","1","1","1"
"fap","array","ctl","push","/arr","memo:ArrayItems2","1","1","1"
"fap","array","ctl","push","/arr","Button","5","4","1.25"
"fap","array","ctl","push","/arr/3","CtlInput","1","",""
"fap","array","ctl","push again","(form)","SchemaNodeProxy","1","1","1"
"fap","array","ctl","push again","/arr","SchemaNodeProxy","1","1","1"
"fap","array","ctl","push again","/arr/4","SchemaNodeProxy","1","",""
"fap","array","ctl","push again","","class:ErrorBoundary","2","2","1"
"fap","array","ctl","push again","/arr","class:ErrorBoundary","2","2","1"
"fap","array","ctl","push again","/arr/4","class:ErrorBoundary","2","",""
"fap","array","ctl","push again","","RendererWithErrorMessage","1","1","1"
"fap","array","ctl","push again","/arr","RendererWithErrorMessage","1","1","1"
"fap","array","ctl","push again","/arr/4","RendererWithErrorMessage","1","",""
"fap","array","ctl","push again","","memo:FormGroupRenderer","1","1","1"
"fap","array","ctl","push again","/arr","memo:FormGroupRenderer","1","1","1"
"fap","array","ctl","push again","/arr/4","memo:FormGroupRenderer","1","",""
"fap","array","ctl","push again","","Anonymous","1","1","1"
"fap","array","ctl","push again","/arr","Anonymous","1","1","1"
"fap","array","ctl","push again","/arr/4","Anonymous","1","",""
"fap","array","ctl","push again","","memo:Anonymous","1","2","0.5"
"fap","array","ctl","push again","/arr","memo:Anonymous","2","4","0.5"
"fap","array","ctl","push again","/arr/4","memo:Anonymous","1","",""
"fap","array","ctl","push again","","FormTypeInputBoundary","1","1","1"
"fap","array","ctl","push again","/arr","FormTypeInputBoundary","1","1","1"
"fap","array","ctl","push again","/arr/4","FormTypeInputBoundary","1","",""
"fap","array","ctl","push again","","Input","1","1","1"
"fap","array","ctl","push again","/arr","Input","1","1","1"
"fap","array","ctl","push again","/arr/4","Input","1","",""
"fap","array","ctl","push again","","FormTypeInputObject","1","1","1"
"fap","array","ctl","push again","/arr","FormTypeInputArray","1","1","1"
"fap","array","ctl","push again","/arr","memo:ArrayItems2","1","1","1"
"fap","array","ctl","push again","/arr","Button","6","4","1.5"
"fap","array","ctl","push again","/arr/4","CtlInput","1","",""
"fap","array","ctl","remove(0)","(form)","SchemaNodeProxy","1","1","1"
"fap","array","ctl","remove(0)","/arr","SchemaNodeProxy","1","1","1"
"fap","array","ctl","remove(0)","/arr/0","SchemaNodeProxy","1","1","1"
"fap","array","ctl","remove(0)","/arr/1","SchemaNodeProxy","1","1","1"
"fap","array","ctl","remove(0)","/arr/2","SchemaNodeProxy","1","1","1"
"fap","array","ctl","remove(0)","/arr/3","SchemaNodeProxy","1","",""
"fap","array","ctl","remove(0)","","class:ErrorBoundary","2","2","1"
"fap","array","ctl","remove(0)","/arr","class:ErrorBoundary","2","2","1"
"fap","array","ctl","remove(0)","/arr/0","class:ErrorBoundary","2","2","1"
"fap","array","ctl","remove(0)","/arr/1","class:ErrorBoundary","2","2","1"
"fap","array","ctl","remove(0)","/arr/2","class:ErrorBoundary","2","2","1"
"fap","array","ctl","remove(0)","/arr/3","class:ErrorBoundary","2","",""
"fap","array","ctl","remove(0)","","RendererWithErrorMessage","1","1","1"
"fap","array","ctl","remove(0)","/arr","RendererWithErrorMessage","1","1","1"
"fap","array","ctl","remove(0)","/arr/0","RendererWithErrorMessage","1","1","1"
"fap","array","ctl","remove(0)","/arr/1","RendererWithErrorMessage","1","1","1"
"fap","array","ctl","remove(0)","/arr/2","RendererWithErrorMessage","1","1","1"
"fap","array","ctl","remove(0)","/arr/3","RendererWithErrorMessage","1","",""
"fap","array","ctl","remove(0)","","memo:FormGroupRenderer","1","1","1"
"fap","array","ctl","remove(0)","/arr","memo:FormGroupRenderer","1","1","1"
"fap","array","ctl","remove(0)","/arr/0","memo:FormGroupRenderer","1","1","1"
"fap","array","ctl","remove(0)","/arr/1","memo:FormGroupRenderer","1","1","1"
"fap","array","ctl","remove(0)","/arr/2","memo:FormGroupRenderer","1","1","1"
"fap","array","ctl","remove(0)","/arr/3","memo:FormGroupRenderer","1","",""
"fap","array","ctl","remove(0)","","Anonymous","1","1","1"
"fap","array","ctl","remove(0)","/arr","Anonymous","1","1","1"
"fap","array","ctl","remove(0)","/arr/0","Anonymous","1","1","1"
"fap","array","ctl","remove(0)","/arr/1","Anonymous","1","1","1"
"fap","array","ctl","remove(0)","/arr/2","Anonymous","1","1","1"
"fap","array","ctl","remove(0)","/arr/3","Anonymous","1","",""
"fap","array","ctl","remove(0)","","memo:Anonymous","1","2","0.5"
"fap","array","ctl","remove(0)","/arr","memo:Anonymous","1","4","0.25"
"fap","array","ctl","remove(0)","/arr/0","memo:Anonymous","1","1","1"
"fap","array","ctl","remove(0)","/arr/1","memo:Anonymous","1","1","1"
"fap","array","ctl","remove(0)","/arr/2","memo:Anonymous","1","1","1"
"fap","array","ctl","remove(0)","/arr/3","memo:Anonymous","1","",""
"fap","array","ctl","remove(0)","","FormTypeInputBoundary","1","1","1"
"fap","array","ctl","remove(0)","/arr","FormTypeInputBoundary","1","1","1"
"fap","array","ctl","remove(0)","/arr/0","FormTypeInputBoundary","1","1","1"
"fap","array","ctl","remove(0)","/arr/1","FormTypeInputBoundary","1","1","1"
"fap","array","ctl","remove(0)","/arr/2","FormTypeInputBoundary","1","1","1"
"fap","array","ctl","remove(0)","/arr/3","FormTypeInputBoundary","1","",""
"fap","array","ctl","remove(0)","","Input","1","1","1"
"fap","array","ctl","remove(0)","/arr","Input","1","1","1"
"fap","array","ctl","remove(0)","/arr/0","Input","1","1","1"
"fap","array","ctl","remove(0)","/arr/1","Input","1","1","1"
"fap","array","ctl","remove(0)","/arr/2","Input","1","1","1"
"fap","array","ctl","remove(0)","/arr/3","Input","1","",""
"fap","array","ctl","remove(0)","","FormTypeInputObject","1","1","1"
"fap","array","ctl","remove(0)","/arr","FormTypeInputArray","1","1","1"
"fap","array","ctl","remove(0)","/arr","memo:ArrayItems2","1","1","1"
"fap","array","ctl","remove(0)","/arr/0","CtlInput","1","1","1"
"fap","array","ctl","remove(0)","/arr/1","CtlInput","1","1","1"
"fap","array","ctl","remove(0)","/arr/2","CtlInput","1","1","1"
"fap","array","ctl","remove(0)","/arr/3","CtlInput","1","",""
"fap","array","ctl","remove(0)","/arr","Button","5","4","1.25"
"fap","array","ctl","remove(last)","(form)","SchemaNodeProxy","1","1","1"
"fap","array","ctl","remove(last)","/arr","SchemaNodeProxy","1","1","1"
"fap","array","ctl","remove(last)","","class:ErrorBoundary","2","2","1"
"fap","array","ctl","remove(last)","/arr","class:ErrorBoundary","2","2","1"
"fap","array","ctl","remove(last)","","RendererWithErrorMessage","1","1","1"
"fap","array","ctl","remove(last)","/arr","RendererWithErrorMessage","1","1","1"
"fap","array","ctl","remove(last)","","memo:FormGroupRenderer","1","1","1"
"fap","array","ctl","remove(last)","/arr","memo:FormGroupRenderer","1","1","1"
"fap","array","ctl","remove(last)","","Anonymous","1","1","1"
"fap","array","ctl","remove(last)","/arr","Anonymous","1","1","1"
"fap","array","ctl","remove(last)","","memo:Anonymous","1","2","0.5"
"fap","array","ctl","remove(last)","/arr","memo:Anonymous","1","4","0.25"
"fap","array","ctl","remove(last)","","FormTypeInputBoundary","1","1","1"
"fap","array","ctl","remove(last)","/arr","FormTypeInputBoundary","1","1","1"
"fap","array","ctl","remove(last)","","Input","1","1","1"
"fap","array","ctl","remove(last)","/arr","Input","1","1","1"
"fap","array","ctl","remove(last)","","FormTypeInputObject","1","1","1"
"fap","array","ctl","remove(last)","/arr","FormTypeInputArray","1","1","1"
"fap","array","ctl","remove(last)","/arr","memo:ArrayItems2","1","1","1"
"fap","array","ctl","remove(last)","/arr","Button","4","4","1"
"fap","array","ctl","replace setValue (+1 item)","(form)","SchemaNodeProxy","1","1","1"
"fap","array","ctl","replace setValue (+1 item)","/arr","SchemaNodeProxy","1","1","1"
"fap","array","ctl","replace setValue (+1 item)","/arr/3","SchemaNodeProxy","1","",""
"fap","array","ctl","replace setValue (+1 item)","","class:ErrorBoundary","2","2","1"
"fap","array","ctl","replace setValue (+1 item)","/arr","class:ErrorBoundary","2","2","1"
"fap","array","ctl","replace setValue (+1 item)","/arr/3","class:ErrorBoundary","2","",""
"fap","array","ctl","replace setValue (+1 item)","","RendererWithErrorMessage","1","1","1"
"fap","array","ctl","replace setValue (+1 item)","/arr","RendererWithErrorMessage","1","1","1"
"fap","array","ctl","replace setValue (+1 item)","/arr/3","RendererWithErrorMessage","1","",""
"fap","array","ctl","replace setValue (+1 item)","","memo:FormGroupRenderer","1","1","1"
"fap","array","ctl","replace setValue (+1 item)","/arr","memo:FormGroupRenderer","1","1","1"
"fap","array","ctl","replace setValue (+1 item)","/arr/3","memo:FormGroupRenderer","1","",""
"fap","array","ctl","replace setValue (+1 item)","","Anonymous","1","1","1"
"fap","array","ctl","replace setValue (+1 item)","/arr","Anonymous","1","1","1"
"fap","array","ctl","replace setValue (+1 item)","/arr/3","Anonymous","1","",""
"fap","array","ctl","replace setValue (+1 item)","","memo:Anonymous","1","2","0.5"
"fap","array","ctl","replace setValue (+1 item)","/arr","memo:Anonymous","2","4","0.5"
"fap","array","ctl","replace setValue (+1 item)","/arr/3","memo:Anonymous","1","",""
"fap","array","ctl","replace setValue (+1 item)","","FormTypeInputBoundary","1","1","1"
"fap","array","ctl","replace setValue (+1 item)","/arr","FormTypeInputBoundary","1","1","1"
"fap","array","ctl","replace setValue (+1 item)","/arr/3","FormTypeInputBoundary","1","",""
"fap","array","ctl","replace setValue (+1 item)","","Input","1","1","1"
"fap","array","ctl","replace setValue (+1 item)","/arr","Input","1","1","1"
"fap","array","ctl","replace setValue (+1 item)","/arr/3","Input","1","",""
"fap","array","ctl","replace setValue (+1 item)","","FormTypeInputObject","1","1","1"
"fap","array","ctl","replace setValue (+1 item)","/arr","FormTypeInputArray","1","1","1"
"fap","array","ctl","replace setValue (+1 item)","/arr","memo:ArrayItems2","1","1","1"
"fap","array","ctl","replace setValue (+1 item)","/arr","Button","5","4","1.25"
"fap","array","ctl","replace setValue (+1 item)","/arr/3","CtlInput","1","",""
"fap","array","ctl","replace setValue (all new values)","(form)","SchemaNodeProxy","1","1","1"
"fap","array","ctl","replace setValue (all new values)","/arr","SchemaNodeProxy","1","1","1"
"fap","array","ctl","replace setValue (all new values)","/arr/0","SchemaNodeProxy","1","1","1"
"fap","array","ctl","replace setValue (all new values)","/arr/1","SchemaNodeProxy","1","1","1"
"fap","array","ctl","replace setValue (all new values)","/arr/2","SchemaNodeProxy","1","1","1"
"fap","array","ctl","replace setValue (all new values)","/arr/3","SchemaNodeProxy","1","",""
"fap","array","ctl","replace setValue (all new values)","","class:ErrorBoundary","2","2","1"
"fap","array","ctl","replace setValue (all new values)","/arr","class:ErrorBoundary","2","2","1"
"fap","array","ctl","replace setValue (all new values)","/arr/0","class:ErrorBoundary","2","2","1"
"fap","array","ctl","replace setValue (all new values)","/arr/1","class:ErrorBoundary","2","2","1"
"fap","array","ctl","replace setValue (all new values)","/arr/2","class:ErrorBoundary","2","2","1"
"fap","array","ctl","replace setValue (all new values)","/arr/3","class:ErrorBoundary","2","",""
"fap","array","ctl","replace setValue (all new values)","","RendererWithErrorMessage","1","1","1"
"fap","array","ctl","replace setValue (all new values)","/arr","RendererWithErrorMessage","1","1","1"
"fap","array","ctl","replace setValue (all new values)","/arr/0","RendererWithErrorMessage","1","1","1"
"fap","array","ctl","replace setValue (all new values)","/arr/1","RendererWithErrorMessage","1","1","1"
"fap","array","ctl","replace setValue (all new values)","/arr/2","RendererWithErrorMessage","1","1","1"
"fap","array","ctl","replace setValue (all new values)","/arr/3","RendererWithErrorMessage","1","",""
"fap","array","ctl","replace setValue (all new values)","","memo:FormGroupRenderer","1","1","1"
"fap","array","ctl","replace setValue (all new values)","/arr","memo:FormGroupRenderer","1","1","1"
"fap","array","ctl","replace setValue (all new values)","/arr/0","memo:FormGroupRenderer","1","1","1"
"fap","array","ctl","replace setValue (all new values)","/arr/1","memo:FormGroupRenderer","1","1","1"
"fap","array","ctl","replace setValue (all new values)","/arr/2","memo:FormGroupRenderer","1","1","1"
"fap","array","ctl","replace setValue (all new values)","/arr/3","memo:FormGroupRenderer","1","",""
"fap","array","ctl","replace setValue (all new values)","","Anonymous","1","1","1"
"fap","array","ctl","replace setValue (all new values)","/arr","Anonymous","1","1","1"
"fap","array","ctl","replace setValue (all new values)","/arr/0","Anonymous","1","1","1"
"fap","array","ctl","replace setValue (all new values)","/arr/1","Anonymous","1","1","1"
"fap","array","ctl","replace setValue (all new values)","/arr/2","Anonymous","1","1","1"
"fap","array","ctl","replace setValue (all new values)","/arr/3","Anonymous","1","",""
"fap","array","ctl","replace setValue (all new values)","","memo:Anonymous","1","2","0.5"
"fap","array","ctl","replace setValue (all new values)","/arr","memo:Anonymous","1","4","0.25"
"fap","array","ctl","replace setValue (all new values)","/arr/0","memo:Anonymous","1","1","1"
"fap","array","ctl","replace setValue (all new values)","/arr/1","memo:Anonymous","1","1","1"
"fap","array","ctl","replace setValue (all new values)","/arr/2","memo:Anonymous","1","1","1"
"fap","array","ctl","replace setValue (all new values)","/arr/3","memo:Anonymous","1","",""
"fap","array","ctl","replace setValue (all new values)","","FormTypeInputBoundary","1","1","1"
"fap","array","ctl","replace setValue (all new values)","/arr","FormTypeInputBoundary","1","1","1"
"fap","array","ctl","replace setValue (all new values)","/arr/0","FormTypeInputBoundary","1","1","1"
"fap","array","ctl","replace setValue (all new values)","/arr/1","FormTypeInputBoundary","1","1","1"
"fap","array","ctl","replace setValue (all new values)","/arr/2","FormTypeInputBoundary","1","1","1"
"fap","array","ctl","replace setValue (all new values)","/arr/3","FormTypeInputBoundary","1","",""
"fap","array","ctl","replace setValue (all new values)","","Input","1","1","1"
"fap","array","ctl","replace setValue (all new values)","/arr","Input","1","1","1"
"fap","array","ctl","replace setValue (all new values)","/arr/0","Input","1","1","1"
"fap","array","ctl","replace setValue (all new values)","/arr/1","Input","1","1","1"
"fap","array","ctl","replace setValue (all new values)","/arr/2","Input","1","1","1"
"fap","array","ctl","replace setValue (all new values)","/arr/3","Input","1","",""
"fap","array","ctl","replace setValue (all new values)","","FormTypeInputObject","1","1","1"
"fap","array","ctl","replace setValue (all new values)","/arr","FormTypeInputArray","1","1","1"
"fap","array","ctl","replace setValue (all new values)","/arr/0","CtlInput","1","1","1"
"fap","array","ctl","replace setValue (all new values)","/arr/1","CtlInput","1","1","1"
"fap","array","ctl","replace setValue (all new values)","/arr/2","CtlInput","1","1","1"
"fap","array","ctl","replace setValue (all new values)","/arr/3","CtlInput","1","",""
"fap","array","unctl","push","(form)","SchemaNodeProxy","1","1","1"
"fap","array","unctl","push","/arr","SchemaNodeProxy","1","1","1"
"fap","array","unctl","push","/arr/3","SchemaNodeProxy","1","",""
"fap","array","unctl","push","","class:ErrorBoundary","2","2","1"
"fap","array","unctl","push","/arr","class:ErrorBoundary","2","2","1"
"fap","array","unctl","push","/arr/3","class:ErrorBoundary","2","",""
"fap","array","unctl","push","","RendererWithErrorMessage","1","1","1"
"fap","array","unctl","push","/arr","RendererWithErrorMessage","1","1","1"
"fap","array","unctl","push","/arr/3","RendererWithErrorMessage","1","",""
"fap","array","unctl","push","","memo:FormGroupRenderer","1","1","1"
"fap","array","unctl","push","/arr","memo:FormGroupRenderer","1","1","1"
"fap","array","unctl","push","/arr/3","memo:FormGroupRenderer","1","",""
"fap","array","unctl","push","","Anonymous","1","1","1"
"fap","array","unctl","push","/arr","Anonymous","1","1","1"
"fap","array","unctl","push","/arr/3","Anonymous","1","",""
"fap","array","unctl","push","","memo:Anonymous","1","2","0.5"
"fap","array","unctl","push","/arr","memo:Anonymous","2","4","0.5"
"fap","array","unctl","push","/arr/3","memo:Anonymous","1","",""
"fap","array","unctl","push","","FormTypeInputBoundary","1","1","1"
"fap","array","unctl","push","/arr","FormTypeInputBoundary","1","1","1"
"fap","array","unctl","push","/arr/3","FormTypeInputBoundary","1","",""
"fap","array","unctl","push","","Input","1","1","1"
"fap","array","unctl","push","/arr","Input","1","1","1"
"fap","array","unctl","push","/arr/3","Input","1","",""
"fap","array","unctl","push","","FormTypeInputObject","1","1","1"
"fap","array","unctl","push","/arr","FormTypeInputArray","1","1","1"
"fap","array","unctl","push","/arr","memo:ArrayItems2","1","1","1"
"fap","array","unctl","push","/arr","Button","5","4","1.25"
"fap","array","unctl","push","/arr/3","UnctlInput","1","",""
"fap","array","unctl","push again","(form)","SchemaNodeProxy","1","1","1"
"fap","array","unctl","push again","/arr","SchemaNodeProxy","1","1","1"
"fap","array","unctl","push again","/arr/4","SchemaNodeProxy","1","",""
"fap","array","unctl","push again","","class:ErrorBoundary","2","2","1"
"fap","array","unctl","push again","/arr","class:ErrorBoundary","2","2","1"
"fap","array","unctl","push again","/arr/4","class:ErrorBoundary","2","",""
"fap","array","unctl","push again","","RendererWithErrorMessage","1","1","1"
"fap","array","unctl","push again","/arr","RendererWithErrorMessage","1","1","1"
"fap","array","unctl","push again","/arr/4","RendererWithErrorMessage","1","",""
"fap","array","unctl","push again","","memo:FormGroupRenderer","1","1","1"
"fap","array","unctl","push again","/arr","memo:FormGroupRenderer","1","1","1"
"fap","array","unctl","push again","/arr/4","memo:FormGroupRenderer","1","",""
"fap","array","unctl","push again","","Anonymous","1","1","1"
"fap","array","unctl","push again","/arr","Anonymous","1","1","1"
"fap","array","unctl","push again","/arr/4","Anonymous","1","",""
"fap","array","unctl","push again","","memo:Anonymous","1","2","0.5"
"fap","array","unctl","push again","/arr","memo:Anonymous","2","4","0.5"
"fap","array","unctl","push again","/arr/4","memo:Anonymous","1","",""
"fap","array","unctl","push again","","FormTypeInputBoundary","1","1","1"
"fap","array","unctl","push again","/arr","FormTypeInputBoundary","1","1","1"
"fap","array","unctl","push again","/arr/4","FormTypeInputBoundary","1","",""
"fap","array","unctl","push again","","Input","1","1","1"
"fap","array","unctl","push again","/arr","Input","1","1","1"
"fap","array","unctl","push again","/arr/4","Input","1","",""
"fap","array","unctl","push again","","FormTypeInputObject","1","1","1"
"fap","array","unctl","push again","/arr","FormTypeInputArray","1","1","1"
"fap","array","unctl","push again","/arr","memo:ArrayItems2","1","1","1"
"fap","array","unctl","push again","/arr","Button","6","4","1.5"
"fap","array","unctl","push again","/arr/4","UnctlInput","1","",""
"fap","array","unctl","remove(0)","(form)","SchemaNodeProxy","1","1","1"
"fap","array","unctl","remove(0)","/arr","SchemaNodeProxy","1","1","1"
"fap","array","unctl","remove(0)","/arr/0","SchemaNodeProxy","1","1","1"
"fap","array","unctl","remove(0)","/arr/1","SchemaNodeProxy","1","1","1"
"fap","array","unctl","remove(0)","/arr/2","SchemaNodeProxy","1","1","1"
"fap","array","unctl","remove(0)","/arr/3","SchemaNodeProxy","1","",""
"fap","array","unctl","remove(0)","","class:ErrorBoundary","2","2","1"
"fap","array","unctl","remove(0)","/arr","class:ErrorBoundary","2","2","1"
"fap","array","unctl","remove(0)","/arr/0","class:ErrorBoundary","2","2","1"
"fap","array","unctl","remove(0)","/arr/1","class:ErrorBoundary","2","2","1"
"fap","array","unctl","remove(0)","/arr/2","class:ErrorBoundary","2","2","1"
"fap","array","unctl","remove(0)","/arr/3","class:ErrorBoundary","2","",""
"fap","array","unctl","remove(0)","","RendererWithErrorMessage","1","1","1"
"fap","array","unctl","remove(0)","/arr","RendererWithErrorMessage","1","1","1"
"fap","array","unctl","remove(0)","/arr/0","RendererWithErrorMessage","1","1","1"
"fap","array","unctl","remove(0)","/arr/1","RendererWithErrorMessage","1","1","1"
"fap","array","unctl","remove(0)","/arr/2","RendererWithErrorMessage","1","1","1"
"fap","array","unctl","remove(0)","/arr/3","RendererWithErrorMessage","1","",""
"fap","array","unctl","remove(0)","","memo:FormGroupRenderer","1","1","1"
"fap","array","unctl","remove(0)","/arr","memo:FormGroupRenderer","1","1","1"
"fap","array","unctl","remove(0)","/arr/0","memo:FormGroupRenderer","1","1","1"
"fap","array","unctl","remove(0)","/arr/1","memo:FormGroupRenderer","1","1","1"
"fap","array","unctl","remove(0)","/arr/2","memo:FormGroupRenderer","1","1","1"
"fap","array","unctl","remove(0)","/arr/3","memo:FormGroupRenderer","1","",""
"fap","array","unctl","remove(0)","","Anonymous","1","1","1"
"fap","array","unctl","remove(0)","/arr","Anonymous","1","1","1"
"fap","array","unctl","remove(0)","/arr/0","Anonymous","1","1","1"
"fap","array","unctl","remove(0)","/arr/1","Anonymous","1","1","1"
"fap","array","unctl","remove(0)","/arr/2","Anonymous","1","1","1"
"fap","array","unctl","remove(0)","/arr/3","Anonymous","1","",""
"fap","array","unctl","remove(0)","","memo:Anonymous","1","2","0.5"
"fap","array","unctl","remove(0)","/arr","memo:Anonymous","1","4","0.25"
"fap","array","unctl","remove(0)","/arr/0","memo:Anonymous","1","1","1"
"fap","array","unctl","remove(0)","/arr/1","memo:Anonymous","1","1","1"
"fap","array","unctl","remove(0)","/arr/2","memo:Anonymous","1","1","1"
"fap","array","unctl","remove(0)","/arr/3","memo:Anonymous","1","",""
"fap","array","unctl","remove(0)","","FormTypeInputBoundary","1","1","1"
"fap","array","unctl","remove(0)","/arr","FormTypeInputBoundary","1","1","1"
"fap","array","unctl","remove(0)","/arr/0","FormTypeInputBoundary","1","1","1"
"fap","array","unctl","remove(0)","/arr/1","FormTypeInputBoundary","1","1","1"
"fap","array","unctl","remove(0)","/arr/2","FormTypeInputBoundary","1","1","1"
"fap","array","unctl","remove(0)","/arr/3","FormTypeInputBoundary","1","",""
"fap","array","unctl","remove(0)","","Input","1","1","1"
"fap","array","unctl","remove(0)","/arr","Input","1","1","1"
"fap","array","unctl","remove(0)","/arr/0","Input","1","1","1"
"fap","array","unctl","remove(0)","/arr/1","Input","1","1","1"
"fap","array","unctl","remove(0)","/arr/2","Input","1","1","1"
"fap","array","unctl","remove(0)","/arr/3","Input","1","",""
"fap","array","unctl","remove(0)","","FormTypeInputObject","1","1","1"
"fap","array","unctl","remove(0)","/arr","FormTypeInputArray","1","1","1"
"fap","array","unctl","remove(0)","/arr","memo:ArrayItems2","1","1","1"
"fap","array","unctl","remove(0)","/arr/0","UnctlInput","1","1","1"
"fap","array","unctl","remove(0)","/arr/1","UnctlInput","1","1","1"
"fap","array","unctl","remove(0)","/arr/2","UnctlInput","1","1","1"
"fap","array","unctl","remove(0)","/arr/3","UnctlInput","1","",""
"fap","array","unctl","remove(0)","/arr","Button","5","4","1.25"
"fap","array","unctl","remove(last)","(form)","SchemaNodeProxy","1","1","1"
"fap","array","unctl","remove(last)","/arr","SchemaNodeProxy","1","1","1"
"fap","array","unctl","remove(last)","","class:ErrorBoundary","2","2","1"
"fap","array","unctl","remove(last)","/arr","class:ErrorBoundary","2","2","1"
"fap","array","unctl","remove(last)","","RendererWithErrorMessage","1","1","1"
"fap","array","unctl","remove(last)","/arr","RendererWithErrorMessage","1","1","1"
"fap","array","unctl","remove(last)","","memo:FormGroupRenderer","1","1","1"
"fap","array","unctl","remove(last)","/arr","memo:FormGroupRenderer","1","1","1"
"fap","array","unctl","remove(last)","","Anonymous","1","1","1"
"fap","array","unctl","remove(last)","/arr","Anonymous","1","1","1"
"fap","array","unctl","remove(last)","","memo:Anonymous","1","2","0.5"
"fap","array","unctl","remove(last)","/arr","memo:Anonymous","1","4","0.25"
"fap","array","unctl","remove(last)","","FormTypeInputBoundary","1","1","1"
"fap","array","unctl","remove(last)","/arr","FormTypeInputBoundary","1","1","1"
"fap","array","unctl","remove(last)","","Input","1","1","1"
"fap","array","unctl","remove(last)","/arr","Input","1","1","1"
"fap","array","unctl","remove(last)","","FormTypeInputObject","1","1","1"
"fap","array","unctl","remove(last)","/arr","FormTypeInputArray","1","1","1"
"fap","array","unctl","remove(last)","/arr","memo:ArrayItems2","1","1","1"
"fap","array","unctl","remove(last)","/arr","Button","4","4","1"
"fap","array","unctl","replace setValue (+1 item)","(form)","SchemaNodeProxy","1","1","1"
"fap","array","unctl","replace setValue (+1 item)","/arr","SchemaNodeProxy","1","1","1"
"fap","array","unctl","replace setValue (+1 item)","/arr/3","SchemaNodeProxy","1","",""
"fap","array","unctl","replace setValue (+1 item)","","class:ErrorBoundary","2","2","1"
"fap","array","unctl","replace setValue (+1 item)","/arr","class:ErrorBoundary","2","2","1"
"fap","array","unctl","replace setValue (+1 item)","/arr/3","class:ErrorBoundary","2","",""
"fap","array","unctl","replace setValue (+1 item)","","RendererWithErrorMessage","1","1","1"
"fap","array","unctl","replace setValue (+1 item)","/arr","RendererWithErrorMessage","1","1","1"
"fap","array","unctl","replace setValue (+1 item)","/arr/3","RendererWithErrorMessage","1","",""
"fap","array","unctl","replace setValue (+1 item)","","memo:FormGroupRenderer","1","1","1"
"fap","array","unctl","replace setValue (+1 item)","/arr","memo:FormGroupRenderer","1","1","1"
"fap","array","unctl","replace setValue (+1 item)","/arr/3","memo:FormGroupRenderer","1","",""
"fap","array","unctl","replace setValue (+1 item)","","Anonymous","1","1","1"
"fap","array","unctl","replace setValue (+1 item)","/arr","Anonymous","1","1","1"
"fap","array","unctl","replace setValue (+1 item)","/arr/3","Anonymous","1","",""
"fap","array","unctl","replace setValue (+1 item)","","memo:Anonymous","1","2","0.5"
"fap","array","unctl","replace setValue (+1 item)","/arr","memo:Anonymous","2","4","0.5"
"fap","array","unctl","replace setValue (+1 item)","/arr/3","memo:Anonymous","1","",""
"fap","array","unctl","replace setValue (+1 item)","","FormTypeInputBoundary","1","1","1"
"fap","array","unctl","replace setValue (+1 item)","/arr","FormTypeInputBoundary","1","1","1"
"fap","array","unctl","replace setValue (+1 item)","/arr/3","FormTypeInputBoundary","1","",""
"fap","array","unctl","replace setValue (+1 item)","","Input","1","1","1"
"fap","array","unctl","replace setValue (+1 item)","/arr","Input","1","1","1"
"fap","array","unctl","replace setValue (+1 item)","/arr/3","Input","1","",""
"fap","array","unctl","replace setValue (+1 item)","","FormTypeInputObject","1","1","1"
"fap","array","unctl","replace setValue (+1 item)","/arr","FormTypeInputArray","1","1","1"
"fap","array","unctl","replace setValue (+1 item)","/arr","memo:ArrayItems2","1","1","1"
"fap","array","unctl","replace setValue (+1 item)","/arr","Button","5","4","1.25"
"fap","array","unctl","replace setValue (+1 item)","/arr/3","UnctlInput","1","",""
"fap","array","unctl","replace setValue (all new values)","(form)","SchemaNodeProxy","1","1","1"
"fap","array","unctl","replace setValue (all new values)","/arr","SchemaNodeProxy","1","1","1"
"fap","array","unctl","replace setValue (all new values)","/arr/0","SchemaNodeProxy","1","1","1"
"fap","array","unctl","replace setValue (all new values)","/arr/1","SchemaNodeProxy","1","1","1"
"fap","array","unctl","replace setValue (all new values)","/arr/2","SchemaNodeProxy","1","1","1"
"fap","array","unctl","replace setValue (all new values)","/arr/3","SchemaNodeProxy","1","",""
"fap","array","unctl","replace setValue (all new values)","","class:ErrorBoundary","2","2","1"
"fap","array","unctl","replace setValue (all new values)","/arr","class:ErrorBoundary","2","2","1"
"fap","array","unctl","replace setValue (all new values)","/arr/0","class:ErrorBoundary","2","2","1"
"fap","array","unctl","replace setValue (all new values)","/arr/1","class:ErrorBoundary","2","2","1"
"fap","array","unctl","replace setValue (all new values)","/arr/2","class:ErrorBoundary","2","2","1"
"fap","array","unctl","replace setValue (all new values)","/arr/3","class:ErrorBoundary","2","",""
"fap","array","unctl","replace setValue (all new values)","","RendererWithErrorMessage","1","1","1"
"fap","array","unctl","replace setValue (all new values)","/arr","RendererWithErrorMessage","1","1","1"
"fap","array","unctl","replace setValue (all new values)","/arr/0","RendererWithErrorMessage","1","1","1"
"fap","array","unctl","replace setValue (all new values)","/arr/1","RendererWithErrorMessage","1","1","1"
"fap","array","unctl","replace setValue (all new values)","/arr/2","RendererWithErrorMessage","1","1","1"
"fap","array","unctl","replace setValue (all new values)","/arr/3","RendererWithErrorMessage","1","",""
"fap","array","unctl","replace setValue (all new values)","","memo:FormGroupRenderer","1","1","1"
"fap","array","unctl","replace setValue (all new values)","/arr","memo:FormGroupRenderer","1","1","1"
"fap","array","unctl","replace setValue (all new values)","/arr/0","memo:FormGroupRenderer","1","1","1"
"fap","array","unctl","replace setValue (all new values)","/arr/1","memo:FormGroupRenderer","1","1","1"
"fap","array","unctl","replace setValue (all new values)","/arr/2","memo:FormGroupRenderer","1","1","1"
"fap","array","unctl","replace setValue (all new values)","/arr/3","memo:FormGroupRenderer","1","",""
"fap","array","unctl","replace setValue (all new values)","","Anonymous","1","1","1"
"fap","array","unctl","replace setValue (all new values)","/arr","Anonymous","1","1","1"
"fap","array","unctl","replace setValue (all new values)","/arr/0","Anonymous","1","1","1"
"fap","array","unctl","replace setValue (all new values)","/arr/1","Anonymous","1","1","1"
"fap","array","unctl","replace setValue (all new values)","/arr/2","Anonymous","1","1","1"
"fap","array","unctl","replace setValue (all new values)","/arr/3","Anonymous","1","",""
"fap","array","unctl","replace setValue (all new values)","","memo:Anonymous","1","2","0.5"
"fap","array","unctl","replace setValue (all new values)","/arr","memo:Anonymous","1","4","0.25"
"fap","array","unctl","replace setValue (all new values)","/arr/0","memo:Anonymous","1","1","1"
"fap","array","unctl","replace setValue (all new values)","/arr/1","memo:Anonymous","1","1","1"
"fap","array","unctl","replace setValue (all new values)","/arr/2","memo:Anonymous","1","1","1"
"fap","array","unctl","replace setValue (all new values)","/arr/3","memo:Anonymous","1","",""
"fap","array","unctl","replace setValue (all new values)","","FormTypeInputBoundary","1","1","1"
"fap","array","unctl","replace setValue (all new values)","/arr","FormTypeInputBoundary","1","1","1"
"fap","array","unctl","replace setValue (all new values)","/arr/0","FormTypeInputBoundary","1","1","1"
"fap","array","unctl","replace setValue (all new values)","/arr/1","FormTypeInputBoundary","1","1","1"
"fap","array","unctl","replace setValue (all new values)","/arr/2","FormTypeInputBoundary","1","1","1"
"fap","array","unctl","replace setValue (all new values)","/arr/3","FormTypeInputBoundary","1","",""
"fap","array","unctl","replace setValue (all new values)","","Input","1","1","1"
"fap","array","unctl","replace setValue (all new values)","/arr","Input","1","1","1"
"fap","array","unctl","replace setValue (all new values)","/arr/0","Input","1","1","1"
"fap","array","unctl","replace setValue (all new values)","/arr/1","Input","1","1","1"
"fap","array","unctl","replace setValue (all new values)","/arr/2","Input","1","1","1"
"fap","array","unctl","replace setValue (all new values)","/arr/3","Input","1","",""
"fap","array","unctl","replace setValue (all new values)","","FormTypeInputObject","1","1","1"
"fap","array","unctl","replace setValue (all new values)","/arr","FormTypeInputArray","1","1","1"
"fap","array","unctl","replace setValue (all new values)","/arr/0","UnctlInput","1","1","1"
"fap","array","unctl","replace setValue (all new values)","/arr/1","UnctlInput","1","1","1"
"fap","array","unctl","replace setValue (all new values)","/arr/2","UnctlInput","1","1","1"
"fap","array","unctl","replace setValue (all new values)","/arr/3","UnctlInput","1","",""
