"side","scenario","control_mode","write","component_name","field_path","invocations"
"base","flat","ctl","input write /a","SchemaNodeField","","1"
"base","flat","ctl","input write /a","SchemaNodeField","/a","1"
"base","flat","ctl","input write /a","memo:Anonymous","","2"
"base","flat","ctl","input write /a","memo:Anonymous","/a","2"
"base","flat","ctl","input write /a","class:ErrorBoundary","","2"
"base","flat","ctl","input write /a","class:ErrorBoundary","/a","2"
"base","flat","ctl","input write /a","FormGroupRenderer","","1"
"base","flat","ctl","input write /a","FormGroupRenderer","/a","1"
"base","flat","ctl","input write /a","Anonymous","","2"
"base","flat","ctl","input write /a","Anonymous","/a","2"
"base","flat","ctl","input write /a","Input","","1"
"base","flat","ctl","input write /a","Input","/a","1"
"base","flat","ctl","input write /a","FormTypeInputObject","","1"
"base","flat","ctl","input write /a","CtlInput","/a","1"
"fap","flat","ctl","input write /a","SchemaNodeProxy","(form)","1"
"fap","flat","ctl","input write /a","SchemaNodeProxy","/a","1"
"fap","flat","ctl","input write /a","class:ErrorBoundary","","2"
"fap","flat","ctl","input write /a","class:ErrorBoundary","/a","2"
"fap","flat","ctl","input write /a","RendererWithErrorMessage","","1"
"fap","flat","ctl","input write /a","RendererWithErrorMessage","/a","1"
"fap","flat","ctl","input write /a","memo:FormGroupRenderer","","1"
"fap","flat","ctl","input write /a","memo:FormGroupRenderer","/a","1"
"fap","flat","ctl","input write /a","Anonymous","","1"
"fap","flat","ctl","input write /a","Anonymous","/a","1"
"fap","flat","ctl","input write /a","memo:Anonymous","","1"
"fap","flat","ctl","input write /a","memo:Anonymous","/a","1"
"fap","flat","ctl","input write /a","FormTypeInputBoundary","","1"
"fap","flat","ctl","input write /a","FormTypeInputBoundary","/a","1"
"fap","flat","ctl","input write /a","Input","","1"
"fap","flat","ctl","input write /a","Input","/a","1"
"fap","flat","ctl","input write /a","FormTypeInputObject","","1"
"fap","flat","ctl","input write /a","CtlInput","/a","1"
"base","flat","ctl","input write /a again","SchemaNodeField","","1"
"base","flat","ctl","input write /a again","SchemaNodeField","/a","1"
"base","flat","ctl","input write /a again","memo:Anonymous","","2"
"base","flat","ctl","input write /a again","memo:Anonymous","/a","2"
"base","flat","ctl","input write /a again","class:ErrorBoundary","","2"
"base","flat","ctl","input write /a again","class:ErrorBoundary","/a","2"
"base","flat","ctl","input write /a again","FormGroupRenderer","","1"
"base","flat","ctl","input write /a again","FormGroupRenderer","/a","1"
"base","flat","ctl","input write /a again","Anonymous","","2"
"base","flat","ctl","input write /a again","Anonymous","/a","2"
"base","flat","ctl","input write /a again","Input","","1"
"base","flat","ctl","input write /a again","Input","/a","1"
"base","flat","ctl","input write /a again","FormTypeInputObject","","1"
"base","flat","ctl","input write /a again","CtlInput","/a","1"
"fap","flat","ctl","input write /a again","SchemaNodeProxy","(form)","1"
"fap","flat","ctl","input write /a again","SchemaNodeProxy","/a","1"
"fap","flat","ctl","input write /a again","class:ErrorBoundary","","2"
"fap","flat","ctl","input write /a again","class:ErrorBoundary","/a","2"
"fap","flat","ctl","input write /a again","RendererWithErrorMessage","","1"
"fap","flat","ctl","input write /a again","RendererWithErrorMessage","/a","1"
"fap","flat","ctl","input write /a again","memo:FormGroupRenderer","","1"
"fap","flat","ctl","input write /a again","memo:FormGroupRenderer","/a","1"
"fap","flat","ctl","input write /a again","Anonymous","","1"
"fap","flat","ctl","input write /a again","Anonymous","/a","1"
"fap","flat","ctl","input write /a again","memo:Anonymous","","1"
"fap","flat","ctl","input write /a again","memo:Anonymous","/a","1"
"fap","flat","ctl","input write /a again","FormTypeInputBoundary","","1"
"fap","flat","ctl","input write /a again","FormTypeInputBoundary","/a","1"
"fap","flat","ctl","input write /a again","Input","","1"
"fap","flat","ctl","input write /a again","Input","/a","1"
"fap","flat","ctl","input write /a again","FormTypeInputObject","","1"
"fap","flat","ctl","input write /a again","CtlInput","/a","1"
"base","flat","ctl","sibling setValue /b","SchemaNodeField","","1"
"base","flat","ctl","sibling setValue /b","SchemaNodeField","/b","1"
"base","flat","ctl","sibling setValue /b","memo:Anonymous","","2"
"base","flat","ctl","sibling setValue /b","memo:Anonymous","/b","2"
"base","flat","ctl","sibling setValue /b","class:ErrorBoundary","","2"
"base","flat","ctl","sibling setValue /b","class:ErrorBoundary","/b","2"
"base","flat","ctl","sibling setValue /b","FormGroupRenderer","","1"
"base","flat","ctl","sibling setValue /b","FormGroupRenderer","/b","1"
"base","flat","ctl","sibling setValue /b","Anonymous","","2"
"base","flat","ctl","sibling setValue /b","Anonymous","/b","2"
"base","flat","ctl","sibling setValue /b","Input","","1"
"base","flat","ctl","sibling setValue /b","Input","/b","1"
"base","flat","ctl","sibling setValue /b","FormTypeInputObject","","1"
"base","flat","ctl","sibling setValue /b","CtlInput","/b","1"
"fap","flat","ctl","sibling setValue /b","SchemaNodeProxy","(form)","1"
"fap","flat","ctl","sibling setValue /b","SchemaNodeProxy","/b","1"
"fap","flat","ctl","sibling setValue /b","class:ErrorBoundary","","2"
"fap","flat","ctl","sibling setValue /b","class:ErrorBoundary","/b","2"
"fap","flat","ctl","sibling setValue /b","RendererWithErrorMessage","","1"
"fap","flat","ctl","sibling setValue /b","RendererWithErrorMessage","/b","1"
"fap","flat","ctl","sibling setValue /b","memo:FormGroupRenderer","","1"
"fap","flat","ctl","sibling setValue /b","memo:FormGroupRenderer","/b","1"
"fap","flat","ctl","sibling setValue /b","Anonymous","","1"
"fap","flat","ctl","sibling setValue /b","Anonymous","/b","1"
"fap","flat","ctl","sibling setValue /b","memo:Anonymous","","1"
"fap","flat","ctl","sibling setValue /b","memo:Anonymous","/b","1"
"fap","flat","ctl","sibling setValue /b","FormTypeInputBoundary","","1"
"fap","flat","ctl","sibling setValue /b","FormTypeInputBoundary","/b","1"
"fap","flat","ctl","sibling setValue /b","Input","","1"
"fap","flat","ctl","sibling setValue /b","Input","/b","1"
"fap","flat","ctl","sibling setValue /b","FormTypeInputObject","","1"
"fap","flat","ctl","sibling setValue /b","CtlInput","/b","1"
"base","flat","ctl","parent setValue /o (x only)","SchemaNodeField","","1"
"base","flat","ctl","parent setValue /o (x only)","SchemaNodeField","/o","1"
"base","flat","ctl","parent setValue /o (x only)","SchemaNodeField","/o/x","1"
"base","flat","ctl","parent setValue /o (x only)","memo:Anonymous","","2"
"base","flat","ctl","parent setValue /o (x only)","memo:Anonymous","/o","2"
"base","flat","ctl","parent setValue /o (x only)","memo:Anonymous","/o/x","2"
"base","flat","ctl","parent setValue /o (x only)","class:ErrorBoundary","","2"
"base","flat","ctl","parent setValue /o (x only)","class:ErrorBoundary","/o","2"
"base","flat","ctl","parent setValue /o (x only)","class:ErrorBoundary","/o/x","2"
"base","flat","ctl","parent setValue /o (x only)","FormGroupRenderer","","1"
"base","flat","ctl","parent setValue /o (x only)","FormGroupRenderer","/o","1"
"base","flat","ctl","parent setValue /o (x only)","FormGroupRenderer","/o/x","1"
"base","flat","ctl","parent setValue /o (x only)","Anonymous","","2"
"base","flat","ctl","parent setValue /o (x only)","Anonymous","/o","2"
"base","flat","ctl","parent setValue /o (x only)","Anonymous","/o/x","2"
"base","flat","ctl","parent setValue /o (x only)","Input","","1"
"base","flat","ctl","parent setValue /o (x only)","Input","/o","1"
"base","flat","ctl","parent setValue /o (x only)","Input","/o/x","1"
"base","flat","ctl","parent setValue /o (x only)","FormTypeInputObject","","1"
"base","flat","ctl","parent setValue /o (x only)","FormTypeInputObject","/o","1"
"base","flat","ctl","parent setValue /o (x only)","CtlInput","/o/x","1"
"fap","flat","ctl","parent setValue /o (x only)","SchemaNodeProxy","(form)","1"
"fap","flat","ctl","parent setValue /o (x only)","SchemaNodeProxy","/o","1"
"fap","flat","ctl","parent setValue /o (x only)","SchemaNodeProxy","/o/x","1"
"fap","flat","ctl","parent setValue /o (x only)","class:ErrorBoundary","","2"
"fap","flat","ctl","parent setValue /o (x only)","class:ErrorBoundary","/o","2"
"fap","flat","ctl","parent setValue /o (x only)","class:ErrorBoundary","/o/x","2"
"fap","flat","ctl","parent setValue /o (x only)","RendererWithErrorMessage","","1"
"fap","flat","ctl","parent setValue /o (x only)","RendererWithErrorMessage","/o","1"
"fap","flat","ctl","parent setValue /o (x only)","RendererWithErrorMessage","/o/x","1"
"fap","flat","ctl","parent setValue /o (x only)","memo:FormGroupRenderer","","1"
"fap","flat","ctl","parent setValue /o (x only)","memo:FormGroupRenderer","/o","1"
"fap","flat","ctl","parent setValue /o (x only)","memo:FormGroupRenderer","/o/x","1"
"fap","flat","ctl","parent setValue /o (x only)","Anonymous","","1"
"fap","flat","ctl","parent setValue /o (x only)","Anonymous","/o","1"
"fap","flat","ctl","parent setValue /o (x only)","Anonymous","/o/x","1"
"fap","flat","ctl","parent setValue /o (x only)","memo:Anonymous","","1"
"fap","flat","ctl","parent setValue /o (x only)","memo:Anonymous","/o","1"
"fap","flat","ctl","parent setValue /o (x only)","memo:Anonymous","/o/x","1"
"fap","flat","ctl","parent setValue /o (x only)","FormTypeInputBoundary","","1"
"fap","flat","ctl","parent setValue /o (x only)","FormTypeInputBoundary","/o","1"
"fap","flat","ctl","parent setValue /o (x only)","FormTypeInputBoundary","/o/x","1"
"fap","flat","ctl","parent setValue /o (x only)","Input","","1"
"fap","flat","ctl","parent setValue /o (x only)","Input","/o","1"
"fap","flat","ctl","parent setValue /o (x only)","Input","/o/x","1"
"fap","flat","ctl","parent setValue /o (x only)","FormTypeInputObject","","1"
"fap","flat","ctl","parent setValue /o (x only)","FormTypeInputObject","/o","1"
"fap","flat","ctl","parent setValue /o (x only)","CtlInput","/o/x","1"
"base","flat","ctl","whole setValue (a only)","SchemaNodeField","","1"
"base","flat","ctl","whole setValue (a only)","SchemaNodeField","/a","1"
"base","flat","ctl","whole setValue (a only)","memo:Anonymous","","2"
"base","flat","ctl","whole setValue (a only)","memo:Anonymous","/a","2"
"base","flat","ctl","whole setValue (a only)","class:ErrorBoundary","","2"
"base","flat","ctl","whole setValue (a only)","class:ErrorBoundary","/a","2"
"base","flat","ctl","whole setValue (a only)","FormGroupRenderer","","1"
"base","flat","ctl","whole setValue (a only)","FormGroupRenderer","/a","1"
"base","flat","ctl","whole setValue (a only)","Anonymous","","2"
"base","flat","ctl","whole setValue (a only)","Anonymous","/a","2"
"base","flat","ctl","whole setValue (a only)","Input","","1"
"base","flat","ctl","whole setValue (a only)","Input","/a","1"
"base","flat","ctl","whole setValue (a only)","FormTypeInputObject","","1"
"base","flat","ctl","whole setValue (a only)","CtlInput","/a","1"
"fap","flat","ctl","whole setValue (a only)","SchemaNodeProxy","(form)","1"
"fap","flat","ctl","whole setValue (a only)","SchemaNodeProxy","/a","1"
"fap","flat","ctl","whole setValue (a only)","class:ErrorBoundary","","2"
"fap","flat","ctl","whole setValue (a only)","class:ErrorBoundary","/a","2"
"fap","flat","ctl","whole setValue (a only)","RendererWithErrorMessage","","1"
"fap","flat","ctl","whole setValue (a only)","RendererWithErrorMessage","/a","1"
"fap","flat","ctl","whole setValue (a only)","memo:FormGroupRenderer","","1"
"fap","flat","ctl","whole setValue (a only)","memo:FormGroupRenderer","/a","1"
"fap","flat","ctl","whole setValue (a only)","Anonymous","","1"
"fap","flat","ctl","whole setValue (a only)","Anonymous","/a","1"
"fap","flat","ctl","whole setValue (a only)","memo:Anonymous","","1"
"fap","flat","ctl","whole setValue (a only)","memo:Anonymous","/a","1"
"fap","flat","ctl","whole setValue (a only)","FormTypeInputBoundary","","1"
"fap","flat","ctl","whole setValue (a only)","FormTypeInputBoundary","/a","1"
"fap","flat","ctl","whole setValue (a only)","Input","","1"
"fap","flat","ctl","whole setValue (a only)","Input","/a","1"
"fap","flat","ctl","whole setValue (a only)","FormTypeInputObject","","1"
"fap","flat","ctl","whole setValue (a only)","CtlInput","/a","1"
"base","flat","ctl","refresh /a","memo:Anonymous","/a","1"
"base","flat","ctl","refresh /a","Anonymous","/a","1"
"base","flat","ctl","refresh /a","class:ErrorBoundary","/a","1"
"base","flat","ctl","refresh /a","Input","/a","1"
"base","flat","ctl","refresh /a","CtlInput","/a","1"
"fap","flat","ctl","refresh /a","memo:Anonymous","/a","1"
"fap","flat","ctl","refresh /a","FormTypeInputBoundary","/a","1"
"fap","flat","ctl","refresh /a","class:ErrorBoundary","/a","1"
"fap","flat","ctl","refresh /a","Input","/a","1"
"fap","flat","ctl","refresh /a","CtlInput","/a","1"
"base","flat","ctl","showError(true)","fwd:FormContents","(form)","1"
"base","flat","ctl","showError(true)","WorkspaceContextProvider","(form)","1"
"base","flat","ctl","showError(true)","FormTypeInputsContextProvider","(form)","1"
"base","flat","ctl","showError(true)","FormTypeRendererContextProvider","(form)","1"
"base","flat","ctl","showError(true)","InputControlContextProvider","(form)","1"
"base","flat","ctl","showError(true)","VirtualizationContextProvider","(form)","1"
"base","flat","ctl","showError(true)","RootNodeContextProvider","(form)","1"
"base","flat","ctl","showError(true)","memo:Anonymous","(form)","1"
"base","flat","ctl","showError(true)","memo:Anonymous","","2"
"base","flat","ctl","showError(true)","memo:Anonymous","/a","2"
"base","flat","ctl","showError(true)","memo:Anonymous","/b","2"
"base","flat","ctl","showError(true)","memo:Anonymous","/o","2"
"base","flat","ctl","showError(true)","memo:Anonymous","/o/x","2"
"base","flat","ctl","showError(true)","memo:Anonymous","/o/y","2"
"base","flat","ctl","showError(true)","SchemaNodeProxy","(form)","1"
"base","flat","ctl","showError(true)","Anonymous","","3"
"base","flat","ctl","showError(true)","Anonymous","/a","2"
"base","flat","ctl","showError(true)","Anonymous","/b","2"
"base","flat","ctl","showError(true)","Anonymous","/o","2"
"base","flat","ctl","showError(true)","Anonymous","/o/x","2"
"base","flat","ctl","showError(true)","Anonymous","/o/y","2"
"base","flat","ctl","showError(true)","class:ErrorBoundary","","3"
"base","flat","ctl","showError(true)","class:ErrorBoundary","/a","2"
"base","flat","ctl","showError(true)","class:ErrorBoundary","/b","2"
"base","flat","ctl","showError(true)","class:ErrorBoundary","/o","2"
"base","flat","ctl","showError(true)","class:ErrorBoundary","/o/x","2"
"base","flat","ctl","showError(true)","class:ErrorBoundary","/o/y","2"
"base","flat","ctl","showError(true)","SchemaNodeField","","1"
"base","flat","ctl","showError(true)","SchemaNodeField","/a","1"
"base","flat","ctl","showError(true)","SchemaNodeField","/b","1"
"base","flat","ctl","showError(true)","SchemaNodeField","/o","1"
"base","flat","ctl","showError(true)","SchemaNodeField","/o/x","1"
"base","flat","ctl","showError(true)","SchemaNodeField","/o/y","1"
"base","flat","ctl","showError(true)","FormGroupRenderer","","1"
"base","flat","ctl","showError(true)","FormGroupRenderer","/a","1"
"base","flat","ctl","showError(true)","FormGroupRenderer","/b","1"
"base","flat","ctl","showError(true)","FormGroupRenderer","/o","1"
"base","flat","ctl","showError(true)","FormGroupRenderer","/o/x","1"
"base","flat","ctl","showError(true)","FormGroupRenderer","/o/y","1"
"base","flat","ctl","showError(true)","Input","","1"
"base","flat","ctl","showError(true)","Input","/a","1"
"base","flat","ctl","showError(true)","Input","/b","1"
"base","flat","ctl","showError(true)","Input","/o","1"
"base","flat","ctl","showError(true)","Input","/o/x","1"
"base","flat","ctl","showError(true)","Input","/o/y","1"
"base","flat","ctl","showError(true)","FormTypeInputObject","","1"
"base","flat","ctl","showError(true)","FormTypeInputObject","/o","1"
"base","flat","ctl","showError(true)","CtlInput","/a","1"
"base","flat","ctl","showError(true)","CtlInput","/b","1"
"base","flat","ctl","showError(true)","CtlInput","/o/x","1"
"base","flat","ctl","showError(true)","CtlInput","/o/y","1"
"fap","flat","ctl","showError(true)","fwd:FormContents","(form)","1"
"fap","flat","ctl","showError(true)","WorkspaceContextProvider","(form)","1"
"fap","flat","ctl","showError(true)","FormTypeInputsContextProvider","(form)","1"
"fap","flat","ctl","showError(true)","FormTypeRendererContextProvider","(form)","1"
"fap","flat","ctl","showError(true)","InputControlContextProvider","(form)","1"
"fap","flat","ctl","showError(true)","VirtualizationContextProvider","(form)","1"
"fap","flat","ctl","showError(true)","RootNodeContextProvider","(form)","1"
"fap","flat","ctl","showError(true)","memo:Anonymous","(form)","1"
"fap","flat","ctl","showError(true)","memo:Anonymous","","1"
"fap","flat","ctl","showError(true)","memo:Anonymous","/a","1"
"fap","flat","ctl","showError(true)","memo:Anonymous","/b","1"
"fap","flat","ctl","showError(true)","memo:Anonymous","/o","1"
"fap","flat","ctl","showError(true)","memo:Anonymous","/o/x","1"
"fap","flat","ctl","showError(true)","memo:Anonymous","/o/y","1"
"fap","flat","ctl","showError(true)","SchemaNodeProxy","(form)","1"
"fap","flat","ctl","showError(true)","SchemaNodeProxy","/a","1"
"fap","flat","ctl","showError(true)","SchemaNodeProxy","/b","1"
"fap","flat","ctl","showError(true)","SchemaNodeProxy","/o","1"
"fap","flat","ctl","showError(true)","SchemaNodeProxy","/o/x","1"
"fap","flat","ctl","showError(true)","SchemaNodeProxy","/o/y","1"
"fap","flat","ctl","showError(true)","class:ErrorBoundary","","2"
"fap","flat","ctl","showError(true)","class:ErrorBoundary","/a","2"
"fap","flat","ctl","showError(true)","class:ErrorBoundary","/b","2"
"fap","flat","ctl","showError(true)","class:ErrorBoundary","/o","2"
"fap","flat","ctl","showError(true)","class:ErrorBoundary","/o/x","2"
"fap","flat","ctl","showError(true)","class:ErrorBoundary","/o/y","2"
"fap","flat","ctl","showError(true)","RendererWithErrorMessage","","1"
"fap","flat","ctl","showError(true)","RendererWithErrorMessage","/a","1"
"fap","flat","ctl","showError(true)","RendererWithErrorMessage","/b","1"
"fap","flat","ctl","showError(true)","RendererWithErrorMessage","/o","1"
"fap","flat","ctl","showError(true)","RendererWithErrorMessage","/o/x","1"
"fap","flat","ctl","showError(true)","RendererWithErrorMessage","/o/y","1"
"fap","flat","ctl","showError(true)","memo:FormGroupRenderer","","1"
"fap","flat","ctl","showError(true)","memo:FormGroupRenderer","/a","1"
"fap","flat","ctl","showError(true)","memo:FormGroupRenderer","/b","1"
"fap","flat","ctl","showError(true)","memo:FormGroupRenderer","/o","1"
"fap","flat","ctl","showError(true)","memo:FormGroupRenderer","/o/x","1"
"fap","flat","ctl","showError(true)","memo:FormGroupRenderer","/o/y","1"
"fap","flat","ctl","showError(true)","Anonymous","","1"
"fap","flat","ctl","showError(true)","Anonymous","/a","1"
"fap","flat","ctl","showError(true)","Anonymous","/b","1"
"fap","flat","ctl","showError(true)","Anonymous","/o","1"
"fap","flat","ctl","showError(true)","Anonymous","/o/x","1"
"fap","flat","ctl","showError(true)","Anonymous","/o/y","1"
"fap","flat","ctl","showError(true)","FormTypeInputBoundary","","1"
"fap","flat","ctl","showError(true)","FormTypeInputBoundary","/a","1"
"fap","flat","ctl","showError(true)","FormTypeInputBoundary","/b","1"
"fap","flat","ctl","showError(true)","FormTypeInputBoundary","/o","1"
"fap","flat","ctl","showError(true)","FormTypeInputBoundary","/o/x","1"
"fap","flat","ctl","showError(true)","FormTypeInputBoundary","/o/y","1"
"fap","flat","ctl","showError(true)","Input","","1"
"fap","flat","ctl","showError(true)","Input","/a","1"
"fap","flat","ctl","showError(true)","Input","/b","1"
"fap","flat","ctl","showError(true)","Input","/o","1"
"fap","flat","ctl","showError(true)","Input","/o/x","1"
"fap","flat","ctl","showError(true)","Input","/o/y","1"
"fap","flat","ctl","showError(true)","FormTypeInputObject","","1"
"fap","flat","ctl","showError(true)","FormTypeInputObject","/o","1"
"fap","flat","ctl","showError(true)","CtlInput","/a","1"
"fap","flat","ctl","showError(true)","CtlInput","/b","1"
"fap","flat","ctl","showError(true)","CtlInput","/o/x","1"
"fap","flat","ctl","showError(true)","CtlInput","/o/y","1"
"base","flat","ctl","Form context prop change","Host","(form)","1"
"base","flat","ctl","Form context prop change","fwd:Anonymous","(form)","2"
"base","flat","ctl","Form context prop change","FormErrorContextProvider","(form)","1"
"base","flat","ctl","Form context prop change","class:ErrorBoundary","(form)","1"
"base","flat","ctl","Form context prop change","class:ErrorBoundary","","3"
"base","flat","ctl","Form context prop change","class:ErrorBoundary","/a","2"
"base","flat","ctl","Form context prop change","class:ErrorBoundary","/b","2"
"base","flat","ctl","Form context prop change","class:ErrorBoundary","/o","2"
"base","flat","ctl","Form context prop change","class:ErrorBoundary","/o/x","2"
"base","flat","ctl","Form context prop change","class:ErrorBoundary","/o/y","2"
"base","flat","ctl","Form context prop change","fwd:FormContents","(form)","1"
"base","flat","ctl","Form context prop change","WorkspaceContextProvider","(form)","1"
"base","flat","ctl","Form context prop change","FormTypeInputsContextProvider","(form)","1"
"base","flat","ctl","Form context prop change","FormTypeRendererContextProvider","(form)","1"
"base","flat","ctl","Form context prop change","InputControlContextProvider","(form)","1"
"base","flat","ctl","Form context prop change","VirtualizationContextProvider","(form)","1"
"base","flat","ctl","Form context prop change","RootNodeContextProvider","(form)","1"
"base","flat","ctl","Form context prop change","memo:Anonymous","(form)","1"
"base","flat","ctl","Form context prop change","memo:Anonymous","","2"
"base","flat","ctl","Form context prop change","memo:Anonymous","/a","2"
"base","flat","ctl","Form context prop change","memo:Anonymous","/b","2"
"base","flat","ctl","Form context prop change","memo:Anonymous","/o","2"
"base","flat","ctl","Form context prop change","memo:Anonymous","/o/x","2"
"base","flat","ctl","Form context prop change","memo:Anonymous","/o/y","2"
"base","flat","ctl","Form context prop change","SchemaNodeProxy","(form)","1"
"base","flat","ctl","Form context prop change","Anonymous","","3"
"base","flat","ctl","Form context prop change","Anonymous","/a","2"
"base","flat","ctl","Form context prop change","Anonymous","/b","2"
"base","flat","ctl","Form context prop change","Anonymous","/o","2"
"base","flat","ctl","Form context prop change","Anonymous","/o/x","2"
"base","flat","ctl","Form context prop change","Anonymous","/o/y","2"
"base","flat","ctl","Form context prop change","SchemaNodeField","","1"
"base","flat","ctl","Form context prop change","SchemaNodeField","/a","1"
"base","flat","ctl","Form context prop change","SchemaNodeField","/b","1"
"base","flat","ctl","Form context prop change","SchemaNodeField","/o","1"
"base","flat","ctl","Form context prop change","SchemaNodeField","/o/x","1"
"base","flat","ctl","Form context prop change","SchemaNodeField","/o/y","1"
"base","flat","ctl","Form context prop change","FormGroupRenderer","","1"
"base","flat","ctl","Form context prop change","FormGroupRenderer","/a","1"
"base","flat","ctl","Form context prop change","FormGroupRenderer","/b","1"
"base","flat","ctl","Form context prop change","FormGroupRenderer","/o","1"
"base","flat","ctl","Form context prop change","FormGroupRenderer","/o/x","1"
"base","flat","ctl","Form context prop change","FormGroupRenderer","/o/y","1"
"base","flat","ctl","Form context prop change","Input","","1"
"base","flat","ctl","Form context prop change","Input","/a","1"
"base","flat","ctl","Form context prop change","Input","/b","1"
"base","flat","ctl","Form context prop change","Input","/o","1"
"base","flat","ctl","Form context prop change","Input","/o/x","1"
"base","flat","ctl","Form context prop change","Input","/o/y","1"
"base","flat","ctl","Form context prop change","FormTypeInputObject","","1"
"base","flat","ctl","Form context prop change","FormTypeInputObject","/o","1"
"base","flat","ctl","Form context prop change","CtlInput","/a","1"
"base","flat","ctl","Form context prop change","CtlInput","/b","1"
"base","flat","ctl","Form context prop change","CtlInput","/o/x","1"
"base","flat","ctl","Form context prop change","CtlInput","/o/y","1"
"fap","flat","ctl","Form context prop change","Host","(form)","1"
"fap","flat","ctl","Form context prop change","fwd:Anonymous","(form)","2"
"fap","flat","ctl","Form context prop change","FormErrorContextProvider","(form)","1"
"fap","flat","ctl","Form context prop change","class:ErrorBoundary","(form)","1"
"fap","flat","ctl","Form context prop change","class:ErrorBoundary","","2"
"fap","flat","ctl","Form context prop change","class:ErrorBoundary","/a","2"
"fap","flat","ctl","Form context prop change","class:ErrorBoundary","/b","2"
"fap","flat","ctl","Form context prop change","class:ErrorBoundary","/o","2"
"fap","flat","ctl","Form context prop change","class:ErrorBoundary","/o/x","2"
"fap","flat","ctl","Form context prop change","class:ErrorBoundary","/o/y","2"
"fap","flat","ctl","Form context prop change","fwd:FormContents","(form)","1"
"fap","flat","ctl","Form context prop change","WorkspaceContextProvider","(form)","1"
"fap","flat","ctl","Form context prop change","FormTypeInputsContextProvider","(form)","1"
"fap","flat","ctl","Form context prop change","FormTypeRendererContextProvider","(form)","1"
"fap","flat","ctl","Form context prop change","InputControlContextProvider","(form)","1"
"fap","flat","ctl","Form context prop change","VirtualizationContextProvider","(form)","1"
"fap","flat","ctl","Form context prop change","RootNodeContextProvider","(form)","1"
"fap","flat","ctl","Form context prop change","memo:Anonymous","(form)","1"
"fap","flat","ctl","Form context prop change","memo:Anonymous","","1"
"fap","flat","ctl","Form context prop change","memo:Anonymous","/a","1"
"fap","flat","ctl","Form context prop change","memo:Anonymous","/b","1"
"fap","flat","ctl","Form context prop change","memo:Anonymous","/o","1"
"fap","flat","ctl","Form context prop change","memo:Anonymous","/o/x","1"
"fap","flat","ctl","Form context prop change","memo:Anonymous","/o/y","1"
"fap","flat","ctl","Form context prop change","SchemaNodeProxy","(form)","1"
"fap","flat","ctl","Form context prop change","SchemaNodeProxy","/a","1"
"fap","flat","ctl","Form context prop change","SchemaNodeProxy","/b","1"
"fap","flat","ctl","Form context prop change","SchemaNodeProxy","/o","1"
"fap","flat","ctl","Form context prop change","SchemaNodeProxy","/o/x","1"
"fap","flat","ctl","Form context prop change","SchemaNodeProxy","/o/y","1"
"fap","flat","ctl","Form context prop change","RendererWithErrorMessage","","1"
"fap","flat","ctl","Form context prop change","RendererWithErrorMessage","/a","1"
"fap","flat","ctl","Form context prop change","RendererWithErrorMessage","/b","1"
"fap","flat","ctl","Form context prop change","RendererWithErrorMessage","/o","1"
"fap","flat","ctl","Form context prop change","RendererWithErrorMessage","/o/x","1"
"fap","flat","ctl","Form context prop change","RendererWithErrorMessage","/o/y","1"
"fap","flat","ctl","Form context prop change","memo:FormGroupRenderer","","1"
"fap","flat","ctl","Form context prop change","memo:FormGroupRenderer","/a","1"
"fap","flat","ctl","Form context prop change","memo:FormGroupRenderer","/b","1"
"fap","flat","ctl","Form context prop change","memo:FormGroupRenderer","/o","1"
"fap","flat","ctl","Form context prop change","memo:FormGroupRenderer","/o/x","1"
"fap","flat","ctl","Form context prop change","memo:FormGroupRenderer","/o/y","1"
"fap","flat","ctl","Form context prop change","Anonymous","","1"
"fap","flat","ctl","Form context prop change","Anonymous","/a","1"
"fap","flat","ctl","Form context prop change","Anonymous","/b","1"
"fap","flat","ctl","Form context prop change","Anonymous","/o","1"
"fap","flat","ctl","Form context prop change","Anonymous","/o/x","1"
"fap","flat","ctl","Form context prop change","Anonymous","/o/y","1"
"fap","flat","ctl","Form context prop change","FormTypeInputBoundary","","1"
"fap","flat","ctl","Form context prop change","FormTypeInputBoundary","/a","1"
"fap","flat","ctl","Form context prop change","FormTypeInputBoundary","/b","1"
"fap","flat","ctl","Form context prop change","FormTypeInputBoundary","/o","1"
"fap","flat","ctl","Form context prop change","FormTypeInputBoundary","/o/x","1"
"fap","flat","ctl","Form context prop change","FormTypeInputBoundary","/o/y","1"
"fap","flat","ctl","Form context prop change","Input","","1"
"fap","flat","ctl","Form context prop change","Input","/a","1"
"fap","flat","ctl","Form context prop change","Input","/b","1"
"fap","flat","ctl","Form context prop change","Input","/o","1"
"fap","flat","ctl","Form context prop change","Input","/o/x","1"
"fap","flat","ctl","Form context prop change","Input","/o/y","1"
"fap","flat","ctl","Form context prop change","FormTypeInputObject","","1"
"fap","flat","ctl","Form context prop change","FormTypeInputObject","/o","1"
"fap","flat","ctl","Form context prop change","CtlInput","/a","1"
"fap","flat","ctl","Form context prop change","CtlInput","/b","1"
"fap","flat","ctl","Form context prop change","CtlInput","/o/x","1"
"fap","flat","ctl","Form context prop change","CtlInput","/o/y","1"
"base","flat","ctl","Form re-render, new inline onChange","Host","(form)","1"
"base","flat","ctl","Form re-render, new inline onChange","fwd:Anonymous","(form)","2"
"base","flat","ctl","Form re-render, new inline onChange","FormErrorContextProvider","(form)","1"
"base","flat","ctl","Form re-render, new inline onChange","class:ErrorBoundary","(form)","1"
"base","flat","ctl","Form re-render, new inline onChange","class:ErrorBoundary","","1"
"base","flat","ctl","Form re-render, new inline onChange","fwd:FormContents","(form)","1"
"base","flat","ctl","Form re-render, new inline onChange","WorkspaceContextProvider","(form)","1"
"base","flat","ctl","Form re-render, new inline onChange","FormTypeInputsContextProvider","(form)","1"
"base","flat","ctl","Form re-render, new inline onChange","FormTypeRendererContextProvider","(form)","1"
"base","flat","ctl","Form re-render, new inline onChange","InputControlContextProvider","(form)","1"
"base","flat","ctl","Form re-render, new inline onChange","VirtualizationContextProvider","(form)","1"
"base","flat","ctl","Form re-render, new inline onChange","RootNodeContextProvider","(form)","1"
"base","flat","ctl","Form re-render, new inline onChange","memo:Anonymous","(form)","1"
"base","flat","ctl","Form re-render, new inline onChange","SchemaNodeProxy","(form)","1"
"base","flat","ctl","Form re-render, new inline onChange","Anonymous","","1"
"base","flat","ctl","Form re-render, new inline onChange","SchemaNodeField","","1"
"fap","flat","ctl","Form re-render, new inline onChange","Host","(form)","1"
"fap","flat","ctl","Form re-render, new inline onChange","fwd:Anonymous","(form)","2"
"fap","flat","ctl","Form re-render, new inline onChange","FormErrorContextProvider","(form)","1"
"fap","flat","ctl","Form re-render, new inline onChange","class:ErrorBoundary","(form)","1"
"fap","flat","ctl","Form re-render, new inline onChange","class:ErrorBoundary","","1"
"fap","flat","ctl","Form re-render, new inline onChange","fwd:FormContents","(form)","1"
"fap","flat","ctl","Form re-render, new inline onChange","WorkspaceContextProvider","(form)","1"
"fap","flat","ctl","Form re-render, new inline onChange","FormTypeInputsContextProvider","(form)","1"
"fap","flat","ctl","Form re-render, new inline onChange","FormTypeRendererContextProvider","(form)","1"
"fap","flat","ctl","Form re-render, new inline onChange","InputControlContextProvider","(form)","1"
"fap","flat","ctl","Form re-render, new inline onChange","VirtualizationContextProvider","(form)","1"
"fap","flat","ctl","Form re-render, new inline onChange","RootNodeContextProvider","(form)","1"
"fap","flat","ctl","Form re-render, new inline onChange","memo:Anonymous","(form)","1"
"fap","flat","ctl","Form re-render, new inline onChange","SchemaNodeProxy","(form)","1"
"fap","flat","ctl","Form re-render, new inline onChange","RendererWithErrorMessage","","1"
"base","flat","ctl","Form readOnly prop true","Host","(form)","1"
"base","flat","ctl","Form readOnly prop true","fwd:Anonymous","(form)","2"
"base","flat","ctl","Form readOnly prop true","FormErrorContextProvider","(form)","1"
"base","flat","ctl","Form readOnly prop true","class:ErrorBoundary","(form)","1"
"base","flat","ctl","Form readOnly prop true","class:ErrorBoundary","","2"
"base","flat","ctl","Form readOnly prop true","class:ErrorBoundary","/a","1"
"base","flat","ctl","Form readOnly prop true","class:ErrorBoundary","/b","1"
"base","flat","ctl","Form readOnly prop true","class:ErrorBoundary","/o","1"
"base","flat","ctl","Form readOnly prop true","class:ErrorBoundary","/o/x","1"
"base","flat","ctl","Form readOnly prop true","class:ErrorBoundary","/o/y","1"
"base","flat","ctl","Form readOnly prop true","fwd:FormContents","(form)","1"
"base","flat","ctl","Form readOnly prop true","WorkspaceContextProvider","(form)","1"
"base","flat","ctl","Form readOnly prop true","FormTypeInputsContextProvider","(form)","1"
"base","flat","ctl","Form readOnly prop true","FormTypeRendererContextProvider","(form)","1"
"base","flat","ctl","Form readOnly prop true","InputControlContextProvider","(form)","1"
"base","flat","ctl","Form readOnly prop true","VirtualizationContextProvider","(form)","1"
"base","flat","ctl","Form readOnly prop true","RootNodeContextProvider","(form)","1"
"base","flat","ctl","Form readOnly prop true","memo:Anonymous","(form)","1"
"base","flat","ctl","Form readOnly prop true","memo:Anonymous","","1"
"base","flat","ctl","Form readOnly prop true","memo:Anonymous","/a","1"
"base","flat","ctl","Form readOnly prop true","memo:Anonymous","/b","1"
"base","flat","ctl","Form readOnly prop true","memo:Anonymous","/o","1"
"base","flat","ctl","Form readOnly prop true","memo:Anonymous","/o/x","1"
"base","flat","ctl","Form readOnly prop true","memo:Anonymous","/o/y","1"
"base","flat","ctl","Form readOnly prop true","SchemaNodeProxy","(form)","1"
"base","flat","ctl","Form readOnly prop true","Anonymous","","2"
"base","flat","ctl","Form readOnly prop true","Anonymous","/a","1"
"base","flat","ctl","Form readOnly prop true","Anonymous","/b","1"
"base","flat","ctl","Form readOnly prop true","Anonymous","/o","1"
"base","flat","ctl","Form readOnly prop true","Anonymous","/o/x","1"
"base","flat","ctl","Form readOnly prop true","Anonymous","/o/y","1"
"base","flat","ctl","Form readOnly prop true","SchemaNodeField","","1"
"base","flat","ctl","Form readOnly prop true","Input","","1"
"base","flat","ctl","Form readOnly prop true","Input","/a","1"
"base","flat","ctl","Form readOnly prop true","Input","/b","1"
"base","flat","ctl","Form readOnly prop true","Input","/o","1"
"base","flat","ctl","Form readOnly prop true","Input","/o/x","1"
"base","flat","ctl","Form readOnly prop true","Input","/o/y","1"
"base","flat","ctl","Form readOnly prop true","FormTypeInputObject","","1"
"base","flat","ctl","Form readOnly prop true","FormTypeInputObject","/o","1"
"base","flat","ctl","Form readOnly prop true","CtlInput","/a","1"
"base","flat","ctl","Form readOnly prop true","CtlInput","/b","1"
"base","flat","ctl","Form readOnly prop true","CtlInput","/o/x","1"
"base","flat","ctl","Form readOnly prop true","CtlInput","/o/y","1"
"fap","flat","ctl","Form readOnly prop true","Host","(form)","1"
"fap","flat","ctl","Form readOnly prop true","fwd:Anonymous","(form)","2"
"fap","flat","ctl","Form readOnly prop true","FormErrorContextProvider","(form)","1"
"fap","flat","ctl","Form readOnly prop true","class:ErrorBoundary","(form)","1"
"fap","flat","ctl","Form readOnly prop true","class:ErrorBoundary","","2"
"fap","flat","ctl","Form readOnly prop true","class:ErrorBoundary","/a","1"
"fap","flat","ctl","Form readOnly prop true","class:ErrorBoundary","/b","1"
"fap","flat","ctl","Form readOnly prop true","class:ErrorBoundary","/o","1"
"fap","flat","ctl","Form readOnly prop true","class:ErrorBoundary","/o/x","1"
"fap","flat","ctl","Form readOnly prop true","class:ErrorBoundary","/o/y","1"
"fap","flat","ctl","Form readOnly prop true","fwd:FormContents","(form)","1"
"fap","flat","ctl","Form readOnly prop true","WorkspaceContextProvider","(form)","1"
"fap","flat","ctl","Form readOnly prop true","FormTypeInputsContextProvider","(form)","1"
"fap","flat","ctl","Form readOnly prop true","FormTypeRendererContextProvider","(form)","1"
"fap","flat","ctl","Form readOnly prop true","InputControlContextProvider","(form)","1"
"fap","flat","ctl","Form readOnly prop true","VirtualizationContextProvider","(form)","1"
"fap","flat","ctl","Form readOnly prop true","RootNodeContextProvider","(form)","1"
"fap","flat","ctl","Form readOnly prop true","memo:Anonymous","(form)","1"
"fap","flat","ctl","Form readOnly prop true","memo:Anonymous","","1"
"fap","flat","ctl","Form readOnly prop true","memo:Anonymous","/a","1"
"fap","flat","ctl","Form readOnly prop true","memo:Anonymous","/b","1"
"fap","flat","ctl","Form readOnly prop true","memo:Anonymous","/o","1"
"fap","flat","ctl","Form readOnly prop true","memo:Anonymous","/o/x","1"
"fap","flat","ctl","Form readOnly prop true","memo:Anonymous","/o/y","1"
"fap","flat","ctl","Form readOnly prop true","SchemaNodeProxy","(form)","1"
"fap","flat","ctl","Form readOnly prop true","RendererWithErrorMessage","","1"
"fap","flat","ctl","Form readOnly prop true","FormTypeInputBoundary","","1"
"fap","flat","ctl","Form readOnly prop true","FormTypeInputBoundary","/a","1"
"fap","flat","ctl","Form readOnly prop true","FormTypeInputBoundary","/b","1"
"fap","flat","ctl","Form readOnly prop true","FormTypeInputBoundary","/o","1"
"fap","flat","ctl","Form readOnly prop true","FormTypeInputBoundary","/o/x","1"
"fap","flat","ctl","Form readOnly prop true","FormTypeInputBoundary","/o/y","1"
"fap","flat","ctl","Form readOnly prop true","Input","","1"
"fap","flat","ctl","Form readOnly prop true","Input","/a","1"
"fap","flat","ctl","Form readOnly prop true","Input","/b","1"
"fap","flat","ctl","Form readOnly prop true","Input","/o","1"
"fap","flat","ctl","Form readOnly prop true","Input","/o/x","1"
"fap","flat","ctl","Form readOnly prop true","Input","/o/y","1"
"fap","flat","ctl","Form readOnly prop true","FormTypeInputObject","","1"
"fap","flat","ctl","Form readOnly prop true","FormTypeInputObject","/o","1"
"fap","flat","ctl","Form readOnly prop true","CtlInput","/a","1"
"fap","flat","ctl","Form readOnly prop true","CtlInput","/b","1"
"fap","flat","ctl","Form readOnly prop true","CtlInput","/o/x","1"
"fap","flat","ctl","Form readOnly prop true","CtlInput","/o/y","1"
"base","flat","ctl","reset()","fwd:FormContents","(form)","1"
"base","flat","ctl","reset()","WorkspaceContextProvider","(form)","1"
"base","flat","ctl","reset()","FormTypeInputsContextProvider","(form)","1"
"base","flat","ctl","reset()","FormTypeRendererContextProvider","(form)","1"
"base","flat","ctl","reset()","InputControlContextProvider","(form)","1"
"base","flat","ctl","reset()","VirtualizationContextProvider","(form)","1"
"base","flat","ctl","reset()","RootNodeContextProvider","(form)","1"
"base","flat","ctl","reset()","memo:Anonymous","(form)","1"
"base","flat","ctl","reset()","memo:Anonymous","","2"
"base","flat","ctl","reset()","memo:Anonymous","/a","2"
"base","flat","ctl","reset()","memo:Anonymous","/b","2"
"base","flat","ctl","reset()","memo:Anonymous","/o","2"
"base","flat","ctl","reset()","memo:Anonymous","/o/x","2"
"base","flat","ctl","reset()","memo:Anonymous","/o/y","2"
"base","flat","ctl","reset()","SchemaNodeProxy","(form)","1"
"base","flat","ctl","reset()","Anonymous","","3"
"base","flat","ctl","reset()","Anonymous","/a","2"
"base","flat","ctl","reset()","Anonymous","/b","2"
"base","flat","ctl","reset()","Anonymous","/o","2"
"base","flat","ctl","reset()","Anonymous","/o/x","2"
"base","flat","ctl","reset()","Anonymous","/o/y","2"
"base","flat","ctl","reset()","class:ErrorBoundary","","3"
"base","flat","ctl","reset()","class:ErrorBoundary","/a","2"
"base","flat","ctl","reset()","class:ErrorBoundary","/b","2"
"base","flat","ctl","reset()","class:ErrorBoundary","/o","2"
"base","flat","ctl","reset()","class:ErrorBoundary","/o/x","2"
"base","flat","ctl","reset()","class:ErrorBoundary","/o/y","2"
"base","flat","ctl","reset()","SchemaNodeField","","1"
"base","flat","ctl","reset()","SchemaNodeField","/a","1"
"base","flat","ctl","reset()","SchemaNodeField","/b","1"
"base","flat","ctl","reset()","SchemaNodeField","/o","1"
"base","flat","ctl","reset()","SchemaNodeField","/o/x","1"
"base","flat","ctl","reset()","SchemaNodeField","/o/y","1"
"base","flat","ctl","reset()","FormGroupRenderer","","1"
"base","flat","ctl","reset()","FormGroupRenderer","/a","1"
"base","flat","ctl","reset()","FormGroupRenderer","/b","1"
"base","flat","ctl","reset()","FormGroupRenderer","/o","1"
"base","flat","ctl","reset()","FormGroupRenderer","/o/x","1"
"base","flat","ctl","reset()","FormGroupRenderer","/o/y","1"
"base","flat","ctl","reset()","Input","","1"
"base","flat","ctl","reset()","Input","/a","1"
"base","flat","ctl","reset()","Input","/b","1"
"base","flat","ctl","reset()","Input","/o","1"
"base","flat","ctl","reset()","Input","/o/x","1"
"base","flat","ctl","reset()","Input","/o/y","1"
"base","flat","ctl","reset()","FormTypeInputObject","","1"
"base","flat","ctl","reset()","FormTypeInputObject","/o","1"
"base","flat","ctl","reset()","CtlInput","/a","1"
"base","flat","ctl","reset()","CtlInput","/b","1"
"base","flat","ctl","reset()","CtlInput","/o/x","1"
"base","flat","ctl","reset()","CtlInput","/o/y","1"
"fap","flat","ctl","reset()","fwd:FormContents","(form)","1"
"fap","flat","ctl","reset()","WorkspaceContextProvider","(form)","1"
"fap","flat","ctl","reset()","FormTypeInputsContextProvider","(form)","1"
"fap","flat","ctl","reset()","FormTypeRendererContextProvider","(form)","1"
"fap","flat","ctl","reset()","InputControlContextProvider","(form)","1"
"fap","flat","ctl","reset()","VirtualizationContextProvider","(form)","1"
"fap","flat","ctl","reset()","RootNodeContextProvider","(form)","1"
"fap","flat","ctl","reset()","memo:Anonymous","(form)","1"
"fap","flat","ctl","reset()","memo:Anonymous","","1"
"fap","flat","ctl","reset()","memo:Anonymous","/a","1"
"fap","flat","ctl","reset()","memo:Anonymous","/b","1"
"fap","flat","ctl","reset()","memo:Anonymous","/o","1"
"fap","flat","ctl","reset()","memo:Anonymous","/o/x","1"
"fap","flat","ctl","reset()","memo:Anonymous","/o/y","1"
"fap","flat","ctl","reset()","SchemaNodeProxy","(form)","1"
"fap","flat","ctl","reset()","SchemaNodeProxy","/a","1"
"fap","flat","ctl","reset()","SchemaNodeProxy","/b","1"
"fap","flat","ctl","reset()","SchemaNodeProxy","/o","1"
"fap","flat","ctl","reset()","SchemaNodeProxy","/o/x","1"
"fap","flat","ctl","reset()","SchemaNodeProxy","/o/y","1"
"fap","flat","ctl","reset()","class:ErrorBoundary","","2"
"fap","flat","ctl","reset()","class:ErrorBoundary","/a","2"
"fap","flat","ctl","reset()","class:ErrorBoundary","/b","2"
"fap","flat","ctl","reset()","class:ErrorBoundary","/o","2"
"fap","flat","ctl","reset()","class:ErrorBoundary","/o/x","2"
"fap","flat","ctl","reset()","class:ErrorBoundary","/o/y","2"
"fap","flat","ctl","reset()","RendererWithErrorMessage","","1"
"fap","flat","ctl","reset()","RendererWithErrorMessage","/a","1"
"fap","flat","ctl","reset()","RendererWithErrorMessage","/b","1"
"fap","flat","ctl","reset()","RendererWithErrorMessage","/o","1"
"fap","flat","ctl","reset()","RendererWithErrorMessage","/o/x","1"
"fap","flat","ctl","reset()","RendererWithErrorMessage","/o/y","1"
"fap","flat","ctl","reset()","memo:FormGroupRenderer","","1"
"fap","flat","ctl","reset()","memo:FormGroupRenderer","/a","1"
"fap","flat","ctl","reset()","memo:FormGroupRenderer","/b","1"
"fap","flat","ctl","reset()","memo:FormGroupRenderer","/o","1"
"fap","flat","ctl","reset()","memo:FormGroupRenderer","/o/x","1"
"fap","flat","ctl","reset()","memo:FormGroupRenderer","/o/y","1"
"fap","flat","ctl","reset()","Anonymous","","1"
"fap","flat","ctl","reset()","Anonymous","/a","1"
"fap","flat","ctl","reset()","Anonymous","/b","1"
"fap","flat","ctl","reset()","Anonymous","/o","1"
"fap","flat","ctl","reset()","Anonymous","/o/x","1"
"fap","flat","ctl","reset()","Anonymous","/o/y","1"
"fap","flat","ctl","reset()","FormTypeInputBoundary","","1"
"fap","flat","ctl","reset()","FormTypeInputBoundary","/a","1"
"fap","flat","ctl","reset()","FormTypeInputBoundary","/b","1"
"fap","flat","ctl","reset()","FormTypeInputBoundary","/o","1"
"fap","flat","ctl","reset()","FormTypeInputBoundary","/o/x","1"
"fap","flat","ctl","reset()","FormTypeInputBoundary","/o/y","1"
"fap","flat","ctl","reset()","Input","","1"
"fap","flat","ctl","reset()","Input","/a","1"
"fap","flat","ctl","reset()","Input","/b","1"
"fap","flat","ctl","reset()","Input","/o","1"
"fap","flat","ctl","reset()","Input","/o/x","1"
"fap","flat","ctl","reset()","Input","/o/y","1"
"fap","flat","ctl","reset()","FormTypeInputObject","","1"
"fap","flat","ctl","reset()","FormTypeInputObject","/o","1"
"fap","flat","ctl","reset()","CtlInput","/a","1"
"fap","flat","ctl","reset()","CtlInput","/b","1"
"fap","flat","ctl","reset()","CtlInput","/o/x","1"
"fap","flat","ctl","reset()","CtlInput","/o/y","1"
"base","flat","unctl","input write /a","SchemaNodeField","","1"
"base","flat","unctl","input write /a","SchemaNodeField","/a","1"
"base","flat","unctl","input write /a","memo:Anonymous","","2"
"base","flat","unctl","input write /a","memo:Anonymous","/a","2"
"base","flat","unctl","input write /a","class:ErrorBoundary","","2"
"base","flat","unctl","input write /a","class:ErrorBoundary","/a","2"
"base","flat","unctl","input write /a","FormGroupRenderer","","1"
"base","flat","unctl","input write /a","FormGroupRenderer","/a","1"
"base","flat","unctl","input write /a","Anonymous","","2"
"base","flat","unctl","input write /a","Anonymous","/a","2"
"base","flat","unctl","input write /a","Input","","1"
"base","flat","unctl","input write /a","Input","/a","1"
"base","flat","unctl","input write /a","FormTypeInputObject","","1"
"base","flat","unctl","input write /a","UnctlInput","/a","1"
"fap","flat","unctl","input write /a","SchemaNodeProxy","(form)","1"
"fap","flat","unctl","input write /a","SchemaNodeProxy","/a","1"
"fap","flat","unctl","input write /a","class:ErrorBoundary","","2"
"fap","flat","unctl","input write /a","class:ErrorBoundary","/a","2"
"fap","flat","unctl","input write /a","RendererWithErrorMessage","","1"
"fap","flat","unctl","input write /a","RendererWithErrorMessage","/a","1"
"fap","flat","unctl","input write /a","memo:FormGroupRenderer","","1"
"fap","flat","unctl","input write /a","memo:FormGroupRenderer","/a","1"
"fap","flat","unctl","input write /a","Anonymous","","1"
"fap","flat","unctl","input write /a","Anonymous","/a","1"
"fap","flat","unctl","input write /a","memo:Anonymous","","1"
"fap","flat","unctl","input write /a","memo:Anonymous","/a","1"
"fap","flat","unctl","input write /a","FormTypeInputBoundary","","1"
"fap","flat","unctl","input write /a","FormTypeInputBoundary","/a","1"
"fap","flat","unctl","input write /a","Input","","1"
"fap","flat","unctl","input write /a","Input","/a","1"
"fap","flat","unctl","input write /a","FormTypeInputObject","","1"
"fap","flat","unctl","input write /a","UnctlInput","/a","1"
"base","flat","unctl","input write /a again","SchemaNodeField","","1"
"base","flat","unctl","input write /a again","SchemaNodeField","/a","1"
"base","flat","unctl","input write /a again","memo:Anonymous","","2"
"base","flat","unctl","input write /a again","memo:Anonymous","/a","2"
"base","flat","unctl","input write /a again","class:ErrorBoundary","","2"
"base","flat","unctl","input write /a again","class:ErrorBoundary","/a","2"
"base","flat","unctl","input write /a again","FormGroupRenderer","","1"
"base","flat","unctl","input write /a again","FormGroupRenderer","/a","1"
"base","flat","unctl","input write /a again","Anonymous","","2"
"base","flat","unctl","input write /a again","Anonymous","/a","2"
"base","flat","unctl","input write /a again","Input","","1"
"base","flat","unctl","input write /a again","Input","/a","1"
"base","flat","unctl","input write /a again","FormTypeInputObject","","1"
"base","flat","unctl","input write /a again","UnctlInput","/a","1"
"fap","flat","unctl","input write /a again","SchemaNodeProxy","(form)","1"
"fap","flat","unctl","input write /a again","SchemaNodeProxy","/a","1"
"fap","flat","unctl","input write /a again","class:ErrorBoundary","","2"
"fap","flat","unctl","input write /a again","class:ErrorBoundary","/a","2"
"fap","flat","unctl","input write /a again","RendererWithErrorMessage","","1"
"fap","flat","unctl","input write /a again","RendererWithErrorMessage","/a","1"
"fap","flat","unctl","input write /a again","memo:FormGroupRenderer","","1"
"fap","flat","unctl","input write /a again","memo:FormGroupRenderer","/a","1"
"fap","flat","unctl","input write /a again","Anonymous","","1"
"fap","flat","unctl","input write /a again","Anonymous","/a","1"
"fap","flat","unctl","input write /a again","memo:Anonymous","","1"
"fap","flat","unctl","input write /a again","memo:Anonymous","/a","1"
"fap","flat","unctl","input write /a again","FormTypeInputBoundary","","1"
"fap","flat","unctl","input write /a again","FormTypeInputBoundary","/a","1"
"fap","flat","unctl","input write /a again","Input","","1"
"fap","flat","unctl","input write /a again","Input","/a","1"
"fap","flat","unctl","input write /a again","FormTypeInputObject","","1"
"fap","flat","unctl","input write /a again","UnctlInput","/a","1"
"base","flat","unctl","sibling setValue /b","SchemaNodeField","","1"
"base","flat","unctl","sibling setValue /b","SchemaNodeField","/b","1"
"base","flat","unctl","sibling setValue /b","memo:Anonymous","","2"
"base","flat","unctl","sibling setValue /b","memo:Anonymous","/b","2"
"base","flat","unctl","sibling setValue /b","class:ErrorBoundary","","2"
"base","flat","unctl","sibling setValue /b","class:ErrorBoundary","/b","2"
"base","flat","unctl","sibling setValue /b","FormGroupRenderer","","1"
"base","flat","unctl","sibling setValue /b","FormGroupRenderer","/b","1"
"base","flat","unctl","sibling setValue /b","Anonymous","","2"
"base","flat","unctl","sibling setValue /b","Anonymous","/b","2"
"base","flat","unctl","sibling setValue /b","Input","","1"
"base","flat","unctl","sibling setValue /b","Input","/b","1"
"base","flat","unctl","sibling setValue /b","FormTypeInputObject","","1"
"base","flat","unctl","sibling setValue /b","UnctlInput","/b","1"
"fap","flat","unctl","sibling setValue /b","SchemaNodeProxy","(form)","1"
"fap","flat","unctl","sibling setValue /b","SchemaNodeProxy","/b","1"
"fap","flat","unctl","sibling setValue /b","class:ErrorBoundary","","2"
"fap","flat","unctl","sibling setValue /b","class:ErrorBoundary","/b","2"
"fap","flat","unctl","sibling setValue /b","RendererWithErrorMessage","","1"
"fap","flat","unctl","sibling setValue /b","RendererWithErrorMessage","/b","1"
"fap","flat","unctl","sibling setValue /b","memo:FormGroupRenderer","","1"
"fap","flat","unctl","sibling setValue /b","memo:FormGroupRenderer","/b","1"
"fap","flat","unctl","sibling setValue /b","Anonymous","","1"
"fap","flat","unctl","sibling setValue /b","Anonymous","/b","1"
"fap","flat","unctl","sibling setValue /b","memo:Anonymous","","1"
"fap","flat","unctl","sibling setValue /b","memo:Anonymous","/b","1"
"fap","flat","unctl","sibling setValue /b","FormTypeInputBoundary","","1"
"fap","flat","unctl","sibling setValue /b","FormTypeInputBoundary","/b","1"
"fap","flat","unctl","sibling setValue /b","Input","","1"
"fap","flat","unctl","sibling setValue /b","Input","/b","1"
"fap","flat","unctl","sibling setValue /b","FormTypeInputObject","","1"
"fap","flat","unctl","sibling setValue /b","UnctlInput","/b","1"
"base","flat","unctl","parent setValue /o (x only)","SchemaNodeField","","1"
"base","flat","unctl","parent setValue /o (x only)","SchemaNodeField","/o","1"
"base","flat","unctl","parent setValue /o (x only)","SchemaNodeField","/o/x","1"
"base","flat","unctl","parent setValue /o (x only)","memo:Anonymous","","2"
"base","flat","unctl","parent setValue /o (x only)","memo:Anonymous","/o","2"
"base","flat","unctl","parent setValue /o (x only)","memo:Anonymous","/o/x","2"
"base","flat","unctl","parent setValue /o (x only)","class:ErrorBoundary","","2"
"base","flat","unctl","parent setValue /o (x only)","class:ErrorBoundary","/o","2"
"base","flat","unctl","parent setValue /o (x only)","class:ErrorBoundary","/o/x","2"
"base","flat","unctl","parent setValue /o (x only)","FormGroupRenderer","","1"
"base","flat","unctl","parent setValue /o (x only)","FormGroupRenderer","/o","1"
"base","flat","unctl","parent setValue /o (x only)","FormGroupRenderer","/o/x","1"
"base","flat","unctl","parent setValue /o (x only)","Anonymous","","2"
"base","flat","unctl","parent setValue /o (x only)","Anonymous","/o","2"
"base","flat","unctl","parent setValue /o (x only)","Anonymous","/o/x","2"
"base","flat","unctl","parent setValue /o (x only)","Input","","1"
"base","flat","unctl","parent setValue /o (x only)","Input","/o","1"
"base","flat","unctl","parent setValue /o (x only)","Input","/o/x","1"
"base","flat","unctl","parent setValue /o (x only)","FormTypeInputObject","","1"
"base","flat","unctl","parent setValue /o (x only)","FormTypeInputObject","/o","1"
"base","flat","unctl","parent setValue /o (x only)","UnctlInput","/o/x","1"
"fap","flat","unctl","parent setValue /o (x only)","SchemaNodeProxy","(form)","1"
"fap","flat","unctl","parent setValue /o (x only)","SchemaNodeProxy","/o","1"
"fap","flat","unctl","parent setValue /o (x only)","SchemaNodeProxy","/o/x","1"
"fap","flat","unctl","parent setValue /o (x only)","class:ErrorBoundary","","2"
"fap","flat","unctl","parent setValue /o (x only)","class:ErrorBoundary","/o","2"
"fap","flat","unctl","parent setValue /o (x only)","class:ErrorBoundary","/o/x","2"
"fap","flat","unctl","parent setValue /o (x only)","RendererWithErrorMessage","","1"
"fap","flat","unctl","parent setValue /o (x only)","RendererWithErrorMessage","/o","1"
"fap","flat","unctl","parent setValue /o (x only)","RendererWithErrorMessage","/o/x","1"
"fap","flat","unctl","parent setValue /o (x only)","memo:FormGroupRenderer","","1"
"fap","flat","unctl","parent setValue /o (x only)","memo:FormGroupRenderer","/o","1"
"fap","flat","unctl","parent setValue /o (x only)","memo:FormGroupRenderer","/o/x","1"
"fap","flat","unctl","parent setValue /o (x only)","Anonymous","","1"
"fap","flat","unctl","parent setValue /o (x only)","Anonymous","/o","1"
"fap","flat","unctl","parent setValue /o (x only)","Anonymous","/o/x","1"
"fap","flat","unctl","parent setValue /o (x only)","memo:Anonymous","","1"
"fap","flat","unctl","parent setValue /o (x only)","memo:Anonymous","/o","1"
"fap","flat","unctl","parent setValue /o (x only)","memo:Anonymous","/o/x","1"
"fap","flat","unctl","parent setValue /o (x only)","FormTypeInputBoundary","","1"
"fap","flat","unctl","parent setValue /o (x only)","FormTypeInputBoundary","/o","1"
"fap","flat","unctl","parent setValue /o (x only)","FormTypeInputBoundary","/o/x","1"
"fap","flat","unctl","parent setValue /o (x only)","Input","","1"
"fap","flat","unctl","parent setValue /o (x only)","Input","/o","1"
"fap","flat","unctl","parent setValue /o (x only)","Input","/o/x","1"
"fap","flat","unctl","parent setValue /o (x only)","FormTypeInputObject","","1"
"fap","flat","unctl","parent setValue /o (x only)","FormTypeInputObject","/o","1"
"fap","flat","unctl","parent setValue /o (x only)","UnctlInput","/o/x","1"
"base","flat","unctl","whole setValue (a only)","SchemaNodeField","","1"
"base","flat","unctl","whole setValue (a only)","SchemaNodeField","/a","1"
"base","flat","unctl","whole setValue (a only)","memo:Anonymous","","2"
"base","flat","unctl","whole setValue (a only)","memo:Anonymous","/a","2"
"base","flat","unctl","whole setValue (a only)","class:ErrorBoundary","","2"
"base","flat","unctl","whole setValue (a only)","class:ErrorBoundary","/a","2"
"base","flat","unctl","whole setValue (a only)","FormGroupRenderer","","1"
"base","flat","unctl","whole setValue (a only)","FormGroupRenderer","/a","1"
"base","flat","unctl","whole setValue (a only)","Anonymous","","2"
"base","flat","unctl","whole setValue (a only)","Anonymous","/a","2"
"base","flat","unctl","whole setValue (a only)","Input","","1"
"base","flat","unctl","whole setValue (a only)","Input","/a","1"
"base","flat","unctl","whole setValue (a only)","FormTypeInputObject","","1"
"base","flat","unctl","whole setValue (a only)","UnctlInput","/a","1"
"fap","flat","unctl","whole setValue (a only)","SchemaNodeProxy","(form)","1"
"fap","flat","unctl","whole setValue (a only)","SchemaNodeProxy","/a","1"
"fap","flat","unctl","whole setValue (a only)","class:ErrorBoundary","","2"
"fap","flat","unctl","whole setValue (a only)","class:ErrorBoundary","/a","2"
"fap","flat","unctl","whole setValue (a only)","RendererWithErrorMessage","","1"
"fap","flat","unctl","whole setValue (a only)","RendererWithErrorMessage","/a","1"
"fap","flat","unctl","whole setValue (a only)","memo:FormGroupRenderer","","1"
"fap","flat","unctl","whole setValue (a only)","memo:FormGroupRenderer","/a","1"
"fap","flat","unctl","whole setValue (a only)","Anonymous","","1"
"fap","flat","unctl","whole setValue (a only)","Anonymous","/a","1"
"fap","flat","unctl","whole setValue (a only)","memo:Anonymous","","1"
"fap","flat","unctl","whole setValue (a only)","memo:Anonymous","/a","1"
"fap","flat","unctl","whole setValue (a only)","FormTypeInputBoundary","","1"
"fap","flat","unctl","whole setValue (a only)","FormTypeInputBoundary","/a","1"
"fap","flat","unctl","whole setValue (a only)","Input","","1"
"fap","flat","unctl","whole setValue (a only)","Input","/a","1"
"fap","flat","unctl","whole setValue (a only)","FormTypeInputObject","","1"
"fap","flat","unctl","whole setValue (a only)","UnctlInput","/a","1"
"base","flat","unctl","refresh /a","memo:Anonymous","/a","1"
"base","flat","unctl","refresh /a","Anonymous","/a","1"
"base","flat","unctl","refresh /a","class:ErrorBoundary","/a","1"
"base","flat","unctl","refresh /a","Input","/a","1"
"base","flat","unctl","refresh /a","UnctlInput","/a","1"
"fap","flat","unctl","refresh /a","memo:Anonymous","/a","1"
"fap","flat","unctl","refresh /a","FormTypeInputBoundary","/a","1"
"fap","flat","unctl","refresh /a","class:ErrorBoundary","/a","1"
"fap","flat","unctl","refresh /a","Input","/a","1"
"fap","flat","unctl","refresh /a","UnctlInput","/a","1"
"base","flat","unctl","showError(true)","fwd:FormContents","(form)","1"
"base","flat","unctl","showError(true)","WorkspaceContextProvider","(form)","1"
"base","flat","unctl","showError(true)","FormTypeInputsContextProvider","(form)","1"
"base","flat","unctl","showError(true)","FormTypeRendererContextProvider","(form)","1"
"base","flat","unctl","showError(true)","InputControlContextProvider","(form)","1"
"base","flat","unctl","showError(true)","VirtualizationContextProvider","(form)","1"
"base","flat","unctl","showError(true)","RootNodeContextProvider","(form)","1"
"base","flat","unctl","showError(true)","memo:Anonymous","(form)","1"
"base","flat","unctl","showError(true)","memo:Anonymous","","2"
"base","flat","unctl","showError(true)","memo:Anonymous","/a","2"
"base","flat","unctl","showError(true)","memo:Anonymous","/b","2"
"base","flat","unctl","showError(true)","memo:Anonymous","/o","2"
"base","flat","unctl","showError(true)","memo:Anonymous","/o/x","2"
"base","flat","unctl","showError(true)","memo:Anonymous","/o/y","2"
"base","flat","unctl","showError(true)","SchemaNodeProxy","(form)","1"
"base","flat","unctl","showError(true)","Anonymous","","3"
"base","flat","unctl","showError(true)","Anonymous","/a","2"
"base","flat","unctl","showError(true)","Anonymous","/b","2"
"base","flat","unctl","showError(true)","Anonymous","/o","2"
"base","flat","unctl","showError(true)","Anonymous","/o/x","2"
"base","flat","unctl","showError(true)","Anonymous","/o/y","2"
"base","flat","unctl","showError(true)","class:ErrorBoundary","","3"
"base","flat","unctl","showError(true)","class:ErrorBoundary","/a","2"
"base","flat","unctl","showError(true)","class:ErrorBoundary","/b","2"
"base","flat","unctl","showError(true)","class:ErrorBoundary","/o","2"
"base","flat","unctl","showError(true)","class:ErrorBoundary","/o/x","2"
"base","flat","unctl","showError(true)","class:ErrorBoundary","/o/y","2"
"base","flat","unctl","showError(true)","SchemaNodeField","","1"
"base","flat","unctl","showError(true)","SchemaNodeField","/a","1"
"base","flat","unctl","showError(true)","SchemaNodeField","/b","1"
"base","flat","unctl","showError(true)","SchemaNodeField","/o","1"
"base","flat","unctl","showError(true)","SchemaNodeField","/o/x","1"
"base","flat","unctl","showError(true)","SchemaNodeField","/o/y","1"
"base","flat","unctl","showError(true)","FormGroupRenderer","","1"
"base","flat","unctl","showError(true)","FormGroupRenderer","/a","1"
"base","flat","unctl","showError(true)","FormGroupRenderer","/b","1"
"base","flat","unctl","showError(true)","FormGroupRenderer","/o","1"
"base","flat","unctl","showError(true)","FormGroupRenderer","/o/x","1"
"base","flat","unctl","showError(true)","FormGroupRenderer","/o/y","1"
"base","flat","unctl","showError(true)","Input","","1"
"base","flat","unctl","showError(true)","Input","/a","1"
"base","flat","unctl","showError(true)","Input","/b","1"
"base","flat","unctl","showError(true)","Input","/o","1"
"base","flat","unctl","showError(true)","Input","/o/x","1"
"base","flat","unctl","showError(true)","Input","/o/y","1"
"base","flat","unctl","showError(true)","FormTypeInputObject","","1"
"base","flat","unctl","showError(true)","FormTypeInputObject","/o","1"
"base","flat","unctl","showError(true)","UnctlInput","/a","1"
"base","flat","unctl","showError(true)","UnctlInput","/b","1"
"base","flat","unctl","showError(true)","UnctlInput","/o/x","1"
"base","flat","unctl","showError(true)","UnctlInput","/o/y","1"
"fap","flat","unctl","showError(true)","fwd:FormContents","(form)","1"
"fap","flat","unctl","showError(true)","WorkspaceContextProvider","(form)","1"
"fap","flat","unctl","showError(true)","FormTypeInputsContextProvider","(form)","1"
"fap","flat","unctl","showError(true)","FormTypeRendererContextProvider","(form)","1"
"fap","flat","unctl","showError(true)","InputControlContextProvider","(form)","1"
"fap","flat","unctl","showError(true)","VirtualizationContextProvider","(form)","1"
"fap","flat","unctl","showError(true)","RootNodeContextProvider","(form)","1"
"fap","flat","unctl","showError(true)","memo:Anonymous","(form)","1"
"fap","flat","unctl","showError(true)","memo:Anonymous","","1"
"fap","flat","unctl","showError(true)","memo:Anonymous","/a","1"
"fap","flat","unctl","showError(true)","memo:Anonymous","/b","1"
"fap","flat","unctl","showError(true)","memo:Anonymous","/o","1"
"fap","flat","unctl","showError(true)","memo:Anonymous","/o/x","1"
"fap","flat","unctl","showError(true)","memo:Anonymous","/o/y","1"
"fap","flat","unctl","showError(true)","SchemaNodeProxy","(form)","1"
"fap","flat","unctl","showError(true)","SchemaNodeProxy","/a","1"
"fap","flat","unctl","showError(true)","SchemaNodeProxy","/b","1"
"fap","flat","unctl","showError(true)","SchemaNodeProxy","/o","1"
"fap","flat","unctl","showError(true)","SchemaNodeProxy","/o/x","1"
"fap","flat","unctl","showError(true)","SchemaNodeProxy","/o/y","1"
"fap","flat","unctl","showError(true)","class:ErrorBoundary","","2"
"fap","flat","unctl","showError(true)","class:ErrorBoundary","/a","2"
"fap","flat","unctl","showError(true)","class:ErrorBoundary","/b","2"
"fap","flat","unctl","showError(true)","class:ErrorBoundary","/o","2"
"fap","flat","unctl","showError(true)","class:ErrorBoundary","/o/x","2"
"fap","flat","unctl","showError(true)","class:ErrorBoundary","/o/y","2"
"fap","flat","unctl","showError(true)","RendererWithErrorMessage","","1"
"fap","flat","unctl","showError(true)","RendererWithErrorMessage","/a","1"
"fap","flat","unctl","showError(true)","RendererWithErrorMessage","/b","1"
"fap","flat","unctl","showError(true)","RendererWithErrorMessage","/o","1"
"fap","flat","unctl","showError(true)","RendererWithErrorMessage","/o/x","1"
"fap","flat","unctl","showError(true)","RendererWithErrorMessage","/o/y","1"
"fap","flat","unctl","showError(true)","memo:FormGroupRenderer","","1"
"fap","flat","unctl","showError(true)","memo:FormGroupRenderer","/a","1"
"fap","flat","unctl","showError(true)","memo:FormGroupRenderer","/b","1"
"fap","flat","unctl","showError(true)","memo:FormGroupRenderer","/o","1"
"fap","flat","unctl","showError(true)","memo:FormGroupRenderer","/o/x","1"
"fap","flat","unctl","showError(true)","memo:FormGroupRenderer","/o/y","1"
"fap","flat","unctl","showError(true)","Anonymous","","1"
"fap","flat","unctl","showError(true)","Anonymous","/a","1"
"fap","flat","unctl","showError(true)","Anonymous","/b","1"
"fap","flat","unctl","showError(true)","Anonymous","/o","1"
"fap","flat","unctl","showError(true)","Anonymous","/o/x","1"
"fap","flat","unctl","showError(true)","Anonymous","/o/y","1"
"fap","flat","unctl","showError(true)","FormTypeInputBoundary","","1"
"fap","flat","unctl","showError(true)","FormTypeInputBoundary","/a","1"
"fap","flat","unctl","showError(true)","FormTypeInputBoundary","/b","1"
"fap","flat","unctl","showError(true)","FormTypeInputBoundary","/o","1"
"fap","flat","unctl","showError(true)","FormTypeInputBoundary","/o/x","1"
"fap","flat","unctl","showError(true)","FormTypeInputBoundary","/o/y","1"
"fap","flat","unctl","showError(true)","Input","","1"
"fap","flat","unctl","showError(true)","Input","/a","1"
"fap","flat","unctl","showError(true)","Input","/b","1"
"fap","flat","unctl","showError(true)","Input","/o","1"
"fap","flat","unctl","showError(true)","Input","/o/x","1"
"fap","flat","unctl","showError(true)","Input","/o/y","1"
"fap","flat","unctl","showError(true)","FormTypeInputObject","","1"
"fap","flat","unctl","showError(true)","FormTypeInputObject","/o","1"
"fap","flat","unctl","showError(true)","UnctlInput","/a","1"
"fap","flat","unctl","showError(true)","UnctlInput","/b","1"
"fap","flat","unctl","showError(true)","UnctlInput","/o/x","1"
"fap","flat","unctl","showError(true)","UnctlInput","/o/y","1"
"base","flat","unctl","Form context prop change","Host","(form)","1"
"base","flat","unctl","Form context prop change","fwd:Anonymous","(form)","2"
"base","flat","unctl","Form context prop change","FormErrorContextProvider","(form)","1"
"base","flat","unctl","Form context prop change","class:ErrorBoundary","(form)","1"
"base","flat","unctl","Form context prop change","class:ErrorBoundary","","3"
"base","flat","unctl","Form context prop change","class:ErrorBoundary","/a","2"
"base","flat","unctl","Form context prop change","class:ErrorBoundary","/b","2"
"base","flat","unctl","Form context prop change","class:ErrorBoundary","/o","2"
"base","flat","unctl","Form context prop change","class:ErrorBoundary","/o/x","2"
"base","flat","unctl","Form context prop change","class:ErrorBoundary","/o/y","2"
"base","flat","unctl","Form context prop change","fwd:FormContents","(form)","1"
"base","flat","unctl","Form context prop change","WorkspaceContextProvider","(form)","1"
"base","flat","unctl","Form context prop change","FormTypeInputsContextProvider","(form)","1"
"base","flat","unctl","Form context prop change","FormTypeRendererContextProvider","(form)","1"
"base","flat","unctl","Form context prop change","InputControlContextProvider","(form)","1"
"base","flat","unctl","Form context prop change","VirtualizationContextProvider","(form)","1"
"base","flat","unctl","Form context prop change","RootNodeContextProvider","(form)","1"
"base","flat","unctl","Form context prop change","memo:Anonymous","(form)","1"
"base","flat","unctl","Form context prop change","memo:Anonymous","","2"
"base","flat","unctl","Form context prop change","memo:Anonymous","/a","2"
"base","flat","unctl","Form context prop change","memo:Anonymous","/b","2"
"base","flat","unctl","Form context prop change","memo:Anonymous","/o","2"
"base","flat","unctl","Form context prop change","memo:Anonymous","/o/x","2"
"base","flat","unctl","Form context prop change","memo:Anonymous","/o/y","2"
"base","flat","unctl","Form context prop change","SchemaNodeProxy","(form)","1"
"base","flat","unctl","Form context prop change","Anonymous","","3"
"base","flat","unctl","Form context prop change","Anonymous","/a","2"
"base","flat","unctl","Form context prop change","Anonymous","/b","2"
"base","flat","unctl","Form context prop change","Anonymous","/o","2"
"base","flat","unctl","Form context prop change","Anonymous","/o/x","2"
"base","flat","unctl","Form context prop change","Anonymous","/o/y","2"
"base","flat","unctl","Form context prop change","SchemaNodeField","","1"
"base","flat","unctl","Form context prop change","SchemaNodeField","/a","1"
"base","flat","unctl","Form context prop change","SchemaNodeField","/b","1"
"base","flat","unctl","Form context prop change","SchemaNodeField","/o","1"
"base","flat","unctl","Form context prop change","SchemaNodeField","/o/x","1"
"base","flat","unctl","Form context prop change","SchemaNodeField","/o/y","1"
"base","flat","unctl","Form context prop change","FormGroupRenderer","","1"
"base","flat","unctl","Form context prop change","FormGroupRenderer","/a","1"
"base","flat","unctl","Form context prop change","FormGroupRenderer","/b","1"
"base","flat","unctl","Form context prop change","FormGroupRenderer","/o","1"
"base","flat","unctl","Form context prop change","FormGroupRenderer","/o/x","1"
"base","flat","unctl","Form context prop change","FormGroupRenderer","/o/y","1"
"base","flat","unctl","Form context prop change","Input","","1"
"base","flat","unctl","Form context prop change","Input","/a","1"
"base","flat","unctl","Form context prop change","Input","/b","1"
"base","flat","unctl","Form context prop change","Input","/o","1"
"base","flat","unctl","Form context prop change","Input","/o/x","1"
"base","flat","unctl","Form context prop change","Input","/o/y","1"
"base","flat","unctl","Form context prop change","FormTypeInputObject","","1"
"base","flat","unctl","Form context prop change","FormTypeInputObject","/o","1"
"base","flat","unctl","Form context prop change","UnctlInput","/a","1"
"base","flat","unctl","Form context prop change","UnctlInput","/b","1"
"base","flat","unctl","Form context prop change","UnctlInput","/o/x","1"
"base","flat","unctl","Form context prop change","UnctlInput","/o/y","1"
"fap","flat","unctl","Form context prop change","Host","(form)","1"
"fap","flat","unctl","Form context prop change","fwd:Anonymous","(form)","2"
"fap","flat","unctl","Form context prop change","FormErrorContextProvider","(form)","1"
"fap","flat","unctl","Form context prop change","class:ErrorBoundary","(form)","1"
"fap","flat","unctl","Form context prop change","class:ErrorBoundary","","2"
"fap","flat","unctl","Form context prop change","class:ErrorBoundary","/a","2"
"fap","flat","unctl","Form context prop change","class:ErrorBoundary","/b","2"
"fap","flat","unctl","Form context prop change","class:ErrorBoundary","/o","2"
"fap","flat","unctl","Form context prop change","class:ErrorBoundary","/o/x","2"
"fap","flat","unctl","Form context prop change","class:ErrorBoundary","/o/y","2"
"fap","flat","unctl","Form context prop change","fwd:FormContents","(form)","1"
"fap","flat","unctl","Form context prop change","WorkspaceContextProvider","(form)","1"
"fap","flat","unctl","Form context prop change","FormTypeInputsContextProvider","(form)","1"
"fap","flat","unctl","Form context prop change","FormTypeRendererContextProvider","(form)","1"
"fap","flat","unctl","Form context prop change","InputControlContextProvider","(form)","1"
"fap","flat","unctl","Form context prop change","VirtualizationContextProvider","(form)","1"
"fap","flat","unctl","Form context prop change","RootNodeContextProvider","(form)","1"
"fap","flat","unctl","Form context prop change","memo:Anonymous","(form)","1"
"fap","flat","unctl","Form context prop change","memo:Anonymous","","1"
"fap","flat","unctl","Form context prop change","memo:Anonymous","/a","1"
"fap","flat","unctl","Form context prop change","memo:Anonymous","/b","1"
"fap","flat","unctl","Form context prop change","memo:Anonymous","/o","1"
"fap","flat","unctl","Form context prop change","memo:Anonymous","/o/x","1"
"fap","flat","unctl","Form context prop change","memo:Anonymous","/o/y","1"
"fap","flat","unctl","Form context prop change","SchemaNodeProxy","(form)","1"
"fap","flat","unctl","Form context prop change","SchemaNodeProxy","/a","1"
"fap","flat","unctl","Form context prop change","SchemaNodeProxy","/b","1"
"fap","flat","unctl","Form context prop change","SchemaNodeProxy","/o","1"
"fap","flat","unctl","Form context prop change","SchemaNodeProxy","/o/x","1"
"fap","flat","unctl","Form context prop change","SchemaNodeProxy","/o/y","1"
"fap","flat","unctl","Form context prop change","RendererWithErrorMessage","","1"
"fap","flat","unctl","Form context prop change","RendererWithErrorMessage","/a","1"
"fap","flat","unctl","Form context prop change","RendererWithErrorMessage","/b","1"
"fap","flat","unctl","Form context prop change","RendererWithErrorMessage","/o","1"
"fap","flat","unctl","Form context prop change","RendererWithErrorMessage","/o/x","1"
"fap","flat","unctl","Form context prop change","RendererWithErrorMessage","/o/y","1"
"fap","flat","unctl","Form context prop change","memo:FormGroupRenderer","","1"
"fap","flat","unctl","Form context prop change","memo:FormGroupRenderer","/a","1"
"fap","flat","unctl","Form context prop change","memo:FormGroupRenderer","/b","1"
"fap","flat","unctl","Form context prop change","memo:FormGroupRenderer","/o","1"
"fap","flat","unctl","Form context prop change","memo:FormGroupRenderer","/o/x","1"
"fap","flat","unctl","Form context prop change","memo:FormGroupRenderer","/o/y","1"
"fap","flat","unctl","Form context prop change","Anonymous","","1"
"fap","flat","unctl","Form context prop change","Anonymous","/a","1"
"fap","flat","unctl","Form context prop change","Anonymous","/b","1"
"fap","flat","unctl","Form context prop change","Anonymous","/o","1"
"fap","flat","unctl","Form context prop change","Anonymous","/o/x","1"
"fap","flat","unctl","Form context prop change","Anonymous","/o/y","1"
"fap","flat","unctl","Form context prop change","FormTypeInputBoundary","","1"
"fap","flat","unctl","Form context prop change","FormTypeInputBoundary","/a","1"
"fap","flat","unctl","Form context prop change","FormTypeInputBoundary","/b","1"
"fap","flat","unctl","Form context prop change","FormTypeInputBoundary","/o","1"
"fap","flat","unctl","Form context prop change","FormTypeInputBoundary","/o/x","1"
"fap","flat","unctl","Form context prop change","FormTypeInputBoundary","/o/y","1"
"fap","flat","unctl","Form context prop change","Input","","1"
"fap","flat","unctl","Form context prop change","Input","/a","1"
"fap","flat","unctl","Form context prop change","Input","/b","1"
"fap","flat","unctl","Form context prop change","Input","/o","1"
"fap","flat","unctl","Form context prop change","Input","/o/x","1"
"fap","flat","unctl","Form context prop change","Input","/o/y","1"
"fap","flat","unctl","Form context prop change","FormTypeInputObject","","1"
"fap","flat","unctl","Form context prop change","FormTypeInputObject","/o","1"
"fap","flat","unctl","Form context prop change","UnctlInput","/a","1"
"fap","flat","unctl","Form context prop change","UnctlInput","/b","1"
"fap","flat","unctl","Form context prop change","UnctlInput","/o/x","1"
"fap","flat","unctl","Form context prop change","UnctlInput","/o/y","1"
"base","flat","unctl","Form re-render, new inline onChange","Host","(form)","1"
"base","flat","unctl","Form re-render, new inline onChange","fwd:Anonymous","(form)","2"
"base","flat","unctl","Form re-render, new inline onChange","FormErrorContextProvider","(form)","1"
"base","flat","unctl","Form re-render, new inline onChange","class:ErrorBoundary","(form)","1"
"base","flat","unctl","Form re-render, new inline onChange","class:ErrorBoundary","","1"
"base","flat","unctl","Form re-render, new inline onChange","fwd:FormContents","(form)","1"
"base","flat","unctl","Form re-render, new inline onChange","WorkspaceContextProvider","(form)","1"
"base","flat","unctl","Form re-render, new inline onChange","FormTypeInputsContextProvider","(form)","1"
"base","flat","unctl","Form re-render, new inline onChange","FormTypeRendererContextProvider","(form)","1"
"base","flat","unctl","Form re-render, new inline onChange","InputControlContextProvider","(form)","1"
"base","flat","unctl","Form re-render, new inline onChange","VirtualizationContextProvider","(form)","1"
"base","flat","unctl","Form re-render, new inline onChange","RootNodeContextProvider","(form)","1"
"base","flat","unctl","Form re-render, new inline onChange","memo:Anonymous","(form)","1"
"base","flat","unctl","Form re-render, new inline onChange","SchemaNodeProxy","(form)","1"
"base","flat","unctl","Form re-render, new inline onChange","Anonymous","","1"
"base","flat","unctl","Form re-render, new inline onChange","SchemaNodeField","","1"
"fap","flat","unctl","Form re-render, new inline onChange","Host","(form)","1"
"fap","flat","unctl","Form re-render, new inline onChange","fwd:Anonymous","(form)","2"
"fap","flat","unctl","Form re-render, new inline onChange","FormErrorContextProvider","(form)","1"
"fap","flat","unctl","Form re-render, new inline onChange","class:ErrorBoundary","(form)","1"
"fap","flat","unctl","Form re-render, new inline onChange","class:ErrorBoundary","","1"
"fap","flat","unctl","Form re-render, new inline onChange","fwd:FormContents","(form)","1"
"fap","flat","unctl","Form re-render, new inline onChange","WorkspaceContextProvider","(form)","1"
"fap","flat","unctl","Form re-render, new inline onChange","FormTypeInputsContextProvider","(form)","1"
"fap","flat","unctl","Form re-render, new inline onChange","FormTypeRendererContextProvider","(form)","1"
"fap","flat","unctl","Form re-render, new inline onChange","InputControlContextProvider","(form)","1"
"fap","flat","unctl","Form re-render, new inline onChange","VirtualizationContextProvider","(form)","1"
"fap","flat","unctl","Form re-render, new inline onChange","RootNodeContextProvider","(form)","1"
"fap","flat","unctl","Form re-render, new inline onChange","memo:Anonymous","(form)","1"
"fap","flat","unctl","Form re-render, new inline onChange","SchemaNodeProxy","(form)","1"
"fap","flat","unctl","Form re-render, new inline onChange","RendererWithErrorMessage","","1"
"base","flat","unctl","Form readOnly prop true","Host","(form)","1"
"base","flat","unctl","Form readOnly prop true","fwd:Anonymous","(form)","2"
"base","flat","unctl","Form readOnly prop true","FormErrorContextProvider","(form)","1"
"base","flat","unctl","Form readOnly prop true","class:ErrorBoundary","(form)","1"
"base","flat","unctl","Form readOnly prop true","class:ErrorBoundary","","2"
"base","flat","unctl","Form readOnly prop true","class:ErrorBoundary","/a","1"
"base","flat","unctl","Form readOnly prop true","class:ErrorBoundary","/b","1"
"base","flat","unctl","Form readOnly prop true","class:ErrorBoundary","/o","1"
"base","flat","unctl","Form readOnly prop true","class:ErrorBoundary","/o/x","1"
"base","flat","unctl","Form readOnly prop true","class:ErrorBoundary","/o/y","1"
"base","flat","unctl","Form readOnly prop true","fwd:FormContents","(form)","1"
"base","flat","unctl","Form readOnly prop true","WorkspaceContextProvider","(form)","1"
"base","flat","unctl","Form readOnly prop true","FormTypeInputsContextProvider","(form)","1"
"base","flat","unctl","Form readOnly prop true","FormTypeRendererContextProvider","(form)","1"
"base","flat","unctl","Form readOnly prop true","InputControlContextProvider","(form)","1"
"base","flat","unctl","Form readOnly prop true","VirtualizationContextProvider","(form)","1"
"base","flat","unctl","Form readOnly prop true","RootNodeContextProvider","(form)","1"
"base","flat","unctl","Form readOnly prop true","memo:Anonymous","(form)","1"
"base","flat","unctl","Form readOnly prop true","memo:Anonymous","","1"
"base","flat","unctl","Form readOnly prop true","memo:Anonymous","/a","1"
"base","flat","unctl","Form readOnly prop true","memo:Anonymous","/b","1"
"base","flat","unctl","Form readOnly prop true","memo:Anonymous","/o","1"
"base","flat","unctl","Form readOnly prop true","memo:Anonymous","/o/x","1"
"base","flat","unctl","Form readOnly prop true","memo:Anonymous","/o/y","1"
"base","flat","unctl","Form readOnly prop true","SchemaNodeProxy","(form)","1"
"base","flat","unctl","Form readOnly prop true","Anonymous","","2"
"base","flat","unctl","Form readOnly prop true","Anonymous","/a","1"
"base","flat","unctl","Form readOnly prop true","Anonymous","/b","1"
"base","flat","unctl","Form readOnly prop true","Anonymous","/o","1"
"base","flat","unctl","Form readOnly prop true","Anonymous","/o/x","1"
"base","flat","unctl","Form readOnly prop true","Anonymous","/o/y","1"
"base","flat","unctl","Form readOnly prop true","SchemaNodeField","","1"
"base","flat","unctl","Form readOnly prop true","Input","","1"
"base","flat","unctl","Form readOnly prop true","Input","/a","1"
"base","flat","unctl","Form readOnly prop true","Input","/b","1"
"base","flat","unctl","Form readOnly prop true","Input","/o","1"
"base","flat","unctl","Form readOnly prop true","Input","/o/x","1"
"base","flat","unctl","Form readOnly prop true","Input","/o/y","1"
"base","flat","unctl","Form readOnly prop true","FormTypeInputObject","","1"
"base","flat","unctl","Form readOnly prop true","FormTypeInputObject","/o","1"
"base","flat","unctl","Form readOnly prop true","UnctlInput","/a","1"
"base","flat","unctl","Form readOnly prop true","UnctlInput","/b","1"
"base","flat","unctl","Form readOnly prop true","UnctlInput","/o/x","1"
"base","flat","unctl","Form readOnly prop true","UnctlInput","/o/y","1"
"fap","flat","unctl","Form readOnly prop true","Host","(form)","1"
"fap","flat","unctl","Form readOnly prop true","fwd:Anonymous","(form)","2"
"fap","flat","unctl","Form readOnly prop true","FormErrorContextProvider","(form)","1"
"fap","flat","unctl","Form readOnly prop true","class:ErrorBoundary","(form)","1"
"fap","flat","unctl","Form readOnly prop true","class:ErrorBoundary","","2"
"fap","flat","unctl","Form readOnly prop true","class:ErrorBoundary","/a","1"
"fap","flat","unctl","Form readOnly prop true","class:ErrorBoundary","/b","1"
"fap","flat","unctl","Form readOnly prop true","class:ErrorBoundary","/o","1"
"fap","flat","unctl","Form readOnly prop true","class:ErrorBoundary","/o/x","1"
"fap","flat","unctl","Form readOnly prop true","class:ErrorBoundary","/o/y","1"
"fap","flat","unctl","Form readOnly prop true","fwd:FormContents","(form)","1"
"fap","flat","unctl","Form readOnly prop true","WorkspaceContextProvider","(form)","1"
"fap","flat","unctl","Form readOnly prop true","FormTypeInputsContextProvider","(form)","1"
"fap","flat","unctl","Form readOnly prop true","FormTypeRendererContextProvider","(form)","1"
"fap","flat","unctl","Form readOnly prop true","InputControlContextProvider","(form)","1"
"fap","flat","unctl","Form readOnly prop true","VirtualizationContextProvider","(form)","1"
"fap","flat","unctl","Form readOnly prop true","RootNodeContextProvider","(form)","1"
"fap","flat","unctl","Form readOnly prop true","memo:Anonymous","(form)","1"
"fap","flat","unctl","Form readOnly prop true","memo:Anonymous","","1"
"fap","flat","unctl","Form readOnly prop true","memo:Anonymous","/a","1"
"fap","flat","unctl","Form readOnly prop true","memo:Anonymous","/b","1"
"fap","flat","unctl","Form readOnly prop true","memo:Anonymous","/o","1"
"fap","flat","unctl","Form readOnly prop true","memo:Anonymous","/o/x","1"
"fap","flat","unctl","Form readOnly prop true","memo:Anonymous","/o/y","1"
"fap","flat","unctl","Form readOnly prop true","SchemaNodeProxy","(form)","1"
"fap","flat","unctl","Form readOnly prop true","RendererWithErrorMessage","","1"
"fap","flat","unctl","Form readOnly prop true","FormTypeInputBoundary","","1"
"fap","flat","unctl","Form readOnly prop true","FormTypeInputBoundary","/a","1"
"fap","flat","unctl","Form readOnly prop true","FormTypeInputBoundary","/b","1"
"fap","flat","unctl","Form readOnly prop true","FormTypeInputBoundary","/o","1"
"fap","flat","unctl","Form readOnly prop true","FormTypeInputBoundary","/o/x","1"
"fap","flat","unctl","Form readOnly prop true","FormTypeInputBoundary","/o/y","1"
"fap","flat","unctl","Form readOnly prop true","Input","","1"
"fap","flat","unctl","Form readOnly prop true","Input","/a","1"
"fap","flat","unctl","Form readOnly prop true","Input","/b","1"
"fap","flat","unctl","Form readOnly prop true","Input","/o","1"
"fap","flat","unctl","Form readOnly prop true","Input","/o/x","1"
"fap","flat","unctl","Form readOnly prop true","Input","/o/y","1"
"fap","flat","unctl","Form readOnly prop true","FormTypeInputObject","","1"
"fap","flat","unctl","Form readOnly prop true","FormTypeInputObject","/o","1"
"fap","flat","unctl","Form readOnly prop true","UnctlInput","/a","1"
"fap","flat","unctl","Form readOnly prop true","UnctlInput","/b","1"
"fap","flat","unctl","Form readOnly prop true","UnctlInput","/o/x","1"
"fap","flat","unctl","Form readOnly prop true","UnctlInput","/o/y","1"
"base","flat","unctl","reset()","fwd:FormContents","(form)","1"
"base","flat","unctl","reset()","WorkspaceContextProvider","(form)","1"
"base","flat","unctl","reset()","FormTypeInputsContextProvider","(form)","1"
"base","flat","unctl","reset()","FormTypeRendererContextProvider","(form)","1"
"base","flat","unctl","reset()","InputControlContextProvider","(form)","1"
"base","flat","unctl","reset()","VirtualizationContextProvider","(form)","1"
"base","flat","unctl","reset()","RootNodeContextProvider","(form)","1"
"base","flat","unctl","reset()","memo:Anonymous","(form)","1"
"base","flat","unctl","reset()","memo:Anonymous","","2"
"base","flat","unctl","reset()","memo:Anonymous","/a","2"
"base","flat","unctl","reset()","memo:Anonymous","/b","2"
"base","flat","unctl","reset()","memo:Anonymous","/o","2"
"base","flat","unctl","reset()","memo:Anonymous","/o/x","2"
"base","flat","unctl","reset()","memo:Anonymous","/o/y","2"
"base","flat","unctl","reset()","SchemaNodeProxy","(form)","1"
"base","flat","unctl","reset()","Anonymous","","3"
"base","flat","unctl","reset()","Anonymous","/a","2"
"base","flat","unctl","reset()","Anonymous","/b","2"
"base","flat","unctl","reset()","Anonymous","/o","2"
"base","flat","unctl","reset()","Anonymous","/o/x","2"
"base","flat","unctl","reset()","Anonymous","/o/y","2"
"base","flat","unctl","reset()","class:ErrorBoundary","","3"
"base","flat","unctl","reset()","class:ErrorBoundary","/a","2"
"base","flat","unctl","reset()","class:ErrorBoundary","/b","2"
"base","flat","unctl","reset()","class:ErrorBoundary","/o","2"
"base","flat","unctl","reset()","class:ErrorBoundary","/o/x","2"
"base","flat","unctl","reset()","class:ErrorBoundary","/o/y","2"
"base","flat","unctl","reset()","SchemaNodeField","","1"
"base","flat","unctl","reset()","SchemaNodeField","/a","1"
"base","flat","unctl","reset()","SchemaNodeField","/b","1"
"base","flat","unctl","reset()","SchemaNodeField","/o","1"
"base","flat","unctl","reset()","SchemaNodeField","/o/x","1"
"base","flat","unctl","reset()","SchemaNodeField","/o/y","1"
"base","flat","unctl","reset()","FormGroupRenderer","","1"
"base","flat","unctl","reset()","FormGroupRenderer","/a","1"
"base","flat","unctl","reset()","FormGroupRenderer","/b","1"
"base","flat","unctl","reset()","FormGroupRenderer","/o","1"
"base","flat","unctl","reset()","FormGroupRenderer","/o/x","1"
"base","flat","unctl","reset()","FormGroupRenderer","/o/y","1"
"base","flat","unctl","reset()","Input","","1"
"base","flat","unctl","reset()","Input","/a","1"
"base","flat","unctl","reset()","Input","/b","1"
"base","flat","unctl","reset()","Input","/o","1"
"base","flat","unctl","reset()","Input","/o/x","1"
"base","flat","unctl","reset()","Input","/o/y","1"
"base","flat","unctl","reset()","FormTypeInputObject","","1"
"base","flat","unctl","reset()","FormTypeInputObject","/o","1"
"base","flat","unctl","reset()","UnctlInput","/a","1"
"base","flat","unctl","reset()","UnctlInput","/b","1"
"base","flat","unctl","reset()","UnctlInput","/o/x","1"
"base","flat","unctl","reset()","UnctlInput","/o/y","1"
"fap","flat","unctl","reset()","fwd:FormContents","(form)","1"
"fap","flat","unctl","reset()","WorkspaceContextProvider","(form)","1"
"fap","flat","unctl","reset()","FormTypeInputsContextProvider","(form)","1"
"fap","flat","unctl","reset()","FormTypeRendererContextProvider","(form)","1"
"fap","flat","unctl","reset()","InputControlContextProvider","(form)","1"
"fap","flat","unctl","reset()","VirtualizationContextProvider","(form)","1"
"fap","flat","unctl","reset()","RootNodeContextProvider","(form)","1"
"fap","flat","unctl","reset()","memo:Anonymous","(form)","1"
"fap","flat","unctl","reset()","memo:Anonymous","","1"
"fap","flat","unctl","reset()","memo:Anonymous","/a","1"
"fap","flat","unctl","reset()","memo:Anonymous","/b","1"
"fap","flat","unctl","reset()","memo:Anonymous","/o","1"
"fap","flat","unctl","reset()","memo:Anonymous","/o/x","1"
"fap","flat","unctl","reset()","memo:Anonymous","/o/y","1"
"fap","flat","unctl","reset()","SchemaNodeProxy","(form)","1"
"fap","flat","unctl","reset()","SchemaNodeProxy","/a","1"
"fap","flat","unctl","reset()","SchemaNodeProxy","/b","1"
"fap","flat","unctl","reset()","SchemaNodeProxy","/o","1"
"fap","flat","unctl","reset()","SchemaNodeProxy","/o/x","1"
"fap","flat","unctl","reset()","SchemaNodeProxy","/o/y","1"
"fap","flat","unctl","reset()","class:ErrorBoundary","","2"
"fap","flat","unctl","reset()","class:ErrorBoundary","/a","2"
"fap","flat","unctl","reset()","class:ErrorBoundary","/b","2"
"fap","flat","unctl","reset()","class:ErrorBoundary","/o","2"
"fap","flat","unctl","reset()","class:ErrorBoundary","/o/x","2"
"fap","flat","unctl","reset()","class:ErrorBoundary","/o/y","2"
"fap","flat","unctl","reset()","RendererWithErrorMessage","","1"
"fap","flat","unctl","reset()","RendererWithErrorMessage","/a","1"
"fap","flat","unctl","reset()","RendererWithErrorMessage","/b","1"
"fap","flat","unctl","reset()","RendererWithErrorMessage","/o","1"
"fap","flat","unctl","reset()","RendererWithErrorMessage","/o/x","1"
"fap","flat","unctl","reset()","RendererWithErrorMessage","/o/y","1"
"fap","flat","unctl","reset()","memo:FormGroupRenderer","","1"
"fap","flat","unctl","reset()","memo:FormGroupRenderer","/a","1"
"fap","flat","unctl","reset()","memo:FormGroupRenderer","/b","1"
"fap","flat","unctl","reset()","memo:FormGroupRenderer","/o","1"
"fap","flat","unctl","reset()","memo:FormGroupRenderer","/o/x","1"
"fap","flat","unctl","reset()","memo:FormGroupRenderer","/o/y","1"
"fap","flat","unctl","reset()","Anonymous","","1"
"fap","flat","unctl","reset()","Anonymous","/a","1"
"fap","flat","unctl","reset()","Anonymous","/b","1"
"fap","flat","unctl","reset()","Anonymous","/o","1"
"fap","flat","unctl","reset()","Anonymous","/o/x","1"
"fap","flat","unctl","reset()","Anonymous","/o/y","1"
"fap","flat","unctl","reset()","FormTypeInputBoundary","","1"
"fap","flat","unctl","reset()","FormTypeInputBoundary","/a","1"
"fap","flat","unctl","reset()","FormTypeInputBoundary","/b","1"
"fap","flat","unctl","reset()","FormTypeInputBoundary","/o","1"
"fap","flat","unctl","reset()","FormTypeInputBoundary","/o/x","1"
"fap","flat","unctl","reset()","FormTypeInputBoundary","/o/y","1"
"fap","flat","unctl","reset()","Input","","1"
"fap","flat","unctl","reset()","Input","/a","1"
"fap","flat","unctl","reset()","Input","/b","1"
"fap","flat","unctl","reset()","Input","/o","1"
"fap","flat","unctl","reset()","Input","/o/x","1"
"fap","flat","unctl","reset()","Input","/o/y","1"
"fap","flat","unctl","reset()","FormTypeInputObject","","1"
"fap","flat","unctl","reset()","FormTypeInputObject","/o","1"
"fap","flat","unctl","reset()","UnctlInput","/a","1"
"fap","flat","unctl","reset()","UnctlInput","/b","1"
"fap","flat","unctl","reset()","UnctlInput","/o/x","1"
"fap","flat","unctl","reset()","UnctlInput","/o/y","1"
"base","array","ctl","push","SchemaNodeField","","1"
"base","array","ctl","push","SchemaNodeField","/arr","1"
"base","array","ctl","push","SchemaNodeField","/arr/3","1"
"base","array","ctl","push","memo:Anonymous","","2"
"base","array","ctl","push","memo:Anonymous","/arr","3"
"base","array","ctl","push","memo:Anonymous","/arr/3","2"
"base","array","ctl","push","class:ErrorBoundary","","2"
"base","array","ctl","push","class:ErrorBoundary","/arr","2"
"base","array","ctl","push","class:ErrorBoundary","/arr/3","3"
"base","array","ctl","push","FormGroupRenderer","","1"
"base","array","ctl","push","FormGroupRenderer","/arr","1"
"base","array","ctl","push","FormGroupRenderer","/arr/3","1"
"base","array","ctl","push","Anonymous","","2"
"base","array","ctl","push","Anonymous","/arr","2"
"base","array","ctl","push","Anonymous","/arr/3","3"
"base","array","ctl","push","Input","","1"
"base","array","ctl","push","Input","/arr","1"
"base","array","ctl","push","Input","/arr/3","1"
"base","array","ctl","push","FormTypeInputObject","","1"
"base","array","ctl","push","FormTypeInputArray","/arr","1"
"base","array","ctl","push","memo:ArrayItems2","/arr","1"
"base","array","ctl","push","Button","/arr","5"
"base","array","ctl","push","SchemaNodeProxy","/arr/3","1"
"base","array","ctl","push","CtlInput","/arr/3","1"
"fap","array","ctl","push","SchemaNodeProxy","(form)","1"
"fap","array","ctl","push","SchemaNodeProxy","/arr","1"
"fap","array","ctl","push","SchemaNodeProxy","/arr/3","1"
"fap","array","ctl","push","class:ErrorBoundary","","2"
"fap","array","ctl","push","class:ErrorBoundary","/arr","2"
"fap","array","ctl","push","class:ErrorBoundary","/arr/3","2"
"fap","array","ctl","push","RendererWithErrorMessage","","1"
"fap","array","ctl","push","RendererWithErrorMessage","/arr","1"
"fap","array","ctl","push","RendererWithErrorMessage","/arr/3","1"
"fap","array","ctl","push","memo:FormGroupRenderer","","1"
"fap","array","ctl","push","memo:FormGroupRenderer","/arr","1"
"fap","array","ctl","push","memo:FormGroupRenderer","/arr/3","1"
"fap","array","ctl","push","Anonymous","","1"
"fap","array","ctl","push","Anonymous","/arr","1"
"fap","array","ctl","push","Anonymous","/arr/3","1"
"fap","array","ctl","push","memo:Anonymous","","1"
"fap","array","ctl","push","memo:Anonymous","/arr","2"
"fap","array","ctl","push","memo:Anonymous","/arr/3","1"
"fap","array","ctl","push","FormTypeInputBoundary","","1"
"fap","array","ctl","push","FormTypeInputBoundary","/arr","1"
"fap","array","ctl","push","FormTypeInputBoundary","/arr/3","1"
"fap","array","ctl","push","Input","","1"
"fap","array","ctl","push","Input","/arr","1"
"fap","array","ctl","push","Input","/arr/3","1"
"fap","array","ctl","push","FormTypeInputObject","","1"
"fap","array","ctl","push","FormTypeInputArray","/arr","1"
"fap","array","ctl","push","memo:ArrayItems2","/arr","1"
"fap","array","ctl","push","Button","/arr","5"
"fap","array","ctl","push","CtlInput","/arr/3","1"
"base","array","ctl","push again","SchemaNodeField","","1"
"base","array","ctl","push again","SchemaNodeField","/arr","1"
"base","array","ctl","push again","SchemaNodeField","/arr/4","1"
"base","array","ctl","push again","memo:Anonymous","","2"
"base","array","ctl","push again","memo:Anonymous","/arr","3"
"base","array","ctl","push again","memo:Anonymous","/arr/4","2"
"base","array","ctl","push again","class:ErrorBoundary","","2"
"base","array","ctl","push again","class:ErrorBoundary","/arr","2"
"base","array","ctl","push again","class:ErrorBoundary","/arr/4","3"
"base","array","ctl","push again","FormGroupRenderer","","1"
"base","array","ctl","push again","FormGroupRenderer","/arr","1"
"base","array","ctl","push again","FormGroupRenderer","/arr/4","1"
"base","array","ctl","push again","Anonymous","","2"
"base","array","ctl","push again","Anonymous","/arr","2"
"base","array","ctl","push again","Anonymous","/arr/4","3"
"base","array","ctl","push again","Input","","1"
"base","array","ctl","push again","Input","/arr","1"
"base","array","ctl","push again","Input","/arr/4","1"
"base","array","ctl","push again","FormTypeInputObject","","1"
"base","array","ctl","push again","FormTypeInputArray","/arr","1"
"base","array","ctl","push again","memo:ArrayItems2","/arr","1"
"base","array","ctl","push again","Button","/arr","6"
"base","array","ctl","push again","SchemaNodeProxy","/arr/4","1"
"base","array","ctl","push again","CtlInput","/arr/4","1"
"fap","array","ctl","push again","SchemaNodeProxy","(form)","1"
"fap","array","ctl","push again","SchemaNodeProxy","/arr","1"
"fap","array","ctl","push again","SchemaNodeProxy","/arr/4","1"
"fap","array","ctl","push again","class:ErrorBoundary","","2"
"fap","array","ctl","push again","class:ErrorBoundary","/arr","2"
"fap","array","ctl","push again","class:ErrorBoundary","/arr/4","2"
"fap","array","ctl","push again","RendererWithErrorMessage","","1"
"fap","array","ctl","push again","RendererWithErrorMessage","/arr","1"
"fap","array","ctl","push again","RendererWithErrorMessage","/arr/4","1"
"fap","array","ctl","push again","memo:FormGroupRenderer","","1"
"fap","array","ctl","push again","memo:FormGroupRenderer","/arr","1"
"fap","array","ctl","push again","memo:FormGroupRenderer","/arr/4","1"
"fap","array","ctl","push again","Anonymous","","1"
"fap","array","ctl","push again","Anonymous","/arr","1"
"fap","array","ctl","push again","Anonymous","/arr/4","1"
"fap","array","ctl","push again","memo:Anonymous","","1"
"fap","array","ctl","push again","memo:Anonymous","/arr","2"
"fap","array","ctl","push again","memo:Anonymous","/arr/4","1"
"fap","array","ctl","push again","FormTypeInputBoundary","","1"
"fap","array","ctl","push again","FormTypeInputBoundary","/arr","1"
"fap","array","ctl","push again","FormTypeInputBoundary","/arr/4","1"
"fap","array","ctl","push again","Input","","1"
"fap","array","ctl","push again","Input","/arr","1"
"fap","array","ctl","push again","Input","/arr/4","1"
"fap","array","ctl","push again","FormTypeInputObject","","1"
"fap","array","ctl","push again","FormTypeInputArray","/arr","1"
"fap","array","ctl","push again","memo:ArrayItems2","/arr","1"
"fap","array","ctl","push again","Button","/arr","6"
"fap","array","ctl","push again","CtlInput","/arr/4","1"
"base","array","ctl","remove(0)","SchemaNodeField","","1"
"base","array","ctl","remove(0)","SchemaNodeField","/arr","1"
"base","array","ctl","remove(0)","SchemaNodeField","/arr/0","1"
"base","array","ctl","remove(0)","SchemaNodeField","/arr/1","1"
"base","array","ctl","remove(0)","SchemaNodeField","/arr/2","1"
"base","array","ctl","remove(0)","SchemaNodeField","/arr/3","1"
"base","array","ctl","remove(0)","memo:Anonymous","","2"
"base","array","ctl","remove(0)","memo:Anonymous","/arr","2"
"base","array","ctl","remove(0)","memo:Anonymous","/arr/0","2"
"base","array","ctl","remove(0)","memo:Anonymous","/arr/1","2"
"base","array","ctl","remove(0)","memo:Anonymous","/arr/2","2"
"base","array","ctl","remove(0)","memo:Anonymous","/arr/3","2"
"base","array","ctl","remove(0)","class:ErrorBoundary","","2"
"base","array","ctl","remove(0)","class:ErrorBoundary","/arr","2"
"base","array","ctl","remove(0)","class:ErrorBoundary","/arr/0","2"
"base","array","ctl","remove(0)","class:ErrorBoundary","/arr/1","2"
"base","array","ctl","remove(0)","class:ErrorBoundary","/arr/2","2"
"base","array","ctl","remove(0)","class:ErrorBoundary","/arr/3","2"
"base","array","ctl","remove(0)","FormGroupRenderer","","1"
"base","array","ctl","remove(0)","FormGroupRenderer","/arr","1"
"base","array","ctl","remove(0)","FormGroupRenderer","/arr/0","1"
"base","array","ctl","remove(0)","FormGroupRenderer","/arr/1","1"
"base","array","ctl","remove(0)","FormGroupRenderer","/arr/2","1"
"base","array","ctl","remove(0)","FormGroupRenderer","/arr/3","1"
"base","array","ctl","remove(0)","Anonymous","","2"
"base","array","ctl","remove(0)","Anonymous","/arr","2"
"base","array","ctl","remove(0)","Anonymous","/arr/0","2"
"base","array","ctl","remove(0)","Anonymous","/arr/1","2"
"base","array","ctl","remove(0)","Anonymous","/arr/2","2"
"base","array","ctl","remove(0)","Anonymous","/arr/3","2"
"base","array","ctl","remove(0)","Input","","1"
"base","array","ctl","remove(0)","Input","/arr","1"
"base","array","ctl","remove(0)","Input","/arr/0","1"
"base","array","ctl","remove(0)","Input","/arr/1","1"
"base","array","ctl","remove(0)","Input","/arr/2","1"
"base","array","ctl","remove(0)","Input","/arr/3","1"
"base","array","ctl","remove(0)","FormTypeInputObject","","1"
"base","array","ctl","remove(0)","FormTypeInputArray","/arr","1"
"base","array","ctl","remove(0)","memo:ArrayItems2","/arr","1"
"base","array","ctl","remove(0)","CtlInput","/arr/0","1"
"base","array","ctl","remove(0)","CtlInput","/arr/1","1"
"base","array","ctl","remove(0)","CtlInput","/arr/2","1"
"base","array","ctl","remove(0)","CtlInput","/arr/3","1"
"base","array","ctl","remove(0)","Button","/arr","5"
"fap","array","ctl","remove(0)","SchemaNodeProxy","(form)","1"
"fap","array","ctl","remove(0)","SchemaNodeProxy","/arr","1"
"fap","array","ctl","remove(0)","SchemaNodeProxy","/arr/0","1"
"fap","array","ctl","remove(0)","SchemaNodeProxy","/arr/1","1"
"fap","array","ctl","remove(0)","SchemaNodeProxy","/arr/2","1"
"fap","array","ctl","remove(0)","SchemaNodeProxy","/arr/3","1"
"fap","array","ctl","remove(0)","class:ErrorBoundary","","2"
"fap","array","ctl","remove(0)","class:ErrorBoundary","/arr","2"
"fap","array","ctl","remove(0)","class:ErrorBoundary","/arr/0","2"
"fap","array","ctl","remove(0)","class:ErrorBoundary","/arr/1","2"
"fap","array","ctl","remove(0)","class:ErrorBoundary","/arr/2","2"
"fap","array","ctl","remove(0)","class:ErrorBoundary","/arr/3","2"
"fap","array","ctl","remove(0)","RendererWithErrorMessage","","1"
"fap","array","ctl","remove(0)","RendererWithErrorMessage","/arr","1"
"fap","array","ctl","remove(0)","RendererWithErrorMessage","/arr/0","1"
"fap","array","ctl","remove(0)","RendererWithErrorMessage","/arr/1","1"
"fap","array","ctl","remove(0)","RendererWithErrorMessage","/arr/2","1"
"fap","array","ctl","remove(0)","RendererWithErrorMessage","/arr/3","1"
"fap","array","ctl","remove(0)","memo:FormGroupRenderer","","1"
"fap","array","ctl","remove(0)","memo:FormGroupRenderer","/arr","1"
"fap","array","ctl","remove(0)","memo:FormGroupRenderer","/arr/0","1"
"fap","array","ctl","remove(0)","memo:FormGroupRenderer","/arr/1","1"
"fap","array","ctl","remove(0)","memo:FormGroupRenderer","/arr/2","1"
"fap","array","ctl","remove(0)","memo:FormGroupRenderer","/arr/3","1"
"fap","array","ctl","remove(0)","Anonymous","","1"
"fap","array","ctl","remove(0)","Anonymous","/arr","1"
"fap","array","ctl","remove(0)","Anonymous","/arr/0","1"
"fap","array","ctl","remove(0)","Anonymous","/arr/1","1"
"fap","array","ctl","remove(0)","Anonymous","/arr/2","1"
"fap","array","ctl","remove(0)","Anonymous","/arr/3","1"
"fap","array","ctl","remove(0)","memo:Anonymous","","1"
"fap","array","ctl","remove(0)","memo:Anonymous","/arr","1"
"fap","array","ctl","remove(0)","memo:Anonymous","/arr/0","1"
"fap","array","ctl","remove(0)","memo:Anonymous","/arr/1","1"
"fap","array","ctl","remove(0)","memo:Anonymous","/arr/2","1"
"fap","array","ctl","remove(0)","memo:Anonymous","/arr/3","1"
"fap","array","ctl","remove(0)","FormTypeInputBoundary","","1"
"fap","array","ctl","remove(0)","FormTypeInputBoundary","/arr","1"
"fap","array","ctl","remove(0)","FormTypeInputBoundary","/arr/0","1"
"fap","array","ctl","remove(0)","FormTypeInputBoundary","/arr/1","1"
"fap","array","ctl","remove(0)","FormTypeInputBoundary","/arr/2","1"
"fap","array","ctl","remove(0)","FormTypeInputBoundary","/arr/3","1"
"fap","array","ctl","remove(0)","Input","","1"
"fap","array","ctl","remove(0)","Input","/arr","1"
"fap","array","ctl","remove(0)","Input","/arr/0","1"
"fap","array","ctl","remove(0)","Input","/arr/1","1"
"fap","array","ctl","remove(0)","Input","/arr/2","1"
"fap","array","ctl","remove(0)","Input","/arr/3","1"
"fap","array","ctl","remove(0)","FormTypeInputObject","","1"
"fap","array","ctl","remove(0)","FormTypeInputArray","/arr","1"
"fap","array","ctl","remove(0)","memo:ArrayItems2","/arr","1"
"fap","array","ctl","remove(0)","CtlInput","/arr/0","1"
"fap","array","ctl","remove(0)","CtlInput","/arr/1","1"
"fap","array","ctl","remove(0)","CtlInput","/arr/2","1"
"fap","array","ctl","remove(0)","CtlInput","/arr/3","1"
"fap","array","ctl","remove(0)","Button","/arr","5"
"base","array","ctl","remove(last)","SchemaNodeField","","1"
"base","array","ctl","remove(last)","SchemaNodeField","/arr","1"
"base","array","ctl","remove(last)","memo:Anonymous","","2"
"base","array","ctl","remove(last)","memo:Anonymous","/arr","2"
"base","array","ctl","remove(last)","class:ErrorBoundary","","2"
"base","array","ctl","remove(last)","class:ErrorBoundary","/arr","2"
"base","array","ctl","remove(last)","FormGroupRenderer","","1"
"base","array","ctl","remove(last)","FormGroupRenderer","/arr","1"
"base","array","ctl","remove(last)","Anonymous","","2"
"base","array","ctl","remove(last)","Anonymous","/arr","2"
"base","array","ctl","remove(last)","Input","","1"
"base","array","ctl","remove(last)","Input","/arr","1"
"base","array","ctl","remove(last)","FormTypeInputObject","","1"
"base","array","ctl","remove(last)","FormTypeInputArray","/arr","1"
"base","array","ctl","remove(last)","memo:ArrayItems2","/arr","1"
"base","array","ctl","remove(last)","Button","/arr","4"
"fap","array","ctl","remove(last)","SchemaNodeProxy","(form)","1"
"fap","array","ctl","remove(last)","SchemaNodeProxy","/arr","1"
"fap","array","ctl","remove(last)","class:ErrorBoundary","","2"
"fap","array","ctl","remove(last)","class:ErrorBoundary","/arr","2"
"fap","array","ctl","remove(last)","RendererWithErrorMessage","","1"
"fap","array","ctl","remove(last)","RendererWithErrorMessage","/arr","1"
"fap","array","ctl","remove(last)","memo:FormGroupRenderer","","1"
"fap","array","ctl","remove(last)","memo:FormGroupRenderer","/arr","1"
"fap","array","ctl","remove(last)","Anonymous","","1"
"fap","array","ctl","remove(last)","Anonymous","/arr","1"
"fap","array","ctl","remove(last)","memo:Anonymous","","1"
"fap","array","ctl","remove(last)","memo:Anonymous","/arr","1"
"fap","array","ctl","remove(last)","FormTypeInputBoundary","","1"
"fap","array","ctl","remove(last)","FormTypeInputBoundary","/arr","1"
"fap","array","ctl","remove(last)","Input","","1"
"fap","array","ctl","remove(last)","Input","/arr","1"
"fap","array","ctl","remove(last)","FormTypeInputObject","","1"
"fap","array","ctl","remove(last)","FormTypeInputArray","/arr","1"
"fap","array","ctl","remove(last)","memo:ArrayItems2","/arr","1"
"fap","array","ctl","remove(last)","Button","/arr","4"
"base","array","ctl","replace setValue (+1 item)","SchemaNodeField","","1"
"base","array","ctl","replace setValue (+1 item)","SchemaNodeField","/arr","1"
"base","array","ctl","replace setValue (+1 item)","SchemaNodeField","/arr/3","1"
"base","array","ctl","replace setValue (+1 item)","memo:Anonymous","","2"
"base","array","ctl","replace setValue (+1 item)","memo:Anonymous","/arr","3"
"base","array","ctl","replace setValue (+1 item)","memo:Anonymous","/arr/3","2"
"base","array","ctl","replace setValue (+1 item)","class:ErrorBoundary","","2"
"base","array","ctl","replace setValue (+1 item)","class:ErrorBoundary","/arr","2"
"base","array","ctl","replace setValue (+1 item)","class:ErrorBoundary","/arr/3","3"
"base","array","ctl","replace setValue (+1 item)","FormGroupRenderer","","1"
"base","array","ctl","replace setValue (+1 item)","FormGroupRenderer","/arr","1"
"base","array","ctl","replace setValue (+1 item)","FormGroupRenderer","/arr/3","1"
"base","array","ctl","replace setValue (+1 item)","Anonymous","","2"
"base","array","ctl","replace setValue (+1 item)","Anonymous","/arr","2"
"base","array","ctl","replace setValue (+1 item)","Anonymous","/arr/3","3"
"base","array","ctl","replace setValue (+1 item)","Input","","1"
"base","array","ctl","replace setValue (+1 item)","Input","/arr","1"
"base","array","ctl","replace setValue (+1 item)","Input","/arr/3","1"
"base","array","ctl","replace setValue (+1 item)","FormTypeInputObject","","1"
"base","array","ctl","replace setValue (+1 item)","FormTypeInputArray","/arr","1"
"base","array","ctl","replace setValue (+1 item)","memo:ArrayItems2","/arr","1"
"base","array","ctl","replace setValue (+1 item)","Button","/arr","5"
"base","array","ctl","replace setValue (+1 item)","SchemaNodeProxy","/arr/3","1"
"base","array","ctl","replace setValue (+1 item)","CtlInput","/arr/3","1"
"fap","array","ctl","replace setValue (+1 item)","SchemaNodeProxy","(form)","1"
"fap","array","ctl","replace setValue (+1 item)","SchemaNodeProxy","/arr","1"
"fap","array","ctl","replace setValue (+1 item)","SchemaNodeProxy","/arr/3","1"
"fap","array","ctl","replace setValue (+1 item)","class:ErrorBoundary","","2"
"fap","array","ctl","replace setValue (+1 item)","class:ErrorBoundary","/arr","2"
"fap","array","ctl","replace setValue (+1 item)","class:ErrorBoundary","/arr/3","2"
"fap","array","ctl","replace setValue (+1 item)","RendererWithErrorMessage","","1"
"fap","array","ctl","replace setValue (+1 item)","RendererWithErrorMessage","/arr","1"
"fap","array","ctl","replace setValue (+1 item)","RendererWithErrorMessage","/arr/3","1"
"fap","array","ctl","replace setValue (+1 item)","memo:FormGroupRenderer","","1"
"fap","array","ctl","replace setValue (+1 item)","memo:FormGroupRenderer","/arr","1"
"fap","array","ctl","replace setValue (+1 item)","memo:FormGroupRenderer","/arr/3","1"
"fap","array","ctl","replace setValue (+1 item)","Anonymous","","1"
"fap","array","ctl","replace setValue (+1 item)","Anonymous","/arr","1"
"fap","array","ctl","replace setValue (+1 item)","Anonymous","/arr/3","1"
"fap","array","ctl","replace setValue (+1 item)","memo:Anonymous","","1"
"fap","array","ctl","replace setValue (+1 item)","memo:Anonymous","/arr","2"
"fap","array","ctl","replace setValue (+1 item)","memo:Anonymous","/arr/3","1"
"fap","array","ctl","replace setValue (+1 item)","FormTypeInputBoundary","","1"
"fap","array","ctl","replace setValue (+1 item)","FormTypeInputBoundary","/arr","1"
"fap","array","ctl","replace setValue (+1 item)","FormTypeInputBoundary","/arr/3","1"
"fap","array","ctl","replace setValue (+1 item)","Input","","1"
"fap","array","ctl","replace setValue (+1 item)","Input","/arr","1"
"fap","array","ctl","replace setValue (+1 item)","Input","/arr/3","1"
"fap","array","ctl","replace setValue (+1 item)","FormTypeInputObject","","1"
"fap","array","ctl","replace setValue (+1 item)","FormTypeInputArray","/arr","1"
"fap","array","ctl","replace setValue (+1 item)","memo:ArrayItems2","/arr","1"
"fap","array","ctl","replace setValue (+1 item)","Button","/arr","5"
"fap","array","ctl","replace setValue (+1 item)","CtlInput","/arr/3","1"
"base","array","ctl","replace setValue (all new values)","SchemaNodeField","","1"
"base","array","ctl","replace setValue (all new values)","SchemaNodeField","/arr","1"
"base","array","ctl","replace setValue (all new values)","SchemaNodeField","/arr/0","1"
"base","array","ctl","replace setValue (all new values)","SchemaNodeField","/arr/1","1"
"base","array","ctl","replace setValue (all new values)","SchemaNodeField","/arr/2","1"
"base","array","ctl","replace setValue (all new values)","SchemaNodeField","/arr/3","1"
"base","array","ctl","replace setValue (all new values)","memo:Anonymous","","2"
"base","array","ctl","replace setValue (all new values)","memo:Anonymous","/arr","2"
"base","array","ctl","replace setValue (all new values)","memo:Anonymous","/arr/0","2"
"base","array","ctl","replace setValue (all new values)","memo:Anonymous","/arr/1","2"
"base","array","ctl","replace setValue (all new values)","memo:Anonymous","/arr/2","2"
"base","array","ctl","replace setValue (all new values)","memo:Anonymous","/arr/3","2"
"base","array","ctl","replace setValue (all new values)","class:ErrorBoundary","","2"
"base","array","ctl","replace setValue (all new values)","class:ErrorBoundary","/arr","2"
"base","array","ctl","replace setValue (all new values)","class:ErrorBoundary","/arr/0","2"
"base","array","ctl","replace setValue (all new values)","class:ErrorBoundary","/arr/1","2"
"base","array","ctl","replace setValue (all new values)","class:ErrorBoundary","/arr/2","2"
"base","array","ctl","replace setValue (all new values)","class:ErrorBoundary","/arr/3","2"
"base","array","ctl","replace setValue (all new values)","FormGroupRenderer","","1"
"base","array","ctl","replace setValue (all new values)","FormGroupRenderer","/arr","1"
"base","array","ctl","replace setValue (all new values)","FormGroupRenderer","/arr/0","1"
"base","array","ctl","replace setValue (all new values)","FormGroupRenderer","/arr/1","1"
"base","array","ctl","replace setValue (all new values)","FormGroupRenderer","/arr/2","1"
"base","array","ctl","replace setValue (all new values)","FormGroupRenderer","/arr/3","1"
"base","array","ctl","replace setValue (all new values)","Anonymous","","2"
"base","array","ctl","replace setValue (all new values)","Anonymous","/arr","2"
"base","array","ctl","replace setValue (all new values)","Anonymous","/arr/0","2"
"base","array","ctl","replace setValue (all new values)","Anonymous","/arr/1","2"
"base","array","ctl","replace setValue (all new values)","Anonymous","/arr/2","2"
"base","array","ctl","replace setValue (all new values)","Anonymous","/arr/3","2"
"base","array","ctl","replace setValue (all new values)","Input","","1"
"base","array","ctl","replace setValue (all new values)","Input","/arr","1"
"base","array","ctl","replace setValue (all new values)","Input","/arr/0","1"
"base","array","ctl","replace setValue (all new values)","Input","/arr/1","1"
"base","array","ctl","replace setValue (all new values)","Input","/arr/2","1"
"base","array","ctl","replace setValue (all new values)","Input","/arr/3","1"
"base","array","ctl","replace setValue (all new values)","FormTypeInputObject","","1"
"base","array","ctl","replace setValue (all new values)","FormTypeInputArray","/arr","1"
"base","array","ctl","replace setValue (all new values)","CtlInput","/arr/0","1"
"base","array","ctl","replace setValue (all new values)","CtlInput","/arr/1","1"
"base","array","ctl","replace setValue (all new values)","CtlInput","/arr/2","1"
"base","array","ctl","replace setValue (all new values)","CtlInput","/arr/3","1"
"fap","array","ctl","replace setValue (all new values)","SchemaNodeProxy","(form)","1"
"fap","array","ctl","replace setValue (all new values)","SchemaNodeProxy","/arr","1"
"fap","array","ctl","replace setValue (all new values)","SchemaNodeProxy","/arr/0","1"
"fap","array","ctl","replace setValue (all new values)","SchemaNodeProxy","/arr/1","1"
"fap","array","ctl","replace setValue (all new values)","SchemaNodeProxy","/arr/2","1"
"fap","array","ctl","replace setValue (all new values)","SchemaNodeProxy","/arr/3","1"
"fap","array","ctl","replace setValue (all new values)","class:ErrorBoundary","","2"
"fap","array","ctl","replace setValue (all new values)","class:ErrorBoundary","/arr","2"
"fap","array","ctl","replace setValue (all new values)","class:ErrorBoundary","/arr/0","2"
"fap","array","ctl","replace setValue (all new values)","class:ErrorBoundary","/arr/1","2"
"fap","array","ctl","replace setValue (all new values)","class:ErrorBoundary","/arr/2","2"
"fap","array","ctl","replace setValue (all new values)","class:ErrorBoundary","/arr/3","2"
"fap","array","ctl","replace setValue (all new values)","RendererWithErrorMessage","","1"
"fap","array","ctl","replace setValue (all new values)","RendererWithErrorMessage","/arr","1"
"fap","array","ctl","replace setValue (all new values)","RendererWithErrorMessage","/arr/0","1"
"fap","array","ctl","replace setValue (all new values)","RendererWithErrorMessage","/arr/1","1"
"fap","array","ctl","replace setValue (all new values)","RendererWithErrorMessage","/arr/2","1"
"fap","array","ctl","replace setValue (all new values)","RendererWithErrorMessage","/arr/3","1"
"fap","array","ctl","replace setValue (all new values)","memo:FormGroupRenderer","","1"
"fap","array","ctl","replace setValue (all new values)","memo:FormGroupRenderer","/arr","1"
"fap","array","ctl","replace setValue (all new values)","memo:FormGroupRenderer","/arr/0","1"
"fap","array","ctl","replace setValue (all new values)","memo:FormGroupRenderer","/arr/1","1"
"fap","array","ctl","replace setValue (all new values)","memo:FormGroupRenderer","/arr/2","1"
"fap","array","ctl","replace setValue (all new values)","memo:FormGroupRenderer","/arr/3","1"
"fap","array","ctl","replace setValue (all new values)","Anonymous","","1"
"fap","array","ctl","replace setValue (all new values)","Anonymous","/arr","1"
"fap","array","ctl","replace setValue (all new values)","Anonymous","/arr/0","1"
"fap","array","ctl","replace setValue (all new values)","Anonymous","/arr/1","1"
"fap","array","ctl","replace setValue (all new values)","Anonymous","/arr/2","1"
"fap","array","ctl","replace setValue (all new values)","Anonymous","/arr/3","1"
"fap","array","ctl","replace setValue (all new values)","memo:Anonymous","","1"
"fap","array","ctl","replace setValue (all new values)","memo:Anonymous","/arr","1"
"fap","array","ctl","replace setValue (all new values)","memo:Anonymous","/arr/0","1"
"fap","array","ctl","replace setValue (all new values)","memo:Anonymous","/arr/1","1"
"fap","array","ctl","replace setValue (all new values)","memo:Anonymous","/arr/2","1"
"fap","array","ctl","replace setValue (all new values)","memo:Anonymous","/arr/3","1"
"fap","array","ctl","replace setValue (all new values)","FormTypeInputBoundary","","1"
"fap","array","ctl","replace setValue (all new values)","FormTypeInputBoundary","/arr","1"
"fap","array","ctl","replace setValue (all new values)","FormTypeInputBoundary","/arr/0","1"
"fap","array","ctl","replace setValue (all new values)","FormTypeInputBoundary","/arr/1","1"
"fap","array","ctl","replace setValue (all new values)","FormTypeInputBoundary","/arr/2","1"
"fap","array","ctl","replace setValue (all new values)","FormTypeInputBoundary","/arr/3","1"
"fap","array","ctl","replace setValue (all new values)","Input","","1"
"fap","array","ctl","replace setValue (all new values)","Input","/arr","1"
"fap","array","ctl","replace setValue (all new values)","Input","/arr/0","1"
"fap","array","ctl","replace setValue (all new values)","Input","/arr/1","1"
"fap","array","ctl","replace setValue (all new values)","Input","/arr/2","1"
"fap","array","ctl","replace setValue (all new values)","Input","/arr/3","1"
"fap","array","ctl","replace setValue (all new values)","FormTypeInputObject","","1"
"fap","array","ctl","replace setValue (all new values)","FormTypeInputArray","/arr","1"
"fap","array","ctl","replace setValue (all new values)","CtlInput","/arr/0","1"
"fap","array","ctl","replace setValue (all new values)","CtlInput","/arr/1","1"
"fap","array","ctl","replace setValue (all new values)","CtlInput","/arr/2","1"
"fap","array","ctl","replace setValue (all new values)","CtlInput","/arr/3","1"
"base","array","unctl","push","SchemaNodeField","","1"
"base","array","unctl","push","SchemaNodeField","/arr","1"
"base","array","unctl","push","SchemaNodeField","/arr/3","1"
"base","array","unctl","push","memo:Anonymous","","2"
"base","array","unctl","push","memo:Anonymous","/arr","3"
"base","array","unctl","push","memo:Anonymous","/arr/3","2"
"base","array","unctl","push","class:ErrorBoundary","","2"
"base","array","unctl","push","class:ErrorBoundary","/arr","2"
"base","array","unctl","push","class:ErrorBoundary","/arr/3","3"
"base","array","unctl","push","FormGroupRenderer","","1"
"base","array","unctl","push","FormGroupRenderer","/arr","1"
"base","array","unctl","push","FormGroupRenderer","/arr/3","1"
"base","array","unctl","push","Anonymous","","2"
"base","array","unctl","push","Anonymous","/arr","2"
"base","array","unctl","push","Anonymous","/arr/3","3"
"base","array","unctl","push","Input","","1"
"base","array","unctl","push","Input","/arr","1"
"base","array","unctl","push","Input","/arr/3","1"
"base","array","unctl","push","FormTypeInputObject","","1"
"base","array","unctl","push","FormTypeInputArray","/arr","1"
"base","array","unctl","push","memo:ArrayItems2","/arr","1"
"base","array","unctl","push","Button","/arr","5"
"base","array","unctl","push","SchemaNodeProxy","/arr/3","1"
"base","array","unctl","push","UnctlInput","/arr/3","1"
"fap","array","unctl","push","SchemaNodeProxy","(form)","1"
"fap","array","unctl","push","SchemaNodeProxy","/arr","1"
"fap","array","unctl","push","SchemaNodeProxy","/arr/3","1"
"fap","array","unctl","push","class:ErrorBoundary","","2"
"fap","array","unctl","push","class:ErrorBoundary","/arr","2"
"fap","array","unctl","push","class:ErrorBoundary","/arr/3","2"
"fap","array","unctl","push","RendererWithErrorMessage","","1"
"fap","array","unctl","push","RendererWithErrorMessage","/arr","1"
"fap","array","unctl","push","RendererWithErrorMessage","/arr/3","1"
"fap","array","unctl","push","memo:FormGroupRenderer","","1"
"fap","array","unctl","push","memo:FormGroupRenderer","/arr","1"
"fap","array","unctl","push","memo:FormGroupRenderer","/arr/3","1"
"fap","array","unctl","push","Anonymous","","1"
"fap","array","unctl","push","Anonymous","/arr","1"
"fap","array","unctl","push","Anonymous","/arr/3","1"
"fap","array","unctl","push","memo:Anonymous","","1"
"fap","array","unctl","push","memo:Anonymous","/arr","2"
"fap","array","unctl","push","memo:Anonymous","/arr/3","1"
"fap","array","unctl","push","FormTypeInputBoundary","","1"
"fap","array","unctl","push","FormTypeInputBoundary","/arr","1"
"fap","array","unctl","push","FormTypeInputBoundary","/arr/3","1"
"fap","array","unctl","push","Input","","1"
"fap","array","unctl","push","Input","/arr","1"
"fap","array","unctl","push","Input","/arr/3","1"
"fap","array","unctl","push","FormTypeInputObject","","1"
"fap","array","unctl","push","FormTypeInputArray","/arr","1"
"fap","array","unctl","push","memo:ArrayItems2","/arr","1"
"fap","array","unctl","push","Button","/arr","5"
"fap","array","unctl","push","UnctlInput","/arr/3","1"
"base","array","unctl","push again","SchemaNodeField","","1"
"base","array","unctl","push again","SchemaNodeField","/arr","1"
"base","array","unctl","push again","SchemaNodeField","/arr/4","1"
"base","array","unctl","push again","memo:Anonymous","","2"
"base","array","unctl","push again","memo:Anonymous","/arr","3"
"base","array","unctl","push again","memo:Anonymous","/arr/4","2"
"base","array","unctl","push again","class:ErrorBoundary","","2"
"base","array","unctl","push again","class:ErrorBoundary","/arr","2"
"base","array","unctl","push again","class:ErrorBoundary","/arr/4","3"
"base","array","unctl","push again","FormGroupRenderer","","1"
"base","array","unctl","push again","FormGroupRenderer","/arr","1"
"base","array","unctl","push again","FormGroupRenderer","/arr/4","1"
"base","array","unctl","push again","Anonymous","","2"
"base","array","unctl","push again","Anonymous","/arr","2"
"base","array","unctl","push again","Anonymous","/arr/4","3"
"base","array","unctl","push again","Input","","1"
"base","array","unctl","push again","Input","/arr","1"
"base","array","unctl","push again","Input","/arr/4","1"
"base","array","unctl","push again","FormTypeInputObject","","1"
"base","array","unctl","push again","FormTypeInputArray","/arr","1"
"base","array","unctl","push again","memo:ArrayItems2","/arr","1"
"base","array","unctl","push again","Button","/arr","6"
"base","array","unctl","push again","SchemaNodeProxy","/arr/4","1"
"base","array","unctl","push again","UnctlInput","/arr/4","1"
"fap","array","unctl","push again","SchemaNodeProxy","(form)","1"
"fap","array","unctl","push again","SchemaNodeProxy","/arr","1"
"fap","array","unctl","push again","SchemaNodeProxy","/arr/4","1"
"fap","array","unctl","push again","class:ErrorBoundary","","2"
"fap","array","unctl","push again","class:ErrorBoundary","/arr","2"
"fap","array","unctl","push again","class:ErrorBoundary","/arr/4","2"
"fap","array","unctl","push again","RendererWithErrorMessage","","1"
"fap","array","unctl","push again","RendererWithErrorMessage","/arr","1"
"fap","array","unctl","push again","RendererWithErrorMessage","/arr/4","1"
"fap","array","unctl","push again","memo:FormGroupRenderer","","1"
"fap","array","unctl","push again","memo:FormGroupRenderer","/arr","1"
"fap","array","unctl","push again","memo:FormGroupRenderer","/arr/4","1"
"fap","array","unctl","push again","Anonymous","","1"
"fap","array","unctl","push again","Anonymous","/arr","1"
"fap","array","unctl","push again","Anonymous","/arr/4","1"
"fap","array","unctl","push again","memo:Anonymous","","1"
"fap","array","unctl","push again","memo:Anonymous","/arr","2"
"fap","array","unctl","push again","memo:Anonymous","/arr/4","1"
"fap","array","unctl","push again","FormTypeInputBoundary","","1"
"fap","array","unctl","push again","FormTypeInputBoundary","/arr","1"
"fap","array","unctl","push again","FormTypeInputBoundary","/arr/4","1"
"fap","array","unctl","push again","Input","","1"
"fap","array","unctl","push again","Input","/arr","1"
"fap","array","unctl","push again","Input","/arr/4","1"
"fap","array","unctl","push again","FormTypeInputObject","","1"
"fap","array","unctl","push again","FormTypeInputArray","/arr","1"
"fap","array","unctl","push again","memo:ArrayItems2","/arr","1"
"fap","array","unctl","push again","Button","/arr","6"
"fap","array","unctl","push again","UnctlInput","/arr/4","1"
"base","array","unctl","remove(0)","SchemaNodeField","","1"
"base","array","unctl","remove(0)","SchemaNodeField","/arr","1"
"base","array","unctl","remove(0)","SchemaNodeField","/arr/0","1"
"base","array","unctl","remove(0)","SchemaNodeField","/arr/1","1"
"base","array","unctl","remove(0)","SchemaNodeField","/arr/2","1"
"base","array","unctl","remove(0)","SchemaNodeField","/arr/3","1"
"base","array","unctl","remove(0)","memo:Anonymous","","2"
"base","array","unctl","remove(0)","memo:Anonymous","/arr","2"
"base","array","unctl","remove(0)","memo:Anonymous","/arr/0","2"
"base","array","unctl","remove(0)","memo:Anonymous","/arr/1","2"
"base","array","unctl","remove(0)","memo:Anonymous","/arr/2","2"
"base","array","unctl","remove(0)","memo:Anonymous","/arr/3","2"
"base","array","unctl","remove(0)","class:ErrorBoundary","","2"
"base","array","unctl","remove(0)","class:ErrorBoundary","/arr","2"
"base","array","unctl","remove(0)","class:ErrorBoundary","/arr/0","2"
"base","array","unctl","remove(0)","class:ErrorBoundary","/arr/1","2"
"base","array","unctl","remove(0)","class:ErrorBoundary","/arr/2","2"
"base","array","unctl","remove(0)","class:ErrorBoundary","/arr/3","2"
"base","array","unctl","remove(0)","FormGroupRenderer","","1"
"base","array","unctl","remove(0)","FormGroupRenderer","/arr","1"
"base","array","unctl","remove(0)","FormGroupRenderer","/arr/0","1"
"base","array","unctl","remove(0)","FormGroupRenderer","/arr/1","1"
"base","array","unctl","remove(0)","FormGroupRenderer","/arr/2","1"
"base","array","unctl","remove(0)","FormGroupRenderer","/arr/3","1"
"base","array","unctl","remove(0)","Anonymous","","2"
"base","array","unctl","remove(0)","Anonymous","/arr","2"
"base","array","unctl","remove(0)","Anonymous","/arr/0","2"
"base","array","unctl","remove(0)","Anonymous","/arr/1","2"
"base","array","unctl","remove(0)","Anonymous","/arr/2","2"
"base","array","unctl","remove(0)","Anonymous","/arr/3","2"
"base","array","unctl","remove(0)","Input","","1"
"base","array","unctl","remove(0)","Input","/arr","1"
"base","array","unctl","remove(0)","Input","/arr/0","1"
"base","array","unctl","remove(0)","Input","/arr/1","1"
"base","array","unctl","remove(0)","Input","/arr/2","1"
"base","array","unctl","remove(0)","Input","/arr/3","1"
"base","array","unctl","remove(0)","FormTypeInputObject","","1"
"base","array","unctl","remove(0)","FormTypeInputArray","/arr","1"
"base","array","unctl","remove(0)","memo:ArrayItems2","/arr","1"
"base","array","unctl","remove(0)","UnctlInput","/arr/0","1"
"base","array","unctl","remove(0)","UnctlInput","/arr/1","1"
"base","array","unctl","remove(0)","UnctlInput","/arr/2","1"
"base","array","unctl","remove(0)","UnctlInput","/arr/3","1"
"base","array","unctl","remove(0)","Button","/arr","5"
"fap","array","unctl","remove(0)","SchemaNodeProxy","(form)","1"
"fap","array","unctl","remove(0)","SchemaNodeProxy","/arr","1"
"fap","array","unctl","remove(0)","SchemaNodeProxy","/arr/0","1"
"fap","array","unctl","remove(0)","SchemaNodeProxy","/arr/1","1"
"fap","array","unctl","remove(0)","SchemaNodeProxy","/arr/2","1"
"fap","array","unctl","remove(0)","SchemaNodeProxy","/arr/3","1"
"fap","array","unctl","remove(0)","class:ErrorBoundary","","2"
"fap","array","unctl","remove(0)","class:ErrorBoundary","/arr","2"
"fap","array","unctl","remove(0)","class:ErrorBoundary","/arr/0","2"
"fap","array","unctl","remove(0)","class:ErrorBoundary","/arr/1","2"
"fap","array","unctl","remove(0)","class:ErrorBoundary","/arr/2","2"
"fap","array","unctl","remove(0)","class:ErrorBoundary","/arr/3","2"
"fap","array","unctl","remove(0)","RendererWithErrorMessage","","1"
"fap","array","unctl","remove(0)","RendererWithErrorMessage","/arr","1"
"fap","array","unctl","remove(0)","RendererWithErrorMessage","/arr/0","1"
"fap","array","unctl","remove(0)","RendererWithErrorMessage","/arr/1","1"
"fap","array","unctl","remove(0)","RendererWithErrorMessage","/arr/2","1"
"fap","array","unctl","remove(0)","RendererWithErrorMessage","/arr/3","1"
"fap","array","unctl","remove(0)","memo:FormGroupRenderer","","1"
"fap","array","unctl","remove(0)","memo:FormGroupRenderer","/arr","1"
"fap","array","unctl","remove(0)","memo:FormGroupRenderer","/arr/0","1"
"fap","array","unctl","remove(0)","memo:FormGroupRenderer","/arr/1","1"
"fap","array","unctl","remove(0)","memo:FormGroupRenderer","/arr/2","1"
"fap","array","unctl","remove(0)","memo:FormGroupRenderer","/arr/3","1"
"fap","array","unctl","remove(0)","Anonymous","","1"
"fap","array","unctl","remove(0)","Anonymous","/arr","1"
"fap","array","unctl","remove(0)","Anonymous","/arr/0","1"
"fap","array","unctl","remove(0)","Anonymous","/arr/1","1"
"fap","array","unctl","remove(0)","Anonymous","/arr/2","1"
"fap","array","unctl","remove(0)","Anonymous","/arr/3","1"
"fap","array","unctl","remove(0)","memo:Anonymous","","1"
"fap","array","unctl","remove(0)","memo:Anonymous","/arr","1"
"fap","array","unctl","remove(0)","memo:Anonymous","/arr/0","1"
"fap","array","unctl","remove(0)","memo:Anonymous","/arr/1","1"
"fap","array","unctl","remove(0)","memo:Anonymous","/arr/2","1"
"fap","array","unctl","remove(0)","memo:Anonymous","/arr/3","1"
"fap","array","unctl","remove(0)","FormTypeInputBoundary","","1"
"fap","array","unctl","remove(0)","FormTypeInputBoundary","/arr","1"
"fap","array","unctl","remove(0)","FormTypeInputBoundary","/arr/0","1"
"fap","array","unctl","remove(0)","FormTypeInputBoundary","/arr/1","1"
"fap","array","unctl","remove(0)","FormTypeInputBoundary","/arr/2","1"
"fap","array","unctl","remove(0)","FormTypeInputBoundary","/arr/3","1"
"fap","array","unctl","remove(0)","Input","","1"
"fap","array","unctl","remove(0)","Input","/arr","1"
"fap","array","unctl","remove(0)","Input","/arr/0","1"
"fap","array","unctl","remove(0)","Input","/arr/1","1"
"fap","array","unctl","remove(0)","Input","/arr/2","1"
"fap","array","unctl","remove(0)","Input","/arr/3","1"
"fap","array","unctl","remove(0)","FormTypeInputObject","","1"
"fap","array","unctl","remove(0)","FormTypeInputArray","/arr","1"
"fap","array","unctl","remove(0)","memo:ArrayItems2","/arr","1"
"fap","array","unctl","remove(0)","UnctlInput","/arr/0","1"
"fap","array","unctl","remove(0)","UnctlInput","/arr/1","1"
"fap","array","unctl","remove(0)","UnctlInput","/arr/2","1"
"fap","array","unctl","remove(0)","UnctlInput","/arr/3","1"
"fap","array","unctl","remove(0)","Button","/arr","5"
"base","array","unctl","remove(last)","SchemaNodeField","","1"
"base","array","unctl","remove(last)","SchemaNodeField","/arr","1"
"base","array","unctl","remove(last)","memo:Anonymous","","2"
"base","array","unctl","remove(last)","memo:Anonymous","/arr","2"
"base","array","unctl","remove(last)","class:ErrorBoundary","","2"
"base","array","unctl","remove(last)","class:ErrorBoundary","/arr","2"
"base","array","unctl","remove(last)","FormGroupRenderer","","1"
"base","array","unctl","remove(last)","FormGroupRenderer","/arr","1"
"base","array","unctl","remove(last)","Anonymous","","2"
"base","array","unctl","remove(last)","Anonymous","/arr","2"
"base","array","unctl","remove(last)","Input","","1"
"base","array","unctl","remove(last)","Input","/arr","1"
"base","array","unctl","remove(last)","FormTypeInputObject","","1"
"base","array","unctl","remove(last)","FormTypeInputArray","/arr","1"
"base","array","unctl","remove(last)","memo:ArrayItems2","/arr","1"
"base","array","unctl","remove(last)","Button","/arr","4"
"fap","array","unctl","remove(last)","SchemaNodeProxy","(form)","1"
"fap","array","unctl","remove(last)","SchemaNodeProxy","/arr","1"
"fap","array","unctl","remove(last)","class:ErrorBoundary","","2"
"fap","array","unctl","remove(last)","class:ErrorBoundary","/arr","2"
"fap","array","unctl","remove(last)","RendererWithErrorMessage","","1"
"fap","array","unctl","remove(last)","RendererWithErrorMessage","/arr","1"
"fap","array","unctl","remove(last)","memo:FormGroupRenderer","","1"
"fap","array","unctl","remove(last)","memo:FormGroupRenderer","/arr","1"
"fap","array","unctl","remove(last)","Anonymous","","1"
"fap","array","unctl","remove(last)","Anonymous","/arr","1"
"fap","array","unctl","remove(last)","memo:Anonymous","","1"
"fap","array","unctl","remove(last)","memo:Anonymous","/arr","1"
"fap","array","unctl","remove(last)","FormTypeInputBoundary","","1"
"fap","array","unctl","remove(last)","FormTypeInputBoundary","/arr","1"
"fap","array","unctl","remove(last)","Input","","1"
"fap","array","unctl","remove(last)","Input","/arr","1"
"fap","array","unctl","remove(last)","FormTypeInputObject","","1"
"fap","array","unctl","remove(last)","FormTypeInputArray","/arr","1"
"fap","array","unctl","remove(last)","memo:ArrayItems2","/arr","1"
"fap","array","unctl","remove(last)","Button","/arr","4"
"base","array","unctl","replace setValue (+1 item)","SchemaNodeField","","1"
"base","array","unctl","replace setValue (+1 item)","SchemaNodeField","/arr","1"
"base","array","unctl","replace setValue (+1 item)","SchemaNodeField","/arr/3","1"
"base","array","unctl","replace setValue (+1 item)","memo:Anonymous","","2"
"base","array","unctl","replace setValue (+1 item)","memo:Anonymous","/arr","3"
"base","array","unctl","replace setValue (+1 item)","memo:Anonymous","/arr/3","2"
"base","array","unctl","replace setValue (+1 item)","class:ErrorBoundary","","2"
"base","array","unctl","replace setValue (+1 item)","class:ErrorBoundary","/arr","2"
"base","array","unctl","replace setValue (+1 item)","class:ErrorBoundary","/arr/3","3"
"base","array","unctl","replace setValue (+1 item)","FormGroupRenderer","","1"
"base","array","unctl","replace setValue (+1 item)","FormGroupRenderer","/arr","1"
"base","array","unctl","replace setValue (+1 item)","FormGroupRenderer","/arr/3","1"
"base","array","unctl","replace setValue (+1 item)","Anonymous","","2"
"base","array","unctl","replace setValue (+1 item)","Anonymous","/arr","2"
"base","array","unctl","replace setValue (+1 item)","Anonymous","/arr/3","3"
"base","array","unctl","replace setValue (+1 item)","Input","","1"
"base","array","unctl","replace setValue (+1 item)","Input","/arr","1"
"base","array","unctl","replace setValue (+1 item)","Input","/arr/3","1"
"base","array","unctl","replace setValue (+1 item)","FormTypeInputObject","","1"
"base","array","unctl","replace setValue (+1 item)","FormTypeInputArray","/arr","1"
"base","array","unctl","replace setValue (+1 item)","memo:ArrayItems2","/arr","1"
"base","array","unctl","replace setValue (+1 item)","Button","/arr","5"
"base","array","unctl","replace setValue (+1 item)","SchemaNodeProxy","/arr/3","1"
"base","array","unctl","replace setValue (+1 item)","UnctlInput","/arr/3","1"
"fap","array","unctl","replace setValue (+1 item)","SchemaNodeProxy","(form)","1"
"fap","array","unctl","replace setValue (+1 item)","SchemaNodeProxy","/arr","1"
"fap","array","unctl","replace setValue (+1 item)","SchemaNodeProxy","/arr/3","1"
"fap","array","unctl","replace setValue (+1 item)","class:ErrorBoundary","","2"
"fap","array","unctl","replace setValue (+1 item)","class:ErrorBoundary","/arr","2"
"fap","array","unctl","replace setValue (+1 item)","class:ErrorBoundary","/arr/3","2"
"fap","array","unctl","replace setValue (+1 item)","RendererWithErrorMessage","","1"
"fap","array","unctl","replace setValue (+1 item)","RendererWithErrorMessage","/arr","1"
"fap","array","unctl","replace setValue (+1 item)","RendererWithErrorMessage","/arr/3","1"
"fap","array","unctl","replace setValue (+1 item)","memo:FormGroupRenderer","","1"
"fap","array","unctl","replace setValue (+1 item)","memo:FormGroupRenderer","/arr","1"
"fap","array","unctl","replace setValue (+1 item)","memo:FormGroupRenderer","/arr/3","1"
"fap","array","unctl","replace setValue (+1 item)","Anonymous","","1"
"fap","array","unctl","replace setValue (+1 item)","Anonymous","/arr","1"
"fap","array","unctl","replace setValue (+1 item)","Anonymous","/arr/3","1"
"fap","array","unctl","replace setValue (+1 item)","memo:Anonymous","","1"
"fap","array","unctl","replace setValue (+1 item)","memo:Anonymous","/arr","2"
"fap","array","unctl","replace setValue (+1 item)","memo:Anonymous","/arr/3","1"
"fap","array","unctl","replace setValue (+1 item)","FormTypeInputBoundary","","1"
"fap","array","unctl","replace setValue (+1 item)","FormTypeInputBoundary","/arr","1"
"fap","array","unctl","replace setValue (+1 item)","FormTypeInputBoundary","/arr/3","1"
"fap","array","unctl","replace setValue (+1 item)","Input","","1"
"fap","array","unctl","replace setValue (+1 item)","Input","/arr","1"
"fap","array","unctl","replace setValue (+1 item)","Input","/arr/3","1"
"fap","array","unctl","replace setValue (+1 item)","FormTypeInputObject","","1"
"fap","array","unctl","replace setValue (+1 item)","FormTypeInputArray","/arr","1"
"fap","array","unctl","replace setValue (+1 item)","memo:ArrayItems2","/arr","1"
"fap","array","unctl","replace setValue (+1 item)","Button","/arr","5"
"fap","array","unctl","replace setValue (+1 item)","UnctlInput","/arr/3","1"
"base","array","unctl","replace setValue (all new values)","SchemaNodeField","","1"
"base","array","unctl","replace setValue (all new values)","SchemaNodeField","/arr","1"
"base","array","unctl","replace setValue (all new values)","SchemaNodeField","/arr/0","1"
"base","array","unctl","replace setValue (all new values)","SchemaNodeField","/arr/1","1"
"base","array","unctl","replace setValue (all new values)","SchemaNodeField","/arr/2","1"
"base","array","unctl","replace setValue (all new values)","SchemaNodeField","/arr/3","1"
"base","array","unctl","replace setValue (all new values)","memo:Anonymous","","2"
"base","array","unctl","replace setValue (all new values)","memo:Anonymous","/arr","2"
"base","array","unctl","replace setValue (all new values)","memo:Anonymous","/arr/0","2"
"base","array","unctl","replace setValue (all new values)","memo:Anonymous","/arr/1","2"
"base","array","unctl","replace setValue (all new values)","memo:Anonymous","/arr/2","2"
"base","array","unctl","replace setValue (all new values)","memo:Anonymous","/arr/3","2"
"base","array","unctl","replace setValue (all new values)","class:ErrorBoundary","","2"
"base","array","unctl","replace setValue (all new values)","class:ErrorBoundary","/arr","2"
"base","array","unctl","replace setValue (all new values)","class:ErrorBoundary","/arr/0","2"
"base","array","unctl","replace setValue (all new values)","class:ErrorBoundary","/arr/1","2"
"base","array","unctl","replace setValue (all new values)","class:ErrorBoundary","/arr/2","2"
"base","array","unctl","replace setValue (all new values)","class:ErrorBoundary","/arr/3","2"
"base","array","unctl","replace setValue (all new values)","FormGroupRenderer","","1"
"base","array","unctl","replace setValue (all new values)","FormGroupRenderer","/arr","1"
"base","array","unctl","replace setValue (all new values)","FormGroupRenderer","/arr/0","1"
"base","array","unctl","replace setValue (all new values)","FormGroupRenderer","/arr/1","1"
"base","array","unctl","replace setValue (all new values)","FormGroupRenderer","/arr/2","1"
"base","array","unctl","replace setValue (all new values)","FormGroupRenderer","/arr/3","1"
"base","array","unctl","replace setValue (all new values)","Anonymous","","2"
"base","array","unctl","replace setValue (all new values)","Anonymous","/arr","2"
"base","array","unctl","replace setValue (all new values)","Anonymous","/arr/0","2"
"base","array","unctl","replace setValue (all new values)","Anonymous","/arr/1","2"
"base","array","unctl","replace setValue (all new values)","Anonymous","/arr/2","2"
"base","array","unctl","replace setValue (all new values)","Anonymous","/arr/3","2"
"base","array","unctl","replace setValue (all new values)","Input","","1"
"base","array","unctl","replace setValue (all new values)","Input","/arr","1"
"base","array","unctl","replace setValue (all new values)","Input","/arr/0","1"
"base","array","unctl","replace setValue (all new values)","Input","/arr/1","1"
"base","array","unctl","replace setValue (all new values)","Input","/arr/2","1"
"base","array","unctl","replace setValue (all new values)","Input","/arr/3","1"
"base","array","unctl","replace setValue (all new values)","FormTypeInputObject","","1"
"base","array","unctl","replace setValue (all new values)","FormTypeInputArray","/arr","1"
"base","array","unctl","replace setValue (all new values)","UnctlInput","/arr/0","1"
"base","array","unctl","replace setValue (all new values)","UnctlInput","/arr/1","1"
"base","array","unctl","replace setValue (all new values)","UnctlInput","/arr/2","1"
"base","array","unctl","replace setValue (all new values)","UnctlInput","/arr/3","1"
"fap","array","unctl","replace setValue (all new values)","SchemaNodeProxy","(form)","1"
"fap","array","unctl","replace setValue (all new values)","SchemaNodeProxy","/arr","1"
"fap","array","unctl","replace setValue (all new values)","SchemaNodeProxy","/arr/0","1"
"fap","array","unctl","replace setValue (all new values)","SchemaNodeProxy","/arr/1","1"
"fap","array","unctl","replace setValue (all new values)","SchemaNodeProxy","/arr/2","1"
"fap","array","unctl","replace setValue (all new values)","SchemaNodeProxy","/arr/3","1"
"fap","array","unctl","replace setValue (all new values)","class:ErrorBoundary","","2"
"fap","array","unctl","replace setValue (all new values)","class:ErrorBoundary","/arr","2"
"fap","array","unctl","replace setValue (all new values)","class:ErrorBoundary","/arr/0","2"
"fap","array","unctl","replace setValue (all new values)","class:ErrorBoundary","/arr/1","2"
"fap","array","unctl","replace setValue (all new values)","class:ErrorBoundary","/arr/2","2"
"fap","array","unctl","replace setValue (all new values)","class:ErrorBoundary","/arr/3","2"
"fap","array","unctl","replace setValue (all new values)","RendererWithErrorMessage","","1"
"fap","array","unctl","replace setValue (all new values)","RendererWithErrorMessage","/arr","1"
"fap","array","unctl","replace setValue (all new values)","RendererWithErrorMessage","/arr/0","1"
"fap","array","unctl","replace setValue (all new values)","RendererWithErrorMessage","/arr/1","1"
"fap","array","unctl","replace setValue (all new values)","RendererWithErrorMessage","/arr/2","1"
"fap","array","unctl","replace setValue (all new values)","RendererWithErrorMessage","/arr/3","1"
"fap","array","unctl","replace setValue (all new values)","memo:FormGroupRenderer","","1"
"fap","array","unctl","replace setValue (all new values)","memo:FormGroupRenderer","/arr","1"
"fap","array","unctl","replace setValue (all new values)","memo:FormGroupRenderer","/arr/0","1"
"fap","array","unctl","replace setValue (all new values)","memo:FormGroupRenderer","/arr/1","1"
"fap","array","unctl","replace setValue (all new values)","memo:FormGroupRenderer","/arr/2","1"
"fap","array","unctl","replace setValue (all new values)","memo:FormGroupRenderer","/arr/3","1"
"fap","array","unctl","replace setValue (all new values)","Anonymous","","1"
"fap","array","unctl","replace setValue (all new values)","Anonymous","/arr","1"
"fap","array","unctl","replace setValue (all new values)","Anonymous","/arr/0","1"
"fap","array","unctl","replace setValue (all new values)","Anonymous","/arr/1","1"
"fap","array","unctl","replace setValue (all new values)","Anonymous","/arr/2","1"
"fap","array","unctl","replace setValue (all new values)","Anonymous","/arr/3","1"
"fap","array","unctl","replace setValue (all new values)","memo:Anonymous","","1"
"fap","array","unctl","replace setValue (all new values)","memo:Anonymous","/arr","1"
"fap","array","unctl","replace setValue (all new values)","memo:Anonymous","/arr/0","1"
"fap","array","unctl","replace setValue (all new values)","memo:Anonymous","/arr/1","1"
"fap","array","unctl","replace setValue (all new values)","memo:Anonymous","/arr/2","1"
"fap","array","unctl","replace setValue (all new values)","memo:Anonymous","/arr/3","1"
"fap","array","unctl","replace setValue (all new values)","FormTypeInputBoundary","","1"
"fap","array","unctl","replace setValue (all new values)","FormTypeInputBoundary","/arr","1"
"fap","array","unctl","replace setValue (all new values)","FormTypeInputBoundary","/arr/0","1"
"fap","array","unctl","replace setValue (all new values)","FormTypeInputBoundary","/arr/1","1"
"fap","array","unctl","replace setValue (all new values)","FormTypeInputBoundary","/arr/2","1"
"fap","array","unctl","replace setValue (all new values)","FormTypeInputBoundary","/arr/3","1"
"fap","array","unctl","replace setValue (all new values)","Input","","1"
"fap","array","unctl","replace setValue (all new values)","Input","/arr","1"
"fap","array","unctl","replace setValue (all new values)","Input","/arr/0","1"
"fap","array","unctl","replace setValue (all new values)","Input","/arr/1","1"
"fap","array","unctl","replace setValue (all new values)","Input","/arr/2","1"
"fap","array","unctl","replace setValue (all new values)","Input","/arr/3","1"
"fap","array","unctl","replace setValue (all new values)","FormTypeInputObject","","1"
"fap","array","unctl","replace setValue (all new values)","FormTypeInputArray","/arr","1"
"fap","array","unctl","replace setValue (all new values)","UnctlInput","/arr/0","1"
"fap","array","unctl","replace setValue (all new values)","UnctlInput","/arr/1","1"
"fap","array","unctl","replace setValue (all new values)","UnctlInput","/arr/2","1"
"fap","array","unctl","replace setValue (all new values)","UnctlInput","/arr/3","1"
