{
  "timestamp": "2026-05-28T17-07-34-091Z",
  "repeat": 1,
  "versions": [
    "latest"
  ],
  "runs": [
    [
      {
        "name": "@canard/schema-form@latest - Form Rendering v2",
        "hz": 536.4342909638727,
        "stats": {
          "mean": 0.001864161215725389,
          "deviation": 0.000506262845611366
        }
      }
    ]
  ],
  "aggregate": [
    {
      "name": "@canard/schema-form@latest - Form Rendering v2",
      "runs": 1,
      "meanHz": 536.4342909638727,
      "stdHz": 0,
      "relStd": 0,
      "samples": [
        536.4342909638727
      ]
    }
  ]
}